datetime,precip,temp,pressure,humidity_perc,windspeed,sw,pressure_Pa,temp_K,spechum,wind_ms_3m,LW_wm2
2013-11-01 00:00:00,0.0,4.95,1024.725,99.5,0.4,0,102472.49999999999,278.09999999999997,0.005249921494286061,0.13333333333333333,323.615
2013-11-01 01:00:00,0.0,4.675,1024.4,99.7,0.4,0,102440.00000000001,277.825,0.005162126113813233,0.13333333333333333,323.615
2013-11-01 02:00:00,0.0,4.125,1024.125,99.7,0.5,0,102412.5,277.275,0.004968457779472104,0.16666666666666666,323.652
2013-11-01 03:00:00,0.0,3.525,1023.8,99.9,0.5,0,102380.0,276.67499999999995,0.004774203278517921,0.16666666666666666,323.645
2013-11-01 04:00:00,0.0,3.575,1023.525,100.0,0.6,0,102352.5,276.72499999999997,0.004797145539180204,0.19999999999999998,323.723
2013-11-01 05:00:00,0.0,3.4,1023.55,100.0,0.7,0,102355.0,276.54999999999995,0.004738182166685409,0.2333333333333333,323.822
2013-11-01 06:00:00,0.0,3.0,1023.425,100.0,0.8,0,102342.5,276.15,0.004606632492723307,0.26666666666666666,292.376
2013-11-01 07:00:00,0.1,3.45,1023.575,100.0,0.7,3,102357.5,276.59999999999997,0.004754813668987495,0.2333333333333333,292.455
2013-11-01 08:00:00,0.1,4.675,1023.675,99.6,0.7,78,102367.5,277.825,0.0051606007737000185,0.2333333333333333,292.573
2013-11-01 09:00:00,0.0,6.525,1023.475,96.2,0.7,491,102347.5,279.67499999999995,0.005667780554814424,0.2333333333333333,291.089
2013-11-01 10:00:00,0.0,7.675,1022.975,89.1,0.8,1493,102297.5,280.825,0.005682587469055575,0.26666666666666666,291.089
2013-11-01 11:00:00,0.2,9.6,1022.7,83.5,0.8,2072,102270.0,282.75,0.006068119830650682,0.26666666666666666,291.096
2013-11-01 12:00:00,0.0,11.05,1021.925,73.8,0.6,1747,102192.5,284.2,0.0059130118026931,0.19999999999999998,302.965
2013-11-01 13:00:00,0.0,10.875,1021.25,70.2,0.7,1555,102125.0,284.025,0.005563219937485141,0.2333333333333333,302.965
2013-11-01 14:00:00,0.0,9.45,1020.7,74.3,0.4,723,102070.0,282.59999999999997,0.005355851688386778,0.13333333333333333,303.048
2013-11-01 15:00:00,0.04,8.05,1020.25,82.1,0.4,83,102025.0,281.2,0.005385927210722465,0.13333333333333333,298.93
2013-11-01 16:00:00,0.03,7.025,1019.45,87.4,0.5,31,101945.0,280.17499999999995,0.005350283529609151,0.16666666666666666,310.235
2013-11-01 17:00:00,0.0,6.525,1019.025,89.9,0.5,0,101902.5,279.67499999999995,0.005319735586905572,0.16666666666666666,310.215
2013-11-01 18:00:00,0.09,6.425,1018.8,91.7,0.5,0,101880.0,279.575,0.005390204110323454,0.16666666666666666,310.215
2013-11-01 19:00:00,0.0,6.575,1017.9,91.6,0.6,0,101790.0,279.72499999999997,0.005445024612259473,0.19999999999999998,292.136
2013-11-01 20:00:00,0.04,6.875,1017.35,91.7,0.5,0,101735.0,280.025,0.005567518466332716,0.16666666666666666,292.116
2013-11-01 21:00:00,0.0,7.025,1017.05,92.0,0.5,0,101705.0,280.17499999999995,0.005645167312335261,0.16666666666666666,292.059
2013-11-01 22:00:00,0.0,6.6,1016.3,93.4,0.4,0,101630.0,279.75,0.005570335604607116,0.13333333333333333,238.472
2013-11-01 23:00:00,0.0,7.05,1015.35,94.0,0.5,0,101535.0,280.2,0.005787454873198685,0.16666666666666666,238.478
2013-11-02 00:00:00,0.0,7.825,1014.55,87.7,0.6,0,101455.0,280.97499999999997,0.005697702214610131,0.19999999999999998,238.478
2013-11-02 01:00:00,0.0,7.275,1013.525,84.0,0.4,0,101352.5,280.42499999999995,0.005261527698301419,0.13333333333333333,248.248
2013-11-02 02:00:00,1.29,7.2,1013.15,84.4,0.6,0,101315.0,280.34999999999997,0.005261463620509003,0.19999999999999998,248.248
2013-11-02 03:00:00,4.13,6.425000000000001,1012.225,89.7,1.0,0,101222.5,279.575,0.005306891337364718,0.3333333333333333,248.248
2013-11-02 04:00:00,4.08,6.2,1010.975,95.0,1.0,0,101097.5,279.34999999999997,0.005540779704083903,0.3333333333333333,313.318
2013-11-02 05:00:00,4.67,5.775,1011.525,96.7,1.1,0,101152.5,278.92499999999995,0.005473671107988443,0.3666666666666667,313.318
2013-11-02 06:00:00,0.98,3.8,1012.25,97.6,2.1,0,101225.0,276.95,0.004809770429266278,0.7000000000000001,313.318
2013-11-02 07:00:00,0.36,3.475,1012.275,98.3,1.6,2,101227.5,276.625,0.00473450003974058,0.5333333333333333,326.685
2013-11-02 08:00:00,1.25,3.1,1013.525,99.0,1.7,21,101352.5,276.25,0.0046378250221705275,0.5666666666666667,326.74
2013-11-02 09:00:00,4.87,2.1,1013.775,99.4,1.5,5,101377.5,275.25,0.004336160681418443,0.5,326.74
2013-11-02 10:00:00,2.9000000000000004,1.15,1015.05,99.8,1.4,45,101505.0,274.29999999999995,0.004062184343134827,0.4666666666666666,332.175
2013-11-02 11:00:00,0.2,0.8999999999999999,1015.575,99.9,1.3,477,101557.5,274.04999999999995,0.003991692594176755,0.43333333333333335,332.175
2013-11-02 12:00:00,0.06,0.85,1016.05,99.9,1.0,345,101605.0,274.0,0.003975479396361029,0.3333333333333333,332.175
2013-11-02 13:00:00,1.1,0.55,1015.8,99.8,1.0,146,101580.0,273.7,0.0038874154286678377,0.3333333333333333,330.829
2013-11-02 14:00:00,0.28,-0.175,1016.275,99.7,0.9,169,101627.5,272.97499999999997,0.003683061899115068,0.3,330.748
2013-11-02 15:00:00,1.01,-0.15,1016.55,100.0,0.7,74,101655.0,273.0,0.0036998600173693066,0.2333333333333333,330.748
2013-11-02 16:00:00,1.6700000000000002,-0.275,1016.45,100.0,1.3,0,101645.0,272.875,0.003666753505880042,0.43333333333333335,313.305
2013-11-02 17:00:00,1.39,-0.6,1016.55,100.0,1.0,0,101655.0,272.54999999999995,0.0035806312580574534,0.3333333333333333,313.244
2013-11-02 18:00:00,0.05,-0.7,1016.375,100.0,0.2,0,101637.5,272.45,0.0035552155991786334,0.06666666666666667,313.187
2013-11-02 19:00:00,0.91,-0.875,1017.1,100.0,0.0,0,101710.0,272.275,0.003507560992728785,0.0,280.226
2013-11-02 20:00:00,2.3,-1.2,1017.425,100.0,0.0,0,101742.5,271.95,0.003424018877981724,0.0,280.165
2013-11-02 21:00:00,0.6000000000000001,-1.15,1017.4,100.0,0.0,0,101740.0,272.0,0.003436670595350931,0.0,280.165
2013-11-02 22:00:00,0.6,-1.125,1017.1,100.0,0.0,0,101710.0,272.025,0.0034439852467526236,0.0,288.728
2013-11-02 23:00:00,1.0,-1.025,1016.475,100.0,0.0,0,101647.5,272.125,0.0034714249490285197,0.0,288.794
2013-11-03 00:00:00,0.9,-1.125,1016.9,100.0,0.0,0,101690.0,272.025,0.003444662596589727,0.0,288.794
2013-11-03 01:00:00,1.6,-1.2,1017.025,100.0,0.0,0,101702.5,271.95,0.0034253655583004893,0.0,286.749
2013-11-03 02:00:00,1.1,-1.25,1016.725,100.0,0.0,0,101672.5,271.9,0.0034138411656020984,0.0,286.749
2013-11-03 03:00:00,0.0,-1.425,1017.075,100.0,0.0,0,101707.5,271.72499999999997,0.0033691283763814376,0.0,286.81
2013-11-03 04:00:00,0.9,-1.625,1016.975,100.0,0.0,0,101697.5,271.525,0.0033203013067306126,0.0,286.493
2013-11-03 05:00:00,1.0,-1.6,1017.2,100.0,0.0,0,101720.0,271.54999999999995,0.003325675297935246,0.0,286.493
2013-11-03 06:00:00,0.2,-1.875,1017.675,100.0,0.0,0,101767.5,271.275,0.0032575069527112444,0.0,286.493
2013-11-03 07:00:00,0.0,-2.0,1018.15,100.0,0.0,0,101815.0,271.15,0.0032261148746154356,0.0,306.856
2013-11-03 08:00:00,0.4,-1.8,1018.625,100.0,0.0,23,101862.5,271.34999999999997,0.003272501523689553,0.0,306.941
2013-11-03 09:00:00,0.8,-1.4,1018.975,100.0,0.0,206,101897.5,271.75,0.0033690240726710944,0.0,306.995
2013-11-03 10:00:00,0.3,-1.175,1019.175,100.0,0.0,331,101917.5,271.97499999999997,0.0034244073288716877,0.0,328.957
2013-11-03 11:00:00,0.5,-0.5,1019.125,100.0,0.0,508,101912.5,272.65,0.003597714584081368,0.0,328.957
2013-11-03 12:00:00,0.1,-0.4,1018.725,100.0,0.0,365,101872.5,272.75,0.0036254374121688433,0.0,328.957
2013-11-03 13:00:00,0.3,-0.35,1018.075,100.0,0.4,192,101807.5,272.79999999999995,0.003640979507082838,0.13333333333333333,336.531
2013-11-03 14:00:00,0.6000000000000001,-0.6749999999999999,1018.5,100.0,0.6,69,101850.0,272.47499999999997,0.0035542767021082403,0.19999999999999998,336.531
2013-11-03 15:00:00,0.5,-0.75,1018.525,100.0,0.6,56,101852.5,272.4,0.003534785228012316,0.19999999999999998,336.531
2013-11-03 16:00:00,0.9,-0.8250000000000001,1018.325,100.0,0.4,0,101832.5,272.325,0.003516165479658313,0.13333333333333333,333.659
2013-11-03 17:00:00,0.2,-0.9,1017.925,100.0,0.3,0,101792.5,272.25,0.003498319308925705,0.09999999999999999,333.515
2013-11-03 18:00:00,1.4,-0.9,1018.0,100.0,0.2,0,101800.0,272.25,0.0034980615742025525,0.06666666666666667,333.515
2013-11-03 19:00:00,0.8,-0.975,1018.025,100.0,0.4,0,101802.5,272.17499999999995,0.003478842990556459,0.13333333333333333,327.26
2013-11-03 20:00:00,0.5,-1.0,1018.125,100.0,0.2,0,101812.5,272.15,0.0034721450293392015,0.06666666666666667,327.32
2013-11-03 21:00:00,1.1,-1.0750000000000002,1018.575,100.0,0.3,0,101857.5,272.075,0.003451612432982887,0.09999999999999999,327.314
2013-11-03 22:00:00,0.2,-1.05,1018.275,100.0,0.2,0,101827.5,272.09999999999997,0.003458953791404159,0.06666666666666667,331.283
2013-11-03 23:00:00,0.9,-1.125,1017.9,100.0,0.2,0,101790.0,272.025,0.0034412785091581626,0.06666666666666667,331.346
2013-11-04 00:00:00,0.7999999999999999,-1.25,1018.325,100.0,0.2,0,101832.5,271.9,0.003408477312348016,0.06666666666666667,331.346
2013-11-04 01:00:00,0.3,-1.15,1018.275,100.0,0.0,0,101827.5,272.0,0.0034337174768211314,0.0,341.309
2013-11-04 02:00:00,0.8,-1.2,1018.0,100.0,0.0,0,101800.0,271.95,0.0034220848791066357,0.0,341.309
2013-11-04 03:00:00,0.8,-1.15,1017.9,100.0,0.0,0,101790.0,272.0,0.0034349824773652004,0.0,341.309
2013-11-04 04:00:00,1.1,-1.1,1018.2,100.0,0.0,0,101820.0,272.04999999999995,0.003446568990695264,0.0,321.745
2013-11-04 05:00:00,0.1,-1.025,1018.45,100.0,0.0,0,101845.0,272.125,0.003464693087597589,0.0,321.745
2013-11-04 06:00:00,1.0,-1.0,1018.65,100.0,0.0,0,101865.0,272.15,0.003470355527409782,0.0,321.67
2013-11-04 07:00:00,0.2,-0.95,1019.0,100.0,0.0,0,101900.0,272.2,0.00348187548792862,0.0,306.852
2013-11-04 08:00:00,0.8,-0.675,1019.075,100.0,0.0,48,101907.5,272.47499999999997,0.0035522712470595816,0.0,306.872
2013-11-04 09:00:00,1.0,-0.175,1019.35,100.0,0.0,360,101935.0,272.97499999999997,0.0036830004719836315,0.0,306.833
2013-11-04 10:00:00,0.0,-0.075,1019.6,100.0,0.0,320,101960.0,273.075,0.0037089420391341775,0.0,347.591
2013-11-04 11:00:00,0.0,0.075,1020.0,100.0,0.0,286,102000.0,273.22499999999997,0.003748064033048228,0.0,347.585
2013-11-04 12:00:00,0.0,-0.05,1019.925,100.0,0.4,213,101992.5,273.09999999999997,0.0037144962486044316,0.13333333333333333,347.666
2013-11-04 13:00:00,0.0,0.075,1019.675,100.0,0.7,153,101967.5,273.22499999999997,0.003749258649774872,0.2333333333333333,354.763
2013-11-04 14:00:00,0.0,0.25,1020.1,100.0,0.5,116,102010.0,273.4,0.003795528494999429,0.16666666666666666,354.763
2013-11-04 15:00:00,0.0,0.175,1019.675,100.0,0.75,15,101967.5,273.325,0.0037765366376653203,0.25,354.769
2013-11-04 16:00:00,0.3,0.1,1019.775,100.0,0.1,0,101977.5,273.25,0.003755693392626626,0.03333333333333333,342.923
2013-11-04 17:00:00,0.5,0.0,1019.925,100.0,0.1,0,101992.5,273.15,0.003728000949894642,0.03333333333333333,342.863
2013-11-04 18:00:00,0.1,0.0,1020.05,100.0,0.1,0,102005.0,273.15,0.0037275441094272756,0.03333333333333333,342.902
2013-11-04 19:00:00,0.0,0.0,1020.475,100.0,0.0,0,102047.5,273.15,0.003725991688989238,0.0,335.142
2013-11-04 20:00:00,0.0,0.025,1020.15,100.0,0.0,0,102015.0,273.17499999999995,0.0037339458891855054,0.0,335.128
2013-11-04 21:00:00,0.0,0.075,1019.95,100.0,0.1,0,101995.0,273.22499999999997,0.0037482477706840454,0.03333333333333333,335.128
2013-11-04 22:00:00,0.2,0.15,1020.45,100.0,0.1,0,102045.0,273.29999999999995,0.003766837723649088,0.03333333333333333,335.191
2013-11-04 23:00:00,0.4,0.075,1019.925,100.0,0.2,0,101992.5,273.22499999999997,0.0037483396462575113,0.06666666666666667,335.191
2013-11-05 00:00:00,1.2,0.1,1020.1,100.0,0.2,0,102010.0,273.25,0.0037544968429230638,0.06666666666666667,335.191
2013-11-05 01:00:00,0.0,0.075,1019.525,100.0,0.3,0,101952.5,273.22499999999997,0.0037498102682221547,0.09999999999999999,320.495
2013-11-05 02:00:00,1.5,0.125,1019.775,100.0,0.3,0,101977.5,273.275,0.0037625067340919006,0.09999999999999999,320.351
2013-11-05 03:00:00,1.8,0.275,1019.8,100.0,0.3,0,101980.0,273.42499999999995,0.0038035241974893486,0.09999999999999999,320.357
2013-11-05 04:00:00,2.4,0.25,1019.675,100.0,0.4,0,101967.5,273.4,0.003797110469266107,0.13333333333333333,303.488
2013-11-05 05:00:00,0.5,0.375,1019.725,100.0,0.5,0,101972.5,273.525,0.0038314332327685973,0.16666666666666666,303.488
2013-11-05 06:00:00,1.0,0.5,1019.875,100.0,0.6,0,101987.5,273.65,0.003865651347541417,0.19999999999999998,303.549
2013-11-05 07:00:00,2.5,1.1,1020.6,100.0,0.4,1,102060.0,274.25,0.004033663374123459,0.13333333333333333,295.54
2013-11-05 08:00:00,0.7,1.7,1020.675,100.0,0.5,21,102067.5,274.84999999999997,0.004210768742858472,0.16666666666666666,295.54
2013-11-05 09:00:00,2.1,2.35,1020.925,100.0,0.6,55,102092.5,275.5,0.0044096438964155585,0.19999999999999998,295.54
2013-11-05 10:00:00,0.7,2.375,1021.3,100.0,0.3,77,102130.0,275.525,0.0044158757032521125,0.09999999999999999,322.228
2013-11-05 11:00:00,0.6,3.2,1021.2,100.0,0.2,182,102120.0,276.34999999999997,0.004682463216041514,0.06666666666666667,322.356
2013-11-05 12:00:00,1.8,3.575,1021.325,100.0,0.4,175,102132.5,276.72499999999997,0.004807478900437587,0.13333333333333333,322.356
2013-11-05 13:00:00,1.6,3.85,1021.05,100.0,0.3,114,102105.0,277.0,0.004902783429971951,0.09999999999999999,304.155
2013-11-05 14:00:00,0.6,4.025,1021.275,100.0,0.6,21,102127.5,277.17499999999995,0.00496235776072426,0.19999999999999998,304.155
2013-11-05 15:00:00,0.8,4.475,1021.525,100.0,0.6,0,102152.5,277.625,0.005120133601545087,0.19999999999999998,304.074
2013-11-05 16:00:00,1.0,4.7,1021.5,100.0,0.9,0,102150.0,277.84999999999997,0.0052014335415423605,0.3,301.626
2013-11-05 17:00:00,1.1,4.925,1021.7,100.0,1.1,0,102170.0,278.075,0.005282710231958931,0.3666666666666667,301.606
2013-11-05 18:00:00,0.8,4.825,1022.325,100.0,1.2,0,102232.5,277.97499999999997,0.005242786446022614,0.39999999999999997,301.606
2013-11-05 19:00:00,0.7,4.75,1022.4,100.0,0.6,0,102240.0,277.9,0.0052150314488793904,0.19999999999999998,269.625
2013-11-05 20:00:00,0.6,4.8,1023.075,100.0,0.7,0,102307.5,277.95,0.005229811518566371,0.2333333333333333,269.555
2013-11-05 21:00:00,0.0,4.75,1023.2,100.0,0.5,0,102320.0,277.9,0.005210954020068695,0.16666666666666666,269.555
2013-11-05 22:00:00,0.0,5.1,1023.6,100.0,0.9,0,102360.0,278.25,0.005337585569794252,0.3,240.874
2013-11-05 23:00:00,0.0,4.95,1023.75,100.0,0.4,0,102375.0,278.09999999999997,0.0052813280598178036,0.13333333333333333,240.874
2013-11-06 00:00:00,0.7,4.925,1023.825,100.0,0.5,0,102382.5,278.075,0.005271745702627344,0.16666666666666666,240.874
2013-11-06 01:00:00,1.4,5.15,1024.05,100.0,0.4,0,102405.0,278.29999999999995,0.005353840618518164,0.13333333333333333,272.618
2013-11-06 02:00:00,0.0,5.1,1023.825,100.0,0.4,0,102382.5,278.25,0.005336412559999411,0.13333333333333333,272.618
2013-11-06 03:00:00,0.8,5.0,1023.975,100.0,0.5,0,102397.5,278.15,0.0052985984052386385,0.16666666666666666,272.618
2013-11-06 04:00:00,0.4,5.025,1023.775,100.0,0.4,0,102377.5,278.17499999999995,0.005308872051092631,0.13333333333333333,303.808
2013-11-06 05:00:00,0.6,5.475,1023.95,100.0,0.2,0,102395.0,278.625,0.005476683245764538,0.06666666666666667,303.813
2013-11-06 06:00:00,1.2,5.7,1024.35,100.0,0.2,0,102434.99999999999,278.84999999999997,0.005560635073573244,0.06666666666666667,303.813
2013-11-06 07:00:00,1.2,5.675,1024.4,100.0,0.3,0,102440.00000000001,278.825,0.005550739786279598,0.09999999999999999,296.635
2013-11-06 08:00:00,0.9,5.85,1024.775,100.0,0.2,17,102477.50000000001,279.0,0.005616361395496217,0.06666666666666667,296.635
2013-11-06 09:00:00,0.9,6.575,1025.525,100.0,0.2,118,102552.50000000001,279.72499999999997,0.005900152486407714,0.06666666666666667,296.693
2013-11-06 10:00:00,0.0,6.65,1025.275,100.0,0.5,241,102527.50000000001,279.79999999999995,0.005932113356536482,0.16666666666666666,314.717
2013-11-06 11:00:00,0.0,7.225,1025.1,100.0,0.2,336,102509.99999999999,280.375,0.00617184263485253,0.06666666666666667,314.717
2013-11-06 12:00:00,0.0,7.625,1024.675,100.0,0.2,418,102467.5,280.775,0.006345503264368958,0.06666666666666667,314.717
2013-11-06 13:00:00,0.0,8.35,1024.25,99.8,0.2,658,102425.0,281.5,0.006655751514324625,0.06666666666666667,313.197
2013-11-06 14:00:00,0.0,8.45,1023.825,99.6,0.2,562,102382.5,281.59999999999997,0.006690383174752986,0.06666666666666667,313.257
2013-11-06 15:00:00,0.0,7.95,1023.825,99.5,0.1,233,102382.5,281.09999999999997,0.006460513670052108,0.03333333333333333,313.257
2013-11-06 16:00:00,0.0,7.05,1023.3,99.3,0.1,28,102330.0,280.2,0.006066271053978232,0.03333333333333333,245.86
2013-11-06 17:00:00,0.0,6.825,1023.35,99.6,0.3,0,102335.0,279.97499999999997,0.0059911080111794135,0.09999999999999999,245.808
2013-11-06 18:00:00,0.0,6.825,1022.9,99.7,0.4,0,102290.0,279.97499999999997,0.005999761468486844,0.13333333333333333,245.711
2013-11-06 19:00:00,0.0,6.8,1022.6,99.8,0.5,0,102260.0,279.95,0.005997236518863333,0.16666666666666666,273.118
2013-11-06 20:00:00,0.0,6.5,1022.375,99.8,0.5,0,102237.5,279.65,0.0058760859885386854,0.16666666666666666,273.199
2013-11-06 21:00:00,0.0,6.574999999999999,1021.95,99.9,0.5,0,102195.0,279.72499999999997,0.005914871691124467,0.16666666666666666,273.199
2013-11-06 22:00:00,0.0,6.574999999999999,1021.85,99.9,0.5,0,102185.0,279.72499999999997,0.005915450530649948,0.16666666666666666,302.02
2013-11-06 23:00:00,0.0,6.425000000000001,1021.05,99.9,0.4,0,102105.0,279.575,0.005859267017770947,0.13333333333333333,302.02
2013-11-07 00:00:00,0.0,6.25,1020.65,100.0,0.5,0,102065.0,279.4,0.005797076621782939,0.16666666666666666,302.02
2013-11-07 01:00:00,0.0,6.3,1019.925,100.0,0.4,0,101992.5,279.45,0.005821236312620733,0.13333333333333333,298.333
2013-11-07 02:00:00,0.0,6.45,1019.125,100.0,0.3,0,101912.5,279.59999999999997,0.005886337727362984,0.09999999999999999,298.333
2013-11-07 03:00:00,0.0,6.45,1018.4,100.0,0.2,0,101840.0,279.59999999999997,0.0058905282172022795,0.06666666666666667,298.273
2013-11-07 04:00:00,0.4,6.225,1017.95,100.0,0.2,0,101795.0,279.375,0.005802436758288238,0.06666666666666667,299.137
2013-11-07 05:00:00,0.0,6.725,1017.75,100.0,0.7,0,101775.0,279.875,0.006006862300118772,0.2333333333333333,299.137
2013-11-07 06:00:00,0.0,6.775,1017.05,99.4,1.1,0,101705.0,279.92499999999995,0.005995491262496875,0.3666666666666667,299.137
2013-11-07 07:00:00,2.8,6.5,1016.375,98.6,0.9,0,101637.5,279.65,0.005839703043777174,0.3,288.259
2013-11-07 08:00:00,2.0,6.25,1015.85,99.0,1.2,0,101585.0,279.4,0.005766223745122341,0.39999999999999997,288.259
2013-11-07 09:00:00,4.9,6.025,1015.275,99.4,1.4,0,101527.5,279.17499999999995,0.005703507361907368,0.4666666666666666,288.259
2013-11-07 10:00:00,6.5,5.15,1015.25,99.6,1.1,7,101525.0,278.29999999999995,0.005378645735978282,0.3666666666666667,271.857
2013-11-07 11:00:00,3.5,1.6,1016.3,99.6,1.8,33,101630.0,274.75,0.004181932588577327,0.6,271.877
2013-11-07 12:00:00,6.5,1.6,1016.0,100.0,1.2,61,101600.0,274.75,0.0041999672803133175,0.39999999999999997,272.001
2013-11-07 13:00:00,1.8,1.825,1016.325,100.0,1.3,33,101632.5,274.97499999999997,0.004266770274483695,0.43333333333333335,267.943
2013-11-07 14:00:00,0.1,1.325,1017.275,100.0,1.5,29,101727.5,274.47499999999997,0.004112801043911178,0.5,267.948
2013-11-07 15:00:00,0.0,1.0750000000000002,1017.225,100.0,1.5,6,101722.5,274.22499999999997,0.00403977612277099,0.5,267.948
2013-11-07 16:00:00,0.0,1.35,1017.45,100.0,1.1,0,101745.0,274.5,0.00411947901946591,0.3666666666666667,254.159
2013-11-07 17:00:00,0.2,1.275,1017.6,100.0,1.3,0,101760.0,274.42499999999995,0.004096754122695134,0.43333333333333335,254.159
2013-11-07 18:00:00,0.2,1.175,1018.2,100.0,1.4,0,101820.0,274.325,0.00406503082719793,0.4666666666666666,254.159
2013-11-07 19:00:00,0.1,0.75,1018.725,100.0,1.4,0,101872.5,273.9,0.003940498877133178,0.4666666666666666,262.098
2013-11-07 20:00:00,0.6000000000000001,0.35,1018.65,100.0,1.1,0,101865.0,273.5,0.003828545355729688,0.3666666666666667,262.098
2013-11-07 21:00:00,0.1,0.15,1018.9,100.0,1.2,0,101890.0,273.29999999999995,0.0037725680195286214,0.39999999999999997,262.098
2013-11-07 22:00:00,0.0,0.0,1019.15,100.0,1.1,0,101915.0,273.15,0.00373083586206279,0.3666666666666667,255.206
2013-11-07 23:00:00,0.0,-0.075,1019.65,100.0,0.6,0,101965.0,273.075,0.003708760165842404,0.19999999999999998,255.206
2013-11-08 00:00:00,0.0,0.075,1019.6,100.0,0.5,0,101960.0,273.22499999999997,0.0037495344387104674,0.16666666666666666,255.206
2013-11-08 01:00:00,0.0,-0.075,1019.775,100.0,0.6,0,101977.5,273.075,0.00370830556063956,0.19999999999999998,244.008
2013-11-08 02:00:00,0.0,0.0,1019.775,100.0,0.7,0,101977.5,273.15,0.0037285493062894194,0.2333333333333333,244.008
2013-11-08 03:00:00,0.2,-0.05,1019.825,100.0,0.5,0,101982.5,273.09999999999997,0.003714860477393548,0.16666666666666666,244.008
2013-11-08 04:00:00,0.6000000000000001,-0.15,1019.75,100.0,0.6,0,101975.0,273.0,0.0036882497677438275,0.19999999999999998,257.434
2013-11-08 05:00:00,1.0,-0.25,1020.125,100.0,0.9,0,102012.5,272.9,0.0036601925273004998,0.3,257.434
2013-11-08 06:00:00,0.5,-0.3,1020.3,100.0,1.0,0,102030.0,272.84999999999997,0.003646280730379762,0.3333333333333333,257.434
2013-11-08 07:00:00,0.8,-0.25,1020.675,100.0,0.5,0,102067.5,272.9,0.0036582201992920588,0.16666666666666666,226.971
2013-11-08 08:00:00,0.5,-0.15,1020.775,100.0,0.0,25,102077.5,273.0,0.0036845462522659437,0.0,227.003
2013-11-08 09:00:00,0.0,0.05,1021.05,100.0,0.0,169,102105.0,273.2,0.003737426709755955,0.0,227.003
2013-11-08 10:00:00,0.0,0.825,1020.8,100.0,0.0,611,102080.0,273.97499999999997,0.003953811371551067,0.0,235.425
2013-11-08 11:00:00,0.0,1.975,1020.65,100.0,0.0,966,102065.0,275.125,0.0042944683999583235,0.0,235.502
2013-11-08 12:00:00,0.0,3.175,1019.825,100.0,0.1,1103,101982.5,276.325,0.004680495935001142,0.03333333333333333,235.529
2013-11-08 13:00:00,0.0,2.9,1019.725,99.1,0.3,529,101972.5,276.04999999999995,0.004549394921478062,0.09999999999999999,248.321
2013-11-08 14:00:00,0.0,2.5,1019.65,99.1,0.2,357,101965.0,275.65,0.0044223633233162335,0.06666666666666667,248.321
2013-11-08 15:00:00,0.0,2.325,1019.4,99.5,0.4,224,101940.0,275.47499999999997,0.004386345509346415,0.13333333333333333,248.321
2013-11-08 16:00:00,0.0,1.875,1019.325,99.5,0.0,15,101932.5,275.025,0.00424809643753213,0.0,259.644
2013-11-08 17:00:00,0.0,0.975,1019.0,99.6,0.0,0,101900.0,274.125,0.003987808639664083,0.0,259.566
2013-11-08 18:00:00,0.0,1.2,1018.95,100.0,0.0,0,101895.0,274.34999999999997,0.004069343181748163,0.0,259.523
2013-11-08 19:00:00,0.0,1.125,1018.775,100.0,0.3,0,101877.5,274.275,0.004048160002760117,0.09999999999999999,255.46
2013-11-08 20:00:00,0.0,0.975,1018.775,100.0,0.6,0,101877.5,274.125,0.0040047081938390855,0.19999999999999998,255.46
2013-11-08 21:00:00,0.0,0.675,1019.025,100.0,0.5,0,101902.5,273.825,0.00391808140829979,0.16666666666666666,255.46
2013-11-08 22:00:00,0.0,0.35,1018.4,100.0,0.6,0,101840.0,273.5,0.0038294851989533057,0.19999999999999998,275.822
2013-11-08 23:00:00,0.0,0.075,1017.975,100.0,0.8,0,101797.5,273.22499999999997,0.003755519844504229,0.26666666666666666,275.822
2013-11-09 00:00:00,0.0,0.025,1017.975,100.0,0.8,0,101797.5,273.17499999999995,0.003741923818220087,0.26666666666666666,275.801
2013-11-09 01:00:00,0.0,0.225,1017.85,100.0,1.0,0,101785.0,273.375,0.0037970373942763066,0.3333333333333333,248.969
2013-11-09 02:00:00,0.0,0.2,1018.075,100.0,0.9,0,101807.5,273.34999999999997,0.00378932951211409,0.3,248.908
2013-11-09 03:00:00,0.0,0.2249999999999999,1017.7,100.0,0.9,0,101770.0,273.375,0.003797597044083854,0.3,248.908
2013-11-09 04:00:00,0.0,0.0,1017.225,99.4,0.9,0,101722.5,273.15,0.0037154687317047506,0.3,222.286
2013-11-09 05:00:00,0.0,-0.1,1017.125,98.8,0.8,0,101712.5,273.04999999999995,0.0036666886906251213,0.26666666666666666,222.286
2013-11-09 06:00:00,0.0,0.075,1017.15,97.8,1.0,0,101715.0,273.22499999999997,0.0036758774583960964,0.3333333333333333,222.286
2013-11-09 07:00:00,0.0,0.775,1017.425,95.0,0.9,4,101742.5,273.92499999999995,0.0037550207794635262,0.3,208.001
2013-11-09 08:00:00,0.0,2.075,1017.9,91.5,0.8,112,101790.0,275.22499999999997,0.003968277123874071,0.26666666666666666,208.06
2013-11-09 09:00:00,0.0,4.375,1017.875,78.9,0.7,490,101787.5,277.525,0.004025991087180275,0.2333333333333333,208.082
2013-11-09 10:00:00,0.0,6.6,1017.8,66.5,0.5,984,101780.0,279.75,0.00396018623307048,0.16666666666666666,226.81
2013-11-09 11:00:00,0.0,7.45,1018.175,62.7,0.2,1265,101817.5,280.59999999999997,0.003956474391102698,0.06666666666666667,226.81
2013-11-09 12:00:00,0.0,9.325,1017.65,56.0,0.3,1264,101765.0,282.47499999999997,0.004014903027645137,0.09999999999999999,226.885
2013-11-09 13:00:00,0.0,9.65,1017.5,51.5,0.5,763,101750.0,282.79999999999995,0.0037743915304069855,0.16666666666666666,244.499
2013-11-09 14:00:00,0.0,9.05,1017.525,59.9,0.3,548,101752.5,282.2,0.004216181095809098,0.09999999999999999,244.479
2013-11-09 15:00:00,0.0,8.275,1017.675,65.7,0.3,283,101767.5,281.42499999999995,0.004387515061823366,0.09999999999999999,244.479
2013-11-09 16:00:00,0.0,7.0,1017.825,71.0,0.2,55,101782.5,280.15,0.004345824049058016,0.06666666666666667,278.82
2013-11-09 17:00:00,0.0,6.1,1018.275,73.8,0.3,0,101827.5,279.25,0.0042440530282894275,0.09999999999999999,278.739
2013-11-09 18:00:00,0.0,6.625,1018.2,75.8,0.3,0,101820.0,279.775,0.004520008979619985,0.09999999999999999,278.675
2013-11-09 19:00:00,0.0,6.775,1018.325,76.6,0.5,0,101832.5,279.92499999999995,0.004614483080061094,0.16666666666666666,291.133
2013-11-09 20:00:00,0.0,6.8500000000000005,1018.15,79.7,0.6,0,101815.0,280.0,0.004826852109466891,0.19999999999999998,291.153
2013-11-09 21:00:00,0.0,7.074999999999999,1018.525,83.4,0.6,0,101852.5,280.22499999999997,0.0051275982227394655,0.19999999999999998,291.147
2013-11-09 22:00:00,0.0,6.875,1018.25,84.9,0.6,0,101825.0,280.025,0.005150103907990328,0.19999999999999998,312.998
2013-11-09 23:00:00,0.0,6.925000000000001,1018.45,88.5,0.5,0,101845.0,280.075,0.005385876589834075,0.16666666666666666,312.998
2013-11-10 00:00:00,0.0,7.075,1018.45,89.4,0.5,0,101845.0,280.22499999999997,0.005496894949989538,0.16666666666666666,312.998
2013-11-10 01:00:00,0.0,7.05,1018.625,88.7,0.5,0,101862.5,280.2,0.005443582713430993,0.16666666666666666,315.485
2013-11-10 02:00:00,0.0,6.625,1018.5,88.4,0.5,0,101850.0,279.775,0.005269803436497846,0.16666666666666666,315.485
2013-11-10 03:00:00,0.0,6.45,1018.575,89.2,0.6,0,101857.5,279.59999999999997,0.005253448426741017,0.19999999999999998,315.55
2013-11-10 04:00:00,0.0,6.425,1018.2,89.8,0.6,0,101820.0,279.575,0.005281630993071772,0.19999999999999998,309.786
2013-11-10 05:00:00,0.0,6.725,1018.125,90.5,0.6,0,101812.5,279.875,0.005434208094174116,0.19999999999999998,309.726
2013-11-10 06:00:00,0.0,6.675,1018.475,89.1,0.7,0,101847.5,279.825,0.005329955896284959,0.2333333333333333,309.764
2013-11-10 07:00:00,0.0,6.875,1018.8,86.2,0.7,30,101880.0,280.025,0.005226140118558166,0.2333333333333333,296.532
2013-11-10 08:00:00,0.0,8.225000000000001,1019.525,84.5,0.6,315,101952.5,281.375,0.005613671624603072,0.19999999999999998,296.532
2013-11-10 09:00:00,0.0,10.525,1019.75,79.5,0.5,550,101975.0,283.67499999999995,0.006164151241110292,0.16666666666666666,296.586
2013-11-10 10:00:00,0.0,11.75,1019.975,72.1,0.3,975,101997.5,284.9,0.00606245850091266,0.09999999999999999,272.029
2013-11-10 11:00:00,0.0,12.7,1019.85,65.7,0.5,1472,101985.0,285.84999999999997,0.005881358529136672,0.16666666666666666,272.029
2013-11-10 12:00:00,0.0,13.325,1019.4,56.8,0.6,1232,101940.0,286.47499999999997,0.005299094709255572,0.19999999999999998,272.029
2013-11-10 13:00:00,0.0,12.825,1019.45,57.7,0.3,1164,101945.0,285.97499999999997,0.005209730658791472,0.09999999999999999,269.791
2013-11-10 14:00:00,0.0,10.75,1019.05,62.1,0.1,441,101905.0,283.9,0.00489109093427338,0.03333333333333333,269.791
2013-11-10 15:00:00,0.0,8.925,1019.175,74.1,0.4,96,101917.5,282.075,0.005163486119268975,0.13333333333333333,269.791
2013-11-10 16:00:00,0.0,8.175,1019.5,75.3,0.7,63,101950.0,281.325,0.004985642738015525,0.2333333333333333,261.914
2013-11-10 17:00:00,0.0,8.2,1019.4,73.0,0.7,0,101940.0,281.34999999999997,0.004842048063445333,0.2333333333333333,261.914
2013-11-10 18:00:00,0.0,8.525,1019.625,69.2,0.8,0,101962.5,281.67499999999995,0.004691266532452086,0.26666666666666666,261.914
2013-11-10 19:00:00,0.0,8.875,1019.625,68.3,0.7,0,101962.5,282.025,0.004741188235889229,0.2333333333333333,260.459
2013-11-10 20:00:00,0.0,8.675,1019.675,69.6,0.8,0,101967.5,281.825,0.004766309385767374,0.26666666666666666,260.459
2013-11-10 21:00:00,0.0,8.775,1019.95,66.9,0.8,0,101995.0,281.92499999999995,0.00461125633513274,0.26666666666666666,260.459
2013-11-10 22:00:00,0.0,9.55,1019.7,62.3,0.8,0,101970.0,282.7,0.004525564626095561,0.26666666666666666,249.688
2013-11-10 23:00:00,0.0,9.075,1019.725,55.1,0.8,0,101972.5,282.22499999999997,0.0038764877018133853,0.26666666666666666,249.688
2013-11-11 00:00:00,0.0,9.25,1019.9,57.0,0.6,0,101990.0,282.4,0.004057042675871097,0.19999999999999998,249.688
2013-11-11 01:00:00,0.0,8.725,1019.725,56.9,0.9,0,101972.5,281.875,0.003909605042314274,0.3,282.398
2013-11-11 02:00:00,0.0,8.625,1020.05,53.5,0.9,0,102005.0,281.775,0.0036500395931538805,0.3,282.398
2013-11-11 03:00:00,0.0,8.2,1019.975,52.1,0.8,0,101997.5,281.34999999999997,0.003453814920459017,0.26666666666666666,282.398
2013-11-11 04:00:00,0.0,8.25,1020.2,51.7,1.0,0,102020.0,281.4,0.003438195464921968,0.3333333333333333,288.242
2013-11-11 05:00:00,0.0,7.6,1020.35,46.9,0.8,0,102035.0,280.75,0.002983561870705368,0.26666666666666666,288.242
2013-11-11 06:00:00,0.0,7.45,1020.575,48.6,0.9,0,102057.5,280.59999999999997,0.0030595291200866586,0.3,288.301
2013-11-11 07:00:00,0.0,7.325,1020.875,41.9,0.8,30,102087.5,280.47499999999997,0.0026145314203297808,0.26666666666666666,296.692
2013-11-11 08:00:00,0.0,8.4,1021.425,45.9,0.8,200,102142.5,281.54999999999995,0.0030800052135263128,0.26666666666666666,296.775
2013-11-11 09:00:00,0.0,9.55,1021.25,42.1,0.6,248,102125.0,282.7,0.003053565006730068,0.19999999999999998,296.769
2013-11-11 10:00:00,0.0,10.875,1021.0,38.8,0.8,1115,102100.0,284.025,0.0030755810098038057,0.26666666666666666,307.398
2013-11-11 11:00:00,0.0,12.45,1021.175,36.6,1.0,1813,102117.5,285.59999999999997,0.0032188850634128673,0.3333333333333333,307.392
2013-11-11 12:00:00,0.0,12.825,1020.4,32.3,1.3,1207,102040.0,285.97499999999997,0.002913650531232024,0.43333333333333335,307.339
2013-11-11 13:00:00,0.0,13.05,1020.05,29.8,1.4,881,102005.0,286.2,0.002728938209011468,0.4666666666666666,313.757
2013-11-11 14:00:00,0.0,12.825,1019.15,29.0,1.2,458,101915.0,285.97499999999997,0.002619179585853675,0.39999999999999997,313.818
2013-11-11 15:00:00,0.0,12.05,1019.3,30.9,1.1,244,101930.0,285.2,0.0026518782262083935,0.3666666666666667,313.818
2013-11-11 16:00:00,0.0,12.15,1019.475,32.1,1.4,85,101947.5,285.29999999999995,0.0027725908511006788,0.4666666666666666,312.49
2013-11-11 17:00:00,0.0,11.925,1019.55,31.1,1.2,0,101955.0,285.075,0.0026464918967159853,0.39999999999999997,312.49
2013-11-11 18:00:00,0.0,11.6,1019.65,31.9,1.0,0,101965.0,284.75,0.0026566722544134874,0.3333333333333333,312.49
2013-11-11 19:00:00,0.0,12.025,1019.425,31.7,1.1,0,101942.5,285.17499999999995,0.0027157244477056157,0.3666666666666667,323.361
2013-11-11 20:00:00,0.0,12.5,1019.175,30.6,1.2,0,101917.5,285.65,0.0027053480199153448,0.39999999999999997,323.375
2013-11-11 21:00:00,0.0,13.35,1019.225,27.4,1.4,0,101922.5,286.5,0.002560864791253947,0.4666666666666666,323.375
2013-11-11 22:00:00,0.0,13.025,1019.45,25.3,1.5,0,101945.0,286.17499999999995,0.0023144278840948242,0.5,331.905
2013-11-11 23:00:00,0.0,11.975,1019.725,27.0,1.2,0,101972.5,285.125,0.002304789101185426,0.39999999999999997,332.113
2013-11-12 00:00:00,0.0,11.3,1020.425,30.2,1.1,0,102042.5,284.45,0.002463768099014529,0.3666666666666667,332.107
2013-11-12 01:00:00,0.0,10.5,1021.175,31.5,0.9,0,102117.5,283.65,0.0024349286091258247,0.3,331.456
2013-11-12 02:00:00,0.0,9.375,1022.075,39.5,0.8,0,102207.5,282.525,0.0028291839309823328,0.26666666666666666,331.456
2013-11-12 03:00:00,0.0,7.475,1022.075,48.3,0.4,0,102207.5,280.625,0.003041370550782096,0.13333333333333333,331.456
2013-11-12 04:00:00,0.0,7.449999999999999,1021.775,78.7,0.7,0,102177.5,280.59999999999997,0.004948604062734434,0.2333333333333333,334.783
2013-11-12 05:00:00,0.0,8.875,1022.025,70.8,1.5,0,102202.5,282.025,0.004903189836749168,0.5,334.783
2013-11-12 06:00:00,0.0,9.15,1023.025,67.4,0.9,0,102302.5,282.29999999999995,0.004750504412162273,0.3,334.804
2013-11-12 07:00:00,0.0,9.625,1023.625,64.0,0.9,0,102362.5,282.775,0.004654619614226001,0.3,336.286
2013-11-12 08:00:00,0.0,7.75,1024.45,64.4,0.8,42,102445.0,280.9,0.0041223920388413545,0.26666666666666666,336.37
2013-11-12 09:00:00,0.0,7.05,1024.9,81.1,0.3,189,102490.00000000001,280.2,0.004946692318464232,0.09999999999999999,336.365
2013-11-12 10:00:00,0.0,6.675,1025.75,88.2,0.2,179,102575.0,279.825,0.00523869776964325,0.06666666666666667,342.838
2013-11-12 11:00:00,0.0,7.125,1026.15,91.9,0.3,233,102615.00000000001,280.275,0.005627455056746632,0.09999999999999999,342.838
2013-11-12 12:00:00,1.8,7.375,1026.175,94.3,0.3,256,102617.5,280.525,0.005873912219001419,0.09999999999999999,342.838
2013-11-12 13:00:00,0.6,7.55,1026.325,95.8,0.5,214,102632.5,280.7,0.00603823285947537,0.16666666666666666,340.628
2013-11-12 14:00:00,0.6,7.375,1026.5,96.5,0.4,188,102650.0,280.525,0.0060090462818420025,0.13333333333333333,340.628
2013-11-12 15:00:00,0.0,7.55,1026.45,97.2,0.3,104,102645.0,280.7,0.006125728182673739,0.09999999999999999,340.628
2013-11-12 16:00:00,0.0,7.55,1026.775,97.6,0.4,43,102677.50000000001,280.7,0.006148990015053654,0.13333333333333333,340.61
2013-11-12 17:00:00,0.0,7.35,1027.025,97.8,0.2,0,102702.50000000001,280.5,0.0060764889649648005,0.06666666666666667,340.61
2013-11-12 18:00:00,0.0,7.025,1027.25,98.0,0.1,0,102725.0,280.17499999999995,0.005953621495455749,0.03333333333333333,340.61
2013-11-12 19:00:00,0.0,6.725,1027.65,98.3,0.2,0,102765.00000000001,279.875,0.005847861505517247,0.06666666666666667,319.409
2013-11-12 20:00:00,0.0,6.425,1027.7,98.6,0.2,0,102770.0,279.575,0.005745599763679311,0.06666666666666667,319.409
2013-11-12 21:00:00,0.0,5.55,1027.95,98.8,0.2,0,102795.0,278.7,0.005418030998812243,0.06666666666666667,319.409
2013-11-12 22:00:00,0.0,5.9,1028.175,99.3,0.4,0,102817.5,279.04999999999995,0.005577867207372643,0.13333333333333333,321.615
2013-11-12 23:00:00,0.0,5.75,1028.8,99.2,0.2,0,102880.0,278.9,0.005511346125922254,0.06666666666666667,321.615
2013-11-13 00:00:00,0.0,4.7,1028.875,99.2,0.2,0,102887.5,277.84999999999997,0.005122836348228927,0.06666666666666667,321.615
2013-11-13 01:00:00,0.0,4.175,1029.0,99.6,0.1,0,102900.0,277.325,0.0049573179474628965,0.03333333333333333,330.591
2013-11-13 02:00:00,0.0,3.6,1029.075,99.8,0.2,0,102907.5,276.75,0.004770128008918588,0.06666666666666667,330.591
2013-11-13 03:00:00,0.0,3.175,1028.875,100.0,0.4,0,102887.5,276.325,0.004639326222245209,0.13333333333333333,330.591
2013-11-13 04:00:00,0.0,2.9,1028.725,100.0,0.3,0,102872.49999999999,276.04999999999995,0.004550548595827261,0.09999999999999999,339.742
2013-11-13 05:00:00,0.0,3.05,1029.025,100.0,0.4,0,102902.50000000001,276.2,0.004597809729769445,0.13333333333333333,339.742
2013-11-13 06:00:00,0.1,2.05,1028.925,100.0,0.3,0,102892.5,275.2,0.004282797991343897,0.09999999999999999,339.742
2013-11-13 07:00:00,0.0,2.425,1028.95,100.0,0.5,10,102895.0,275.575,0.004398666730823354,0.16666666666666666,340.615
2013-11-13 08:00:00,0.0,3.025,1029.35,100.0,0.3,67,102934.99999999999,276.17499999999995,0.0045882308818266425,0.09999999999999999,340.615
2013-11-13 09:00:00,0.0,3.6,1029.0,100.0,0.2,238,102900.0,276.75,0.004780035757401972,0.06666666666666667,340.63
2013-11-13 10:00:00,0.1,4.875,1029.375,100.0,0.3,1081,102937.5,278.025,0.005225072902949333,0.09999999999999999,345.79
2013-11-13 11:00:00,0.2,6.15,1028.425,99.7,0.3,1885,102842.5,279.29999999999995,0.005696543799861445,0.09999999999999999,345.79
2013-11-13 12:00:00,0.0,7.2,1027.625,95.3,0.7,1545,102762.5,280.34999999999997,0.005857281726619803,0.2333333333333333,345.79
2013-11-13 13:00:00,0.0,6.8,1028.15,85.3,0.6,911,102815.00000000001,279.95,0.005098224730113601,0.19999999999999998,342.86
2013-11-13 14:00:00,0.0,5.375,1027.7,86.7,0.4,295,102770.0,278.525,0.004698221107499936,0.13333333333333333,342.86
2013-11-13 15:00:00,0.0,4.8,1027.575,90.6,0.5,94,102757.5,277.95,0.004717459469077882,0.16666666666666666,342.86
2013-11-13 16:00:00,0.0,3.65,1026.975,94.5,0.4,30,102697.49999999999,276.79999999999995,0.004542012592658872,0.13333333333333333,339.346
2013-11-13 17:00:00,0.0,3.5,1026.85,95.2,0.6,0,102684.99999999999,276.65,0.00452808790424563,0.19999999999999998,339.346
2013-11-13 18:00:00,0.0,3.325,1026.175,93.5,0.9,0,102617.5,276.47499999999997,0.004395530511490096,0.3,339.346
2013-11-13 19:00:00,0.0,3.025,1025.925,88.1,0.8,0,102592.5,276.17499999999995,0.004055726197023634,0.26666666666666666,338.519
2013-11-13 20:00:00,0.0,3.0,1025.65,85.4,0.4,0,102565.00000000001,276.15,0.003925529763048807,0.13333333333333333,338.525
2013-11-13 21:00:00,0.0,3.525,1024.9,84.6,0.6,0,102490.00000000001,276.67499999999995,0.004038679719624456,0.19999999999999998,338.465
2013-11-13 22:00:00,0.0,3.5,1023.925,73.5,0.4,0,102392.5,276.65,0.0035059369422582045,0.13333333333333333,327.618
2013-11-13 23:00:00,0.0,4.225,1023.5,67.2,0.5,0,102350.0,277.375,0.003374481245916506,0.16666666666666666,327.618
2013-11-14 00:00:00,0.0,3.725,1022.8,65.9,0.6,0,102280.0,276.875,0.0031971627708505144,0.19999999999999998,327.618
2013-11-14 01:00:00,0.0,3.525,1022.375,55.5,0.6,0,102237.5,276.67499999999995,0.0026560320150774462,0.19999999999999998,322.579
2013-11-14 02:00:00,0.0,2.975,1022.225,55.1,0.6,0,102222.5,276.125,0.0025367390165013408,0.19999999999999998,322.632
2013-11-14 03:00:00,0.0,2.7,1021.55,64.1,0.4,0,102155.0,275.84999999999997,0.0028960154849202026,0.13333333333333333,322.632
2013-11-14 04:00:00,0.0,2.3,1020.775,64.0,0.4,0,102077.5,275.45,0.0028125561807705777,0.13333333333333333,243.339
2013-11-14 05:00:00,0.0,1.225,1020.925,71.5,0.3,0,102092.5,274.375,0.002909172601086082,0.09999999999999999,243.276
2013-11-14 06:00:00,0.0,0.55,1020.55,81.6,0.3,0,102055.0,273.7,0.003163694160582872,0.09999999999999999,243.221
2013-11-14 07:00:00,0.0,-0.8250000000000001,1020.65,90.3,0.3,0,102065.0,272.325,0.0031678646828021025,0.09999999999999999,242.842
2013-11-14 08:00:00,0.0,0.05,1020.775,95.0,0.3,35,102077.5,273.2,0.0035515119050687,0.09999999999999999,242.847
2013-11-14 09:00:00,0.0,0.175,1020.375,97.3,0.5,160,102037.5,273.325,0.0036720493113993166,0.16666666666666666,242.986
2013-11-14 10:00:00,0.0,0.175,1020.55,98.1,0.7,178,102055.0,273.325,0.00370160603212696,0.2333333333333333,289.432
2013-11-14 11:00:00,0.0,0.175,1020.025,98.5,0.4,185,102002.5,273.325,0.0037186121870260184,0.13333333333333333,289.426
2013-11-14 12:00:00,0.0,0.525,1019.775,98.1,0.4,218,101977.5,273.67499999999995,0.003799433531015747,0.13333333333333333,289.57
2013-11-14 13:00:00,0.0,0.775,1019.325,97.7,0.4,192,101932.5,273.92499999999995,0.0038545442173834104,0.13333333333333333,321.125
2013-11-14 14:00:00,0.0,0.6,1018.7,97.0,0.6,49,101870.0,273.75,0.003781223951675463,0.19999999999999998,321.125
2013-11-14 15:00:00,0.0,0.475,1018.525,97.3,0.5,2,101852.5,273.625,0.003759464917510085,0.16666666666666666,321.125
2013-11-14 16:00:00,0.0,0.45,1018.175,97.3,0.5,4,101817.5,273.59999999999997,0.0037539665775637777,0.16666666666666666,286.184
2013-11-14 17:00:00,0.0,0.175,1018.075,97.2,0.3,0,101807.5,273.325,0.003676562607001514,0.09999999999999999,286.237
2013-11-14 18:00:00,0.0,0.025,1017.85,97.9,0.2,0,101785.0,273.17499999999995,0.0036637933054739784,0.06666666666666667,286.222
2013-11-14 19:00:00,0.0,-0.05,1017.625,98.2,0.1,0,101762.5,273.09999999999997,0.003655879572340924,0.03333333333333333,311.369
2013-11-14 20:00:00,0.0,-0.1,1017.3,98.7,0.3,0,101730.0,273.04999999999995,0.003662347347272947,0.09999999999999999,311.369
2013-11-14 21:00:00,0.0,-0.125,1017.4,99.2,0.2,0,101740.0,273.025,0.0036738612508401924,0.06666666666666667,311.369
2013-11-14 22:00:00,0.0,-0.25,1017.4,99.4,0.1,0,101740.0,272.9,0.003647975996167631,0.03333333333333333,338.038
2013-11-14 23:00:00,0.0,-0.9,1017.35,99.6,0.1,0,101735.0,272.25,0.0034862953514602107,0.03333333333333333,338.038
2013-11-15 00:00:00,0.1,-1.175,1016.425,99.9,0.1,0,101642.5,271.97499999999997,0.003430238600057456,0.03333333333333333,338.038
2013-11-15 01:00:00,0.0,-0.825,1016.55,100.0,0.1,0,101655.0,272.325,0.0035223050632758367,0.03333333333333333,342.072
2013-11-15 02:00:00,0.0,-0.6749999999999999,1016.175,100.0,0.1,0,101617.5,272.47499999999997,0.003562408857821973,0.03333333333333333,342.072
2013-11-15 03:00:00,1.2,-0.725,1016.175,100.0,0.0,0,101617.5,272.42499999999995,0.003549432293334985,0.0,342.072
2013-11-15 04:00:00,0.1,-0.8500000000000001,1015.675,100.0,0.2,0,101567.5,272.29999999999995,0.0035189056118090393,0.06666666666666667,304.263
2013-11-15 05:00:00,0.0,-0.8,1015.4,100.0,0.1,0,101540.0,272.34999999999997,0.0035327403633485647,0.03333333333333333,304.269
2013-11-15 06:00:00,0.0,-1.175,1015.525,100.0,0.2,0,101552.5,271.97499999999997,0.003436715333844861,0.06666666666666667,304.269
2013-11-15 07:00:00,0.0,-1.3,1015.775,100.0,0.4,0,101577.5,271.84999999999997,0.0034045278763414444,0.13333333333333333,331.955
2013-11-15 08:00:00,0.0,-1.05,1015.525,100.0,0.2,108,101552.5,272.09999999999997,0.003468320496237975,0.06666666666666667,331.987
2013-11-15 09:00:00,0.5,-1.125,1015.275,100.0,0.3,61,101527.5,272.025,0.003450175956732997,0.09999999999999999,332.041
2013-11-15 10:00:00,0.0,-0.925,1014.75,100.0,0.3,120,101475.0,272.22499999999997,0.003502856499597817,0.09999999999999999,343.281
2013-11-15 11:00:00,0.0,-0.9,1014.025,100.0,0.5,64,101402.5,272.25,0.0035117740514663824,0.16666666666666666,343.295
2013-11-15 12:00:00,0.0,-0.725,1013.25,100.0,0.7,165,101325.0,272.42499999999995,0.003559678618978217,0.2333333333333333,343.295
2013-11-15 13:00:00,0.0,-0.75,1012.375,100.0,0.6,193,101237.5,272.4,0.0035562584263353443,0.19999999999999998,349.241
2013-11-15 14:00:00,0.0,-0.95,1011.775,100.0,0.5,68,101177.5,272.2,0.003506739267326494,0.16666666666666666,349.241
2013-11-15 15:00:00,0.0,-1.15,1010.7,100.0,0.6,31,101070.0,272.0,0.003459452521727553,0.19999999999999998,349.241
2013-11-15 16:00:00,1.3,-1.275,1010.3,100.0,0.8,0,101030.0,271.875,0.0034292594423248495,0.26666666666666666,271.144
2013-11-15 17:00:00,1.1,-1.4,1009.5,100.0,1.0,0,100950.0,271.75,0.0034006451752848226,0.3333333333333333,271.063
2013-11-15 18:00:00,1.8,-1.35,1008.625,100.0,1.0,0,100862.5,271.79999999999995,0.0034161082900647137,0.3333333333333333,271.069
2013-11-15 19:00:00,1.6,-1.4249999999999998,1007.55,100.0,1.1,0,100755.0,271.72499999999997,0.003400978853067491,0.3666666666666667,280.502
2013-11-15 20:00:00,1.8,-1.2999999999999998,1007.225,100.0,1.3,0,100722.5,271.84999999999997,0.003433427787823704,0.43333333333333335,280.502
2013-11-15 21:00:00,1.9,-1.2,1006.425,100.0,1.2,0,100642.5,271.95,0.003461442637981524,0.39999999999999997,280.502
2013-11-15 22:00:00,2.7,-1.025,1006.0,100.0,1.3,0,100600.0,272.125,0.0035075712475782944,0.43333333333333335,286.663
2013-11-15 23:00:00,2.8,-1.0,1005.65,100.0,1.1,0,100565.0,272.15,0.003515216683732884,0.3666666666666667,286.663
2013-11-16 00:00:00,3.2,-0.8500000000000001,1004.9,100.0,1.1,0,100490.0,272.29999999999995,0.003556636936286343,0.3666666666666667,286.663
2013-11-16 01:00:00,3.5,-0.775,1004.2,100.0,1.3,0,100420.0,272.375,0.0035786701162593974,0.43333333333333335,300.2
2013-11-16 02:00:00,3.9,-0.475,1003.175,100.0,1.3,0,100317.5,272.67499999999995,0.003661579845893436,0.43333333333333335,300.261
2013-11-16 03:00:00,1.4,-0.275,1002.95,100.0,1.2,0,100295.0,272.875,0.003716109079267928,0.39999999999999997,300.261
2013-11-16 04:00:00,5.3,-0.2,1003.475,100.0,1.1,0,100347.5,272.95,0.003734474054335363,0.3666666666666667,276.991
2013-11-16 05:00:00,1.6,-0.1,1003.75,100.0,1.3,0,100375.0,273.04999999999995,0.0037606755380401196,0.43333333333333335,276.971
2013-11-16 06:00:00,1.2,-0.175,1004.525,100.0,1.3,0,100452.5,272.97499999999997,0.0037373549997426797,0.43333333333333335,276.911
2013-11-16 07:00:00,0.7,-0.35,1004.975,100.0,1.2,0,100497.5,272.79999999999995,0.003688440221571044,0.39999999999999997,299.616
2013-11-16 08:00:00,2.1,-0.6499999999999999,1005.6,100.0,0.1,16,100560.0,272.5,0.003606443988735827,0.03333333333333333,299.648
2013-11-16 09:00:00,1.1,-0.6749999999999999,1006.425,100.0,0.0,52,100642.5,272.47499999999997,0.003596920606202393,0.0,299.718
2013-11-16 10:00:00,0.9,-0.6,1006.75,100.0,0.0,91,100675.0,272.54999999999995,0.00361548617370579,0.0,329.145
2013-11-16 11:00:00,2.4,-0.325,1006.675,100.0,0.1,195,100667.5,272.825,0.0036889162551468927,0.03333333333333333,329.086
2013-11-16 12:00:00,1.5,-0.2,1006.65,100.0,0.6,251,100665.0,272.95,0.0037226954270840693,0.19999999999999998,329.086
2013-11-16 13:00:00,1.3,-0.25,1006.9,100.0,0.0,269,100690.0,272.9,0.0037082668605744585,0.0,317.152
2013-11-16 14:00:00,2.4,-0.2,1007.125,100.0,0.0,98,100712.5,272.95,0.0037209396566207555,0.0,317.152
2013-11-16 15:00:00,0.3,-0.525,1008.075,100.0,0.0,8,100807.5,272.625,0.0036305306467358527,0.0,317.077
2013-11-16 16:00:00,0.2,-0.625,1007.925,100.0,0.0,0,100792.5,272.525,0.003604692840743005,0.0,300.331
2013-11-16 17:00:00,2.0,-0.6,1008.6,100.0,0.0,0,100860.0,272.54999999999995,0.003608854556195027,0.0,300.193
2013-11-16 18:00:00,1.2000000000000002,-0.575,1008.75,100.0,0.0,0,100875.0,272.575,0.0036149017216247793,0.0,300.135
2013-11-16 19:00:00,1.6,-0.625,1009.45,100.0,0.0,0,100945.0,272.525,0.003599247145976417,0.0,270.316
2013-11-16 20:00:00,2.9,-0.675,1009.725,100.0,0.0,0,100972.5,272.47499999999997,0.0035851650905912432,0.0,270.316
2013-11-16 21:00:00,0.3,-0.725,1010.3,100.0,0.0,0,101030.0,272.42499999999995,0.0035700726127681666,0.0,270.252
2013-11-16 22:00:00,1.2,-0.575,1010.5,100.0,0.0,0,101050.0,272.575,0.003608641377228101,0.0,224.331
2013-11-16 23:00:00,1.0,-0.575,1011.25,100.0,0.0,0,101125.0,272.575,0.003605965005378488,0.0,224.331
2013-11-17 00:00:00,2.3,-0.6749999999999999,1011.75,100.0,0.0,0,101175.0,272.47499999999997,0.003577989445117117,0.0,224.276
2013-11-17 01:00:00,0.7,-0.6499999999999999,1011.625,100.0,0.0,0,101162.5,272.5,0.00358496485859162,0.0,215.108
2013-11-17 02:00:00,0.0,-0.6499999999999999,1012.35,100.0,0.0,0,101235.0,272.5,0.0035823974663631627,0.0,215.082
2013-11-17 03:00:00,0.1,-0.55,1012.475,100.0,0.0,0,101247.5,272.59999999999997,0.0036081723158145657,0.0,214.954
2013-11-17 04:00:00,3.4,-0.55,1012.975,100.0,0.0,0,101297.5,272.59999999999997,0.0036063913378458034,0.0,220.493
2013-11-17 05:00:00,2.6,-0.525,1013.15,100.0,0.0,0,101315.0,272.625,0.0036123448469705813,0.0,220.493
2013-11-17 06:00:00,1.8,-0.575,1013.3,100.0,0.0,0,101330.0,272.575,0.003598669803305039,0.0,220.493
2013-11-17 07:00:00,1.3,-0.425,1014.0,100.0,0.0,0,101400.0,272.72499999999997,0.0036357068766238493,0.0,237.226
2013-11-17 08:00:00,2.7,-0.25,1014.875,100.0,0.0,46,101487.5,272.9,0.0036791268894321195,0.0,237.226
2013-11-17 09:00:00,0.1,-0.075,1015.55,100.0,0.0,117,101555.0,273.075,0.0037237332510474197,0.0,237.252
2013-11-17 10:00:00,0.0,0.075,1016.25,100.0,0.0,195,101625.0,273.22499999999997,0.003761894527635122,0.0,239.601
2013-11-17 11:00:00,0.0,0.225,1016.575,100.0,0.0,213,101657.5,273.375,0.0038017996820344183,0.0,239.601
2013-11-17 12:00:00,0.0,0.5,1016.05,100.0,0.0,418,101605.0,273.65,0.0038802038955502217,0.0,239.601
2013-11-17 13:00:00,0.0,0.625,1015.95,100.0,0.0,331,101595.0,273.775,0.003915782597653904,0.0,220.956
2013-11-17 14:00:00,0.0,0.8,1015.775,100.0,0.0,354,101577.5,273.95,0.003966216674913613,0.0,220.956
2013-11-17 15:00:00,0.0,0.3,1016.225,100.0,0.0,26,101622.5,273.45,0.003823819138413236,0.0,220.956
2013-11-17 16:00:00,0.0,0.2,1016.3,100.0,0.2,0,101630.0,273.34999999999997,0.0037959476956071552,0.06666666666666667,209.799
2013-11-17 17:00:00,0.0,0.075,1016.5,100.0,0.2,0,101650.0,273.22499999999997,0.0037609693199303416,0.06666666666666667,209.654
2013-11-17 18:00:00,0.0,0.025,1016.65,100.0,0.2,0,101665.0,273.17499999999995,0.0037468006677348086,0.06666666666666667,209.591
2013-11-17 19:00:00,0.0,0.025,1016.8,100.0,0.4,0,101680.0,273.17499999999995,0.0037462479335686402,0.13333333333333333,205.348
2013-11-17 20:00:00,0.0,0.1,1016.975,100.0,0.3,0,101697.5,273.25,0.0037660338056154942,0.09999999999999999,205.348
2013-11-17 21:00:00,0.0,0.025,1016.875,100.0,0.4,0,101687.5,273.17499999999995,0.003745971627636232,0.13333333333333333,205.348
2013-11-17 22:00:00,0.0,-0.125,1016.725,100.0,0.4,0,101672.5,273.025,0.0037059478970318323,0.13333333333333333,206.006
2013-11-17 23:00:00,0.0,-0.2,1016.35,100.0,0.5,0,101635.0,272.95,0.0036871661845566768,0.16666666666666666,206.006
2013-11-18 00:00:00,0.0,-0.15,1015.575,100.0,0.5,0,101557.5,273.0,0.0037034120578556665,0.16666666666666666,206.006
2013-11-18 01:00:00,0.0,-0.225,1015.55,100.0,0.7,0,101555.0,272.92499999999995,0.0036833707321477227,0.2333333333333333,204.857
2013-11-18 02:00:00,0.0,-0.1,1015.675,100.0,0.3,0,101567.5,273.04999999999995,0.00371652159530142,0.09999999999999999,204.857
2013-11-18 03:00:00,0.0,-0.025,1015.65,100.0,0.5,0,101565.0,273.125,0.0037369063520538053,0.16666666666666666,204.857
2013-11-18 04:00:00,0.0,0.0,1015.65,100.0,0.5,0,101565.0,273.15,0.003743692579945151,0.16666666666666666,197.243
2013-11-18 05:00:00,0.0,0.125,1015.3,100.0,0.3,0,101530.0,273.275,0.0037790902243263745,0.09999999999999999,197.249
2013-11-18 06:00:00,0.0,0.05,1014.95,100.0,0.5,0,101495.0,273.2,0.003759889198479056,0.16666666666666666,197.228
2013-11-18 07:00:00,0.0,0.05,1015.175,100.0,0.6,0,101517.5,273.2,0.003759055869181489,0.19999999999999998,194.788
2013-11-18 08:00:00,0.0,0.5,1015.1,100.0,0.5,123,101510.0,273.65,0.0038838352557125436,0.16666666666666666,194.869
2013-11-18 09:00:00,0.0,1.15,1014.85,100.0,0.5,411,101485.0,274.29999999999995,0.004071127146147255,0.16666666666666666,194.932
2013-11-18 10:00:00,0.0,1.85,1014.775,100.0,0.4,451,101477.5,275.0,0.004280931075562545,0.13333333333333333,209.802
2013-11-18 11:00:00,0.0,1.925,1014.475,100.0,0.4,454,101447.5,275.075,0.004305207357487012,0.13333333333333333,209.802
2013-11-18 12:00:00,0.0,1.85,1013.975,100.0,0.5,256,101397.5,275.0,0.0042843086192499635,0.16666666666666666,209.946
2013-11-18 13:00:00,0.1,1.9,1013.125,100.0,0.6,215,101312.5,275.04999999999995,0.004303251605459539,0.19999999999999998,244.372
2013-11-18 14:00:00,0.0,2.125,1012.15,100.0,0.5,78,101215.0,275.275,0.00437713628604734,0.16666666666666666,244.372
2013-11-18 15:00:00,0.0,1.675,1012.45,99.9,0.7,0,101245.0,274.825,0.004233150372132354,0.2333333333333333,244.352
2013-11-18 16:00:00,2.7,1.7000000000000002,1011.8,100.0,0.7,0,101180.0,274.84999999999997,0.004247703485488309,0.2333333333333333,259.354
2013-11-18 17:00:00,1.4,1.65,1011.85,100.0,0.8,0,101185.0,274.79999999999995,0.0042323192771562415,0.26666666666666666,259.299
2013-11-18 18:00:00,1.7,1.75,1011.45,100.0,0.8,0,101145.0,274.9,0.0042644018667625785,0.26666666666666666,259.236
2013-11-18 19:00:00,0.9,2.025,1011.45,100.0,0.9,0,101145.0,275.17499999999995,0.004349026254069557,0.3,261.25
2013-11-18 20:00:00,2.4,2.475,1011.325,100.0,1.0,0,101132.5,275.625,0.004491269504442133,0.3333333333333333,261.25
2013-11-18 21:00:00,1.7,2.35,1010.875,100.0,0.8,0,101087.5,275.5,0.004453484055840786,0.26666666666666666,261.25
2013-11-18 22:00:00,3.0,2.65,1010.975,100.0,0.8,0,101097.5,275.79999999999995,0.004549046275366472,0.26666666666666666,274.857
2013-11-18 23:00:00,2.4,2.825,1010.85,100.0,1.1,0,101085.0,275.97499999999997,0.004606459879807475,0.3666666666666667,274.857
2013-11-19 00:00:00,0.9,2.9,1010.95,100.0,0.8,0,101095.0,276.04999999999995,0.004630558488790146,0.26666666666666666,274.857
2013-11-19 01:00:00,1.9,2.85,1010.5,100.0,0.9,0,101050.0,276.0,0.004616230940803873,0.3,304.355
2013-11-19 02:00:00,2.1,2.9,1010.35,100.0,0.6,0,101035.0,276.04999999999995,0.004633308362688572,0.19999999999999998,304.355
2013-11-19 03:00:00,1.4,3.35,1010.2,100.0,0.7,0,101020.0,276.5,0.00478388218334065,0.2333333333333333,304.355
2013-11-19 04:00:00,2.1,3.55,1009.8,100.0,1.0,0,100980.0,276.7,0.00485378636902193,0.3333333333333333,310.873
2013-11-19 05:00:00,0.6000000000000001,3.975,1009.65,100.0,1.1,0,100965.0,277.125,0.005001896239294978,0.3666666666666667,310.873
2013-11-19 06:00:00,0.7000000000000001,4.175,1009.525,100.0,1.1,0,100952.5,277.325,0.005073243786606589,0.3666666666666667,310.873
2013-11-19 07:00:00,1.3,4.35,1009.625,100.0,1.2,0,100962.5,277.5,0.005135346646250252,0.39999999999999997,317.693
2013-11-19 08:00:00,3.4,4.5,1009.925,100.0,1.0,28,100992.5,277.65,0.005188009907429137,0.3333333333333333,317.832
2013-11-19 09:00:00,3.2,4.85,1010.0,100.0,0.7,19,101000.0,278.0,0.0053160280334093755,0.2333333333333333,317.895
2013-11-19 10:00:00,3.6,4.95,1010.575,100.0,1.1,13,101057.5,278.09999999999997,0.005350181432588848,0.3666666666666667,329.335
2013-11-19 11:00:00,5.9,5.0,1010.4,100.0,1.1,80,101040.0,278.15,0.0053697865221736295,0.3666666666666667,329.33
2013-11-19 12:00:00,3.0,5.35,1010.275,100.0,1.1,105,101027.5,278.5,0.005502839044464116,0.3666666666666667,329.337
2013-11-19 13:00:00,2.9,5.15,1010.225,100.0,1.1,69,101022.5,278.29999999999995,0.005427108302995398,0.3666666666666667,332.043
2013-11-19 14:00:00,2.7,4.875,1009.85,100.0,1.0,14,100985.0,278.025,0.005326097360472813,0.3333333333333333,332.043
2013-11-19 15:00:00,4.0,4.75,1010.325,100.0,0.9,0,101032.5,277.9,0.005277359417350149,0.3,332.043
2013-11-19 16:00:00,1.8,4.35,1010.45,100.0,0.7,0,101045.0,277.5,0.005131153800505132,0.2333333333333333,324.549
2013-11-19 17:00:00,1.9,3.85,1010.4,100.0,0.8,0,101040.0,277.0,0.00495446063061447,0.26666666666666666,324.466
2013-11-19 18:00:00,1.4,3.45,1010.35,100.0,0.6,0,101035.0,276.59999999999997,0.004817051913924754,0.19999999999999998,324.408
2013-11-19 19:00:00,0.8,3.025,1010.725,100.0,0.4,0,101072.5,276.17499999999995,0.004672779893846748,0.13333333333333333,322.247
2013-11-19 20:00:00,0.9,2.6750000000000003,1010.575,100.0,0.3,0,101057.5,275.825,0.004558932401162384,0.09999999999999999,322.247
2013-11-19 21:00:00,0.8,2.35,1011.25,100.0,0.1,0,101125.0,275.5,0.004451832578440598,0.03333333333333333,322.247
2013-11-19 22:00:00,0.0,2.05,1011.125,100.0,0.2,0,101112.5,275.2,0.004358193025831148,0.06666666666666667,318.976
2013-11-19 23:00:00,0.4,1.575,1011.925,100.0,0.2,0,101192.5,274.72499999999997,0.004209335866471369,0.06666666666666667,318.976
2013-11-20 00:00:00,0.4,0.9,1012.4,100.0,0.6,0,101240.0,274.04999999999995,0.004008219209263648,0.19999999999999998,318.976
2013-11-20 01:00:00,0.2,0.425,1012.6,100.0,0.4,0,101260.0,273.575,0.00387237143564747,0.13333333333333333,313.593
2013-11-20 02:00:00,0.0,0.075,1013.175,100.0,0.5,0,101317.5,273.22499999999997,0.0037733119290440367,0.16666666666666666,313.593
2013-11-20 03:00:00,0.0,-0.2,1013.375,100.0,0.4,0,101337.5,272.95,0.003697990725717704,0.13333333333333333,313.593
2013-11-20 04:00:00,0.0,-0.475,1013.875,100.0,0.3,0,101387.5,272.67499999999995,0.0036229371095097005,0.09999999999999999,307.897
2013-11-20 05:00:00,0.0,-0.85,1014.025,100.0,0.2,0,101402.5,272.29999999999995,0.003524631500479915,0.06666666666666667,307.897
2013-11-20 06:00:00,0.0,-1.5,1014.275,100.0,0.1,0,101427.5,271.65,0.003359870332995503,0.03333333333333333,307.897
2013-11-20 07:00:00,0.0,-1.875,1015.0,100.0,0.6,0,101500.0,271.275,0.0032660920079807055,0.19999999999999998,285.344
2013-11-20 08:00:00,0.0,-2.85,1015.625,99.9,2.0,41,101562.5,270.29999999999995,0.003033848871145333,0.6666666666666666,285.344
2013-11-20 09:00:00,0.0,-2.75,1016.6,96.5,1.5,246,101660.0,270.4,0.002949608167342298,0.5,285.344
2013-11-20 10:00:00,0.1,-2.075,1017.05,88.8,1.9,950,101705.0,271.075,0.0028520592714158426,0.6333333333333333,314.892
2013-11-20 11:00:00,0.0,-1.325,1017.175,79.0,2.0,1645,101717.5,271.825,0.0026809541211272395,0.6666666666666666,314.913
2013-11-20 12:00:00,0.0,-1.2,1016.875,72.6,2.3,1115,101687.5,271.95,0.0024871822273451337,0.7666666666666666,314.913
2013-11-20 13:00:00,0.0,-1.2,1017.375,70.4,2.3,757,101737.5,271.95,0.002410627757197799,0.7666666666666666,301.312
2013-11-20 14:00:00,0.0,-1.625,1017.55,65.6,2.2,465,101755.0,271.525,0.0021768868403975344,0.7333333333333334,301.312
2013-11-20 15:00:00,0.0,-2.0,1018.275,61.4,1.8,200,101827.5,271.15,0.0019805913724564384,0.6,301.312
2013-11-20 16:00:00,0.0,-2.35,1018.525,56.4,2.2,4,101852.5,270.79999999999995,0.001772429247130504,0.7333333333333334,228.924
2013-11-20 17:00:00,0.0,-3.1,1019.05,47.4,2.0,0,101905.0,270.04999999999995,0.0014082175160881965,0.6666666666666666,228.849
2013-11-20 18:00:00,0.0,-3.85,1019.45,53.5,1.7,0,101945.0,269.29999999999995,0.0015022728897931582,0.5666666666666667,228.785
2013-11-20 19:00:00,0.0,-4.5,1019.725,56.7,1.4,0,101972.5,268.65,0.0015158457646361095,0.4666666666666666,208.391
2013-11-20 20:00:00,0.0,-4.65,1019.95,56.7,1.5,0,101995.0,268.5,0.0014984737043844275,0.5,208.37
2013-11-20 21:00:00,0.0,-4.85,1020.475,37.5,1.4,0,102047.5,268.29999999999995,0.0009757026453906186,0.4666666666666666,208.37
2013-11-20 22:00:00,0.0,-4.95,1020.45,25.4,1.2,0,102045.0,268.2,0.0006559160616794452,0.39999999999999997,205.995
2013-11-20 23:00:00,0.0,-5.3,1021.05,23.8,1.3,0,102105.0,267.84999999999997,0.0005981725167104516,0.43333333333333335,205.995
2013-11-21 00:00:00,0.0,-5.4,1021.25,29.7,1.2,0,102125.0,267.75,0.0007406724082148834,0.39999999999999997,205.995
2013-11-21 01:00:00,0.0,-5.25,1022.025,30.5,1.0,0,102202.5,267.9,0.000768742959616175,0.3333333333333333,203.934
2013-11-21 02:00:00,0.0,-4.725,1022.625,25.1,1.8,0,102262.5,268.42499999999995,0.0006578773215680015,0.6,203.934
2013-11-21 03:00:00,0.0,-4.75,1023.475,22.8,2.0,0,102347.5,268.4,0.000595971851967304,0.6666666666666666,203.934
2013-11-21 04:00:00,0.0,-4.675,1024.125,23.4,2.0,0,102412.5,268.47499999999997,0.0006147363498392183,0.6666666666666666,218.312
2013-11-21 05:00:00,0.0,-4.9,1024.575,19.0,2.4,0,102457.5,268.25,0.0004905210191636864,0.7999999999999999,218.286
2013-11-21 06:00:00,0.0,-5.225,1025.1,23.5,1.6,0,102509.99999999999,267.92499999999995,0.0005916533974966981,0.5333333333333333,218.286
2013-11-21 07:00:00,0.0,-5.05,1025.3,27.9,1.5,0,102530.0,268.09999999999997,0.0007116631306653166,0.5,201.09
2013-11-21 08:00:00,0.0,-4.025,1026.175,29.5,1.5,7,102617.5,269.125,0.0008122011363691014,0.5,201.165
2013-11-21 09:00:00,0.0,-2.05,1026.575,21.2,1.7,155,102657.5,271.09999999999997,0.0006758253285895035,0.5666666666666667,201.176
2013-11-21 10:00:00,0.0,-0.575,1026.725,16.8,1.8,1046,102672.49999999999,272.575,0.0005966713528586052,0.6,215.483
2013-11-21 11:00:00,0.0,1.125,1027.25,17.6,1.7,1656,102725.0,274.275,0.0007065981021162337,0.5666666666666667,215.544
2013-11-21 12:00:00,0.0,2.125,1027.1,17.4,1.4,981,102709.99999999999,275.275,0.0007505358948442897,0.4666666666666666,215.544
2013-11-21 13:00:00,0.0,2.05,1026.925,18.6,1.3,487,102692.5,275.2,0.0007981518550267007,0.43333333333333335,217.272
2013-11-21 14:00:00,0.0,1.85,1027.2,20.6,0.8,186,102720.0,275.0,0.000871204689869568,0.26666666666666666,217.194
2013-11-21 15:00:00,0.0,1.45,1027.275,19.6,1.0,0,102727.50000000001,274.59999999999997,0.0008054532306811594,0.3333333333333333,217.194
2013-11-21 16:00:00,0.0,2.775557561562892e-17,1027.525,19.9,0.8,0,102752.50000000001,273.15,0.000736384995397131,0.26666666666666666,200.917
2013-11-21 17:00:00,0.0,-0.15,1027.9,27.0,0.8,0,102790.00000000001,273.0,0.0009879317338041904,0.26666666666666666,200.858
2013-11-21 18:00:00,0.0,-0.3,1028.35,23.9,0.7,0,102834.99999999999,272.84999999999997,0.0008646392325378973,0.2333333333333333,200.778
2013-11-21 19:00:00,0.0,-1.05,1028.775,23.7,0.6,0,102877.50000000001,272.09999999999997,0.0008114051981728468,0.19999999999999998,197.54
2013-11-21 20:00:00,0.0,-0.275,1029.05,28.5,0.7,0,102905.0,272.875,0.0010322291495065878,0.2333333333333333,197.54
2013-11-21 21:00:00,0.0,-0.9,1029.2,26.8,0.6,0,102920.0,272.25,0.00092727861535196,0.19999999999999998,197.54
2013-11-21 22:00:00,0.0,0.175,1029.125,27.7,0.7,0,102912.5,273.325,0.0010364947687551596,0.2333333333333333,199.688
2013-11-21 23:00:00,0.0,0.225,1028.825,21.9,0.9,0,102882.5,273.375,0.0008226806095072985,0.3,199.688
2013-11-22 00:00:00,0.0,-0.35,1029.375,26.3,0.7,0,102937.5,272.79999999999995,0.0009470657687141166,0.2333333333333333,199.688
2013-11-22 01:00:00,0.0,-1.15,1029.275,30.5,0.7,0,102927.50000000001,272.0,0.0010360913676437894,0.2333333333333333,200.799
2013-11-22 02:00:00,0.0,-0.0249999999999999,1029.25,35.9,0.7,0,102925.0,273.125,0.001323822810969519,0.2333333333333333,200.799
2013-11-22 03:00:00,0.0,0.8,1029.1750000000002,23.6,0.8,0,102917.50000000001,273.95,0.0009238399332850569,0.26666666666666666,200.799
2013-11-22 04:00:00,0.0,0.2,1029.075,24.9,0.8,0,102907.5,273.34999999999997,0.0009334573176088646,0.26666666666666666,202.438
2013-11-22 05:00:00,0.0,0.625,1029.25,26.8,0.8,0,102925.0,273.775,0.0010358689730028444,0.26666666666666666,202.438
2013-11-22 06:00:00,0.0,0.0749999999999999,1028.825,23.0,0.8,0,102882.5,273.22499999999997,0.0008546602407145182,0.26666666666666666,202.438
2013-11-22 07:00:00,0.0,-0.025,1029.375,30.5,0.8,0,102937.5,273.125,0.0011245596848780586,0.26666666666666666,206.318
2013-11-22 08:00:00,0.0,1.15,1029.575,31.8,0.7,7,102957.5,274.29999999999995,0.0012761027765797327,0.2333333333333333,206.396
2013-11-22 09:00:00,0.0,3.425,1029.5,26.1,0.3,185,102950.0,276.575,0.0012316894697644543,0.09999999999999999,206.541
2013-11-22 10:00:00,0.0,5.1,1029.675,23.0,0.3,996,102967.5,278.25,0.001220401675796267,0.09999999999999999,222.094
2013-11-22 11:00:00,0.4,7.025,1029.025,23.0,0.4,1614,102902.50000000001,280.17499999999995,0.0013948683013072026,0.13333333333333333,222.094
2013-11-22 12:00:00,0.0,7.65,1028.4,20.4,0.5,1000,102840.00000000001,280.79999999999995,0.0012919955032819049,0.16666666666666666,222.212
2013-11-22 13:00:00,0.0,6.825,1028.375,22.1,0.4,507,102837.5,279.97499999999997,0.0013228565993119337,0.13333333333333333,225.414
2013-11-22 14:00:00,0.2,5.025,1027.55,27.5,0.5,205,102755.0,278.17499999999995,0.0014545763059019255,0.16666666666666666,225.292
2013-11-22 15:00:00,0.0,4.1000000000000005,1027.625,31.7,0.7,48,102762.5,277.25,0.0015716002342317647,0.2333333333333333,225.232
2013-11-22 16:00:00,0.1,4.2,1027.275,33.3,0.7,0,102727.50000000001,277.34999999999997,0.001663113132219258,0.2333333333333333,216.713
2013-11-22 17:00:00,0.0,4.125,1027.425,30.5,0.6,0,102742.5,277.275,0.0015150575273891558,0.19999999999999998,216.59
2013-11-22 18:00:00,0.0,2.975,1027.5,28.4,0.7,0,102750.0,276.125,0.001300790023332292,0.2333333333333333,216.575
2013-11-22 19:00:00,0.0,3.05,1027.175,38.1,0.6,0,102717.5,276.2,0.0017549205353362938,0.19999999999999998,211.697
2013-11-22 20:00:00,0.1,3.975,1026.925,28.8,0.7,0,102692.5,277.125,0.0014163131552403562,0.2333333333333333,211.697
2013-11-22 21:00:00,0.0,3.7,1027.125,28.4,0.7,0,102712.5,276.84999999999997,0.0013696219105549055,0.2333333333333333,211.633
2013-11-22 22:00:00,0.0,4.05,1026.675,29.8,0.7,0,102667.5,277.2,0.0014735892365138517,0.2333333333333333,205.458
2013-11-22 23:00:00,0.0,4.725,1026.4,28.6,0.7,0,102640.00000000001,277.875,0.0014830953212949553,0.2333333333333333,205.458
2013-11-23 00:00:00,0.0,4.2,1026.275,28.6,0.8,0,102627.50000000001,277.34999999999997,0.0014297712565393944,0.26666666666666666,205.458
2013-11-23 01:00:00,0.0,4.1,1025.9,33.1,0.7,0,102590.00000000001,277.25,0.001643767720833258,0.2333333333333333,200.349
2013-11-23 02:00:00,0.0,2.6,1025.975,33.9,0.8,0,102597.49999999999,275.75,0.0015141934281316695,0.26666666666666666,200.402
2013-11-23 03:00:00,0.0,1.8,1025.575,43.7,0.6,0,102557.5,274.95,0.0018444615107787378,0.19999999999999998,200.402
2013-11-23 04:00:00,0.0,1.475,1025.4,44.1,0.6,0,102540.00000000001,274.625,0.0018188410843370507,0.19999999999999998,204.391
2013-11-23 05:00:00,0.0,1.4249999999999998,1025.325,45.4,0.7,0,102532.5,274.575,0.0018658925008640049,0.2333333333333333,204.391
2013-11-23 06:00:00,0.0,1.35,1025.225,47.1,0.8,0,102522.49999999999,274.5,0.0019255601553371051,0.26666666666666666,204.391
2013-11-23 07:00:00,0.0,2.3,1025.225,48.0,0.8,0,102522.49999999999,275.45,0.0021002611880997493,0.26666666666666666,212.226
2013-11-23 08:00:00,0.0,3.7,1024.925,42.4,0.8,3,102492.5,276.84999999999997,0.002049176774764254,0.26666666666666666,212.301
2013-11-23 09:00:00,0.1,5.625,1024.875,37.7,0.7,219,102487.5,278.775,0.0020844226308346144,0.2333333333333333,212.376
2013-11-23 10:00:00,0.2,7.65,1024.7,35.2,0.6,977,102470.0,280.79999999999995,0.0022373752518787863,0.19999999999999998,235.545
2013-11-23 11:00:00,0.5,9.05,1024.375,27.1,0.7,1622,102437.5,282.2,0.0018947322298409725,0.2333333333333333,235.545
2013-11-23 12:00:00,0.0,9.5,1023.45,27.1,0.7,963,102345.0,282.65,0.0019547915026125007,0.2333333333333333,235.6
2013-11-23 13:00:00,0.1,9.8,1022.925,26.6,0.7,500,102292.5,282.95,0.0019587686944820184,0.2333333333333333,251.819
2013-11-23 14:00:00,0.0,9.525,1022.65,25.8,0.9,367,102265.0,282.67499999999995,0.001865607238894341,0.3,251.872
2013-11-23 15:00:00,0.0,8.85,1022.075,26.2,1.0,211,102207.5,282.0,0.0018113066371996222,0.3333333333333333,251.872
2013-11-23 16:00:00,0.0,7.475,1022.275,28.9,0.7,49,102227.5,280.625,0.0018194288372356414,0.2333333333333333,254.398
2013-11-23 17:00:00,0.0,5.325,1021.725,33.8,0.7,0,102172.5,278.47499999999997,0.0018359237942976144,0.2333333333333333,254.365
2013-11-23 18:00:00,0.0,4.35,1021.5,40.7,0.8,0,102150.0,277.5,0.0020657887064045102,0.26666666666666666,254.391
2013-11-23 19:00:00,0.0,4.8,1021.725,46.1,0.8,0,102172.5,277.95,0.0024141286768198005,0.26666666666666666,271.398
2013-11-23 20:00:00,0.0,5.5,1021.5,35.5,0.8,0,102150.0,278.65,0.0019522700561153481,0.26666666666666666,271.398
2013-11-23 21:00:00,0.1,6.75,1021.6,29.9,0.9,0,102160.0,279.9,0.001792359488920273,0.3,271.454
2013-11-23 22:00:00,0.0,6.15,1021.55,25.2,1.0,0,102155.0,279.29999999999995,0.0014495387198822957,0.3333333333333333,309.034
2013-11-23 23:00:00,0.0,4.875,1021.4,28.1,0.8,0,102140.0,278.025,0.001479709415382852,0.26666666666666666,309.157
2013-11-24 00:00:00,0.0,5.975,1021.5,28.7,0.8,0,102150.0,279.125,0.0016311051185434855,0.26666666666666666,309.157
2013-11-24 01:00:00,0.0,5.1,1021.125,26.9,0.9,0,102112.5,278.25,0.0014392906319069022,0.3,309.1
2013-11-24 02:00:00,0.0,5.875,1021.0,26.5,0.9,0,102100.0,279.025,0.001496425058055976,0.3,309.1
2013-11-24 03:00:00,0.0,6.075,1021.025,23.5,0.9,0,102102.5,279.22499999999997,0.0013454609229752426,0.3,309.1
2013-11-24 04:00:00,0.0,5.775,1020.85,23.3,0.8,0,102085.0,278.92499999999995,0.0013068412473043218,0.26666666666666666,297.987
2013-11-24 05:00:00,0.0,6.075,1020.775,23.7,0.8,0,102077.5,279.22499999999997,0.0013572439781194571,0.26666666666666666,297.987
2013-11-24 06:00:00,0.0,6.35,1020.95,21.5,0.8,0,102095.0,279.5,0.0012546264539639858,0.26666666666666666,297.924
2013-11-24 07:00:00,0.0,6.45,1021.1,21.6,0.8,0,102110.0,279.59999999999997,0.0012689897270219777,0.26666666666666666,289.527
2013-11-24 08:00:00,0.0,7.45,1021.25,19.3,0.8,3,102125.0,280.59999999999997,0.0012141951308850736,0.26666666666666666,289.527
2013-11-24 09:00:00,0.3,8.725,1021.55,21.5,0.7,220,102155.0,281.875,0.0014746281437850758,0.2333333333333333,289.527
2013-11-24 10:00:00,0.1,10.65,1021.575,24.9,0.6,939,102157.5,283.79999999999995,0.0019433316230432153,0.19999999999999998,289.815
2013-11-24 11:00:00,0.2,12.1,1021.575,26.4,0.2,1585,102157.5,285.25,0.002268094671498962,0.06666666666666667,289.835
2013-11-24 12:00:00,0.0,11.975,1021.775,21.4,0.2,898,102177.5,285.125,0.0018230937200537918,0.06666666666666667,289.835
2013-11-24 13:00:00,0.0,10.975,1021.85,19.7,0.4,474,102185.0,284.125,0.0015706772556158947,0.13333333333333333,284.053
2013-11-24 14:00:00,0.0,8.4,1022.0,25.5,0.4,196,102200.0,281.54999999999995,0.0017101512966004098,0.13333333333333333,284.053
2013-11-24 15:00:00,0.0,7.125,1022.425,32.5,0.6,59,102242.5,280.275,0.0019973734563950535,0.19999999999999998,284.053
2013-11-24 16:00:00,0.0,6.199999999999999,1022.45,38.2,0.6,14,102245.0,279.34999999999997,0.002202972003603767,0.19999999999999998,250.969
2013-11-24 17:00:00,0.0,5.375,1022.8,41.9,0.6,0,102280.0,278.525,0.0022814135379804696,0.19999999999999998,250.943
2013-11-24 18:00:00,0.0,5.125,1023.3,41.0,0.7,0,102330.0,278.275,0.002192864629593451,0.2333333333333333,250.885
2013-11-24 19:00:00,0.0,4.925,1023.475,40.4,0.7,0,102347.5,278.075,0.0021305135912190777,0.2333333333333333,235.832
2013-11-24 20:00:00,0.0,4.675,1023.875,38.4,0.7,0,102387.5,277.825,0.0019892405670585344,0.2333333333333333,235.832
2013-11-24 21:00:00,0.0,4.75,1023.925,40.8,0.7,0,102392.5,277.9,0.0021245638562984496,0.2333333333333333,235.806
2013-11-24 22:00:00,0.0,4.825,1023.8,39.9,0.7,0,102380.0,277.97499999999997,0.0020888580091019703,0.2333333333333333,214.555
2013-11-24 23:00:00,0.0,5.1,1023.975,37.7,0.7,0,102397.5,278.25,0.0020115328266256567,0.2333333333333333,214.555
2013-11-25 00:00:00,0.0,5.075,1024.2,36.0,0.6,0,102420.0,278.22499999999997,0.0019170652402006696,0.19999999999999998,214.555
2013-11-25 01:00:00,0.0,5.025,1024.3,40.0,0.5,0,102430.0,278.17499999999995,0.0021224604057824303,0.16666666666666666,204.002
2013-11-25 02:00:00,0.0,5.05,1024.3249999999998,39.7,0.7,0,102432.49999999999,278.2,0.0021101619201326716,0.2333333333333333,204.002
2013-11-25 03:00:00,0.0,4.925000000000001,1023.975,37.5,0.7,0,102397.5,278.075,0.001976615045774716,0.2333333333333333,204.002
2013-11-25 04:00:00,0.0,5.35,1024.05,39.0,0.6,0,102405.0,278.5,0.0021172388839431028,0.19999999999999998,203.828
2013-11-25 05:00:00,0.0,6.25,1024.275,35.2,0.8,0,102427.50000000001,279.4,0.002033349209358825,0.26666666666666666,203.828
2013-11-25 06:00:00,0.0,6.375,1024.15,30.8,0.7,0,102415.00000000001,279.525,0.0017947992113905257,0.2333333333333333,203.828
2013-11-25 07:00:00,0.0,6.2,1024.4,29.8,0.7,0,102440.00000000001,279.34999999999997,0.001715277491191963,0.2333333333333333,215.212
2013-11-25 08:00:00,0.0,6.825,1024.85,32.1,0.8,22,102484.99999999999,279.97499999999997,0.0019280430724411878,0.26666666666666666,215.351
2013-11-25 09:00:00,0.0,8.6,1025.15,33.5,0.5,227,102515.00000000001,281.75,0.0022703231213773143,0.16666666666666666,215.345
2013-11-25 10:00:00,0.0,10.525,1025.1,29.3,0.4,928,102509.99999999999,283.67499999999995,0.0022599626308460303,0.13333333333333333,245.158
2013-11-25 11:00:00,0.0,11.425,1025.0,26.0,0.5,1524,102500.0,284.575,0.0021292146386612783,0.16666666666666666,245.212
2013-11-25 12:00:00,0.1,11.65,1025.075,31.2,0.4,922,102507.5,284.79999999999995,0.0025931808672182447,0.13333333333333333,245.179
2013-11-25 13:00:00,0.0,10.375,1024.625,24.3,0.5,442,102462.5,283.525,0.0018564999712375923,0.16666666666666666,252.71
2013-11-25 14:00:00,0.0,8.9,1024.45,32.7,0.5,209,102445.0,282.04999999999995,0.0022630665599646252,0.16666666666666666,252.716
2013-11-25 15:00:00,0.0,6.525,1024.7,34.3,0.4,72,102470.0,279.67499999999995,0.0020184248178567064,0.13333333333333333,252.652
2013-11-25 16:00:00,0.0,5.725,1025.025,40.8,0.6,12,102502.50000000001,278.875,0.0022711752611440893,0.19999999999999998,245.893
2013-11-25 17:00:00,0.0,4.85,1024.625,45.5,0.7,0,102462.5,278.0,0.0023842680812524372,0.2333333333333333,245.812
2013-11-25 18:00:00,0.0,4.875,1024.575,45.4,0.6,0,102457.5,278.025,0.0023832964657940657,0.19999999999999998,245.748
2013-11-25 19:00:00,0.0,5.075,1024.275,44.0,0.5,0,102427.50000000001,278.22499999999997,0.002342908171812451,0.16666666666666666,258.059
2013-11-25 20:00:00,0.0,5.3,1024.275,40.5,0.6,0,102427.50000000001,278.45,0.0021905633788958105,0.19999999999999998,258.059
2013-11-25 21:00:00,0.0,6.1,1023.925,36.1,0.5,0,102392.5,279.25,0.0020645650748321895,0.16666666666666666,258.123
2013-11-25 22:00:00,0.0,5.75,1023.975,35.5,0.7,0,102397.5,278.9,0.0019815998901082724,0.2333333333333333,287.151
2013-11-25 23:00:00,0.0,5.3,1023.7,40.0,0.5,0,102370.0,278.45,0.0021647346094291293,0.16666666666666666,287.151
2013-11-26 00:00:00,0.0,4.725,1023.7,39.9,0.5,0,102370.0,277.875,0.0020745307064292343,0.16666666666666666,287.151
2013-11-26 01:00:00,0.0,4.25,1023.45,43.0,0.5,0,102345.0,277.4,0.0021631596767248936,0.16666666666666666,271.161
2013-11-26 02:00:00,0.0,4.425,1023.25,46.1,0.7,0,102325.0,277.575,0.002348171171819385,0.2333333333333333,271.161
2013-11-26 03:00:00,0.0,4.175,1022.975,43.5,0.6,0,102297.5,277.325,0.002177845400570099,0.19999999999999998,271.225
2013-11-26 04:00:00,0.0,4.074999999999999,1023.025,42.7,0.6,0,102302.5,277.22499999999997,0.002122741100590212,0.19999999999999998,270.875
2013-11-26 05:00:00,0.0,4.025,1022.775,43.0,0.6,0,102277.5,277.17499999999995,0.0021306843895245557,0.19999999999999998,270.875
2013-11-26 06:00:00,0.0,3.8,1022.725,42.8,0.6,0,102272.5,276.95,0.002087599636464831,0.19999999999999998,270.875
2013-11-26 07:00:00,0.0,3.9,1022.475,44.5,0.6,0,102247.5,277.04999999999995,0.0021863707991800216,0.19999999999999998,276.55
2013-11-26 08:00:00,0.0,4.825,1022.725,45.0,0.6,125,102272.5,277.97499999999997,0.00235833116824516,0.19999999999999998,276.605
2013-11-26 09:00:00,0.0,7.5,1022.55,44.0,0.5,444,102255.0,280.65,0.002774052465590611,0.16666666666666666,276.685
2013-11-26 10:00:00,0.0,8.375,1022.825,44.2,0.2,808,102282.5,281.525,0.002956854116235257,0.06666666666666667,294.907
2013-11-26 11:00:00,0.0,9.25,1022.025,40.1,0.5,1134,102202.5,282.4,0.0028482307147763386,0.16666666666666666,295.026
2013-11-26 12:00:00,0.0,9.0,1021.45,36.2,0.7,800,102145.0,282.15,0.0025296697873185984,0.2333333333333333,295.046
2013-11-26 13:00:00,0.0,8.825,1020.8,43.4,0.2,659,102080.0,281.97499999999997,0.002999085578813253,0.06666666666666667,285.652
2013-11-26 14:00:00,0.0,7.15,1020.575,46.0,0.3,352,102057.5,280.29999999999995,0.0028370299977844185,0.09999999999999999,285.589
2013-11-26 15:00:00,0.0,5.775,1020.175,55.6,0.3,237,102017.5,278.92499999999995,0.0031205342992453554,0.09999999999999999,285.574
2013-11-26 16:00:00,0.0,5.025,1019.95,59.6,0.4,39,101995.0,278.17499999999995,0.003175953653147689,0.13333333333333333,246.427
2013-11-26 17:00:00,0.0,4.65,1020.2,58.8,0.8,0,102020.0,277.79999999999995,0.0030516623035846155,0.26666666666666666,239.925
2013-11-26 18:00:00,0.0,4.8,1020.1,56.5,0.6,0,102010.0,277.95,0.002963460956707057,0.19999999999999998,239.808
2013-11-26 19:00:00,0.0,4.825,1019.85,54.3,0.8,0,101985.0,277.97499999999997,0.0028537418128278935,0.26666666666666666,263.498
2013-11-26 20:00:00,0.0,5.375,1019.475,53.1,0.8,0,101947.5,278.525,0.002900672192088319,0.26666666666666666,263.498
2013-11-26 21:00:00,0.0,6.175,1019.45,49.3,0.6,0,101945.0,279.325,0.0028465535959266448,0.19999999999999998,263.622
2013-11-26 22:00:00,0.0,5.1,1019.0,43.4,0.5,0,101900.0,278.25,0.0023269694050350987,0.16666666666666666,291.892
2013-11-26 23:00:00,0.0,6.025,1019.05,45.0,0.7,0,101905.0,279.17499999999995,0.002572505635438879,0.2333333333333333,291.999
2013-11-27 00:00:00,0.0,5.85,1018.25,40.6,0.7,0,101825.0,279.0,0.0022948546428895383,0.2333333333333333,291.921
2013-11-27 01:00:00,0.0,6.2,1017.875,42.4,0.6,0,101787.5,279.34999999999997,0.0024561738490860695,0.19999999999999998,298.289
2013-11-27 02:00:00,0.0,6.375,1017.525,39.9,0.6,0,101752.5,279.525,0.0023402191570834666,0.19999999999999998,298.289
2013-11-27 03:00:00,0.0,5.9,1017.175,42.4,0.6,0,101717.5,279.04999999999995,0.00240744370834613,0.19999999999999998,298.289
2013-11-27 04:00:00,0.0,5.699999999999999,1017.075,46.3,0.7,0,101707.5,278.84999999999997,0.0025929896191683307,0.2333333333333333,321.243
2013-11-27 05:00:00,0.0,5.125,1016.775,47.9,0.7,0,101677.5,278.275,0.0025783483571545055,0.2333333333333333,321.243
2013-11-27 06:00:00,0.0,5.075,1016.625,49.3,0.9,0,101662.5,278.22499999999997,0.0026448758882841325,0.3,321.303
2013-11-27 07:00:00,0.0,5.05,1016.675,51.0,0.8,0,101667.5,278.2,0.0027311847499825754,0.26666666666666666,318.549
2013-11-27 08:00:00,0.0,6.175,1017.15,50.4,0.8,26,101715.0,279.325,0.0029166472640008412,0.26666666666666666,318.612
2013-11-27 09:00:00,0.0,8.5,1016.65,45.3,0.6,422,101665.0,281.65,0.0030747914865059175,0.19999999999999998,318.612
2013-11-27 10:00:00,0.0,9.2,1016.625,40.3,0.5,804,101662.5,282.34999999999997,0.002867964322885355,0.16666666666666666,323.696
2013-11-27 11:00:00,0.0,10.6,1016.15,36.6,0.8,1328,101615.0,283.75,0.0028621628193096884,0.26666666666666666,323.834
2013-11-27 12:00:00,0.0,10.675,1015.7,33.6,0.8,942,101570.0,283.825,0.0026418905179489338,0.26666666666666666,323.834
2013-11-27 13:00:00,0.0,10.45,1015.35,35.1,0.7,778,101535.0,283.59999999999997,0.002719685785153822,0.2333333333333333,319.431
2013-11-27 14:00:00,0.0,8.65,1014.875,38.0,0.6,280,101487.5,281.79999999999995,0.0026101839959894423,0.19999999999999998,319.431
2013-11-27 15:00:00,0.0,6.775,1015.25,49.4,0.7,87,101525.0,279.92499999999995,0.0029849333954280613,0.2333333333333333,319.431
2013-11-27 16:00:00,0.0,6.6,1015.175,55.1,0.7,21,101517.5,279.75,0.003289781815029917,0.2333333333333333,288.472
2013-11-27 17:00:00,0.0,7.025,1015.375,50.5,0.8,0,101537.5,280.17499999999995,0.0031038177098633947,0.26666666666666666,288.472
2013-11-27 18:00:00,0.0,7.175000000000001,1015.625,47.2,0.7,0,101562.5,280.325,0.002930239632694628,0.2333333333333333,288.472
2013-11-27 19:00:00,0.0,6.875,1015.5,44.0,0.7,0,101550.0,280.025,0.0026763041570578372,0.2333333333333333,314.325
2013-11-27 20:00:00,0.0,6.4,1015.9,44.0,0.7,0,101590.0,279.54999999999995,0.0025892772658202144,0.2333333333333333,314.325
2013-11-27 21:00:00,0.0,6.4,1016.325,46.9,0.6,0,101632.5,279.54999999999995,0.0027587800456829272,0.19999999999999998,314.325
2013-11-27 22:00:00,0.0,7.025,1016.125,45.3,0.7,0,101612.5,280.17499999999995,0.0027821616531257293,0.2333333333333333,319.535
2013-11-27 23:00:00,0.0,6.35,1016.3,43.2,0.7,0,101630.0,279.5,0.0025324581387174976,0.2333333333333333,319.535
2013-11-28 00:00:00,0.0,5.725,1016.6,47.2,0.7,0,101660.0,278.875,0.0026492127526433562,0.2333333333333333,319.535
2013-11-28 01:00:00,0.0,5.275,1016.675,51.4,0.8,0,101667.5,278.42499999999995,0.0027960414019735456,0.26666666666666666,324.108
2013-11-28 02:00:00,0.0,4.75,1016.9,54.1,0.8,0,101690.0,277.9,0.002836591455358295,0.26666666666666666,324.108
2013-11-28 03:00:00,0.0,5.075,1016.9,56.8,0.7,0,101690.0,278.22499999999997,0.0030464163099170757,0.2333333333333333,324.108
2013-11-28 04:00:00,0.0,5.325,1016.675,54.1,0.8,0,101667.5,278.47499999999997,0.0029531607723816107,0.26666666666666666,292.086
2013-11-28 05:00:00,0.0,5.7,1016.75,53.0,0.6,0,101675.0,278.84999999999997,0.002969165837163333,0.19999999999999998,292.086
2013-11-28 06:00:00,0.0,5.65,1017.325,51.3,0.7,0,101732.5,278.79999999999995,0.0028623689167742924,0.2333333333333333,292.086
2013-11-28 07:00:00,0.0,5.4,1017.825,52.3,0.6,0,101782.5,278.54999999999995,0.002866575789809759,0.19999999999999998,299.085
2013-11-28 08:00:00,0.0,6.550000000000001,1018.25,53.2,0.5,49,101825.0,279.7,0.0031558738078062694,0.16666666666666666,299.15
2013-11-28 09:00:00,0.0,8.45,1018.775,50.7,0.6,174,101877.5,281.59999999999997,0.0034225284222684743,0.19999999999999998,299.144
2013-11-28 10:00:00,0.0,10.075,1018.85,46.5,0.4,826,101885.0,283.22499999999997,0.0035017762977791614,0.13333333333333333,325.973
2013-11-28 11:00:00,0.0,11.125,1018.775,40.8,0.3,1460,101877.5,284.275,0.0032954562233819466,0.09999999999999999,325.967
2013-11-28 12:00:00,0.0,11.175,1018.975,42.0,0.2,698,101897.5,284.325,0.0034029864537866326,0.06666666666666667,325.967
2013-11-28 13:00:00,0.0,9.825,1018.475,39.4,0.3,332,101847.5,282.97499999999997,0.0029188997868010644,0.09999999999999999,338.962
2013-11-28 14:00:00,0.0,8.325,1018.425,46.1,0.4,169,101842.5,281.47499999999997,0.0030867952704886834,0.13333333333333333,338.962
2013-11-28 15:00:00,0.0,7.25,1018.625,51.4,0.5,57,101862.5,280.4,0.003197959220269565,0.16666666666666666,338.962
2013-11-28 16:00:00,0.0,6.675,1019.125,57.0,0.6,13,101912.5,279.825,0.003407561358642483,0.19999999999999998,347.03
2013-11-28 17:00:00,0.0,6.075,1019.4,58.9,0.5,0,101940.0,279.22499999999997,0.0033776159597459893,0.16666666666666666,347.03
2013-11-28 18:00:00,0.0,5.575,1019.75,56.4,0.6,0,101975.0,278.72499999999997,0.0031231655482423367,0.19999999999999998,347.025
2013-11-28 19:00:00,0.0,5.3,1020.5,58.6,0.7,0,102050.0,278.45,0.0031812806181483176,0.2333333333333333,336.041
2013-11-28 20:00:00,0.0,5.2,1020.525,61.6,0.7,0,102052.5,278.34999999999997,0.0033208902943050443,0.2333333333333333,336.041
2013-11-28 21:00:00,0.0,5.0,1020.925,60.0,0.5,0,102092.5,278.15,0.0031886567389402174,0.16666666666666666,336.041
2013-11-28 22:00:00,0.0,5.05,1021.4,60.0,0.6,0,102140.0,278.2,0.003198294446709286,0.19999999999999998,323.891
2013-11-28 23:00:00,0.0,4.85,1021.525,60.0,0.7,0,102152.5,278.0,0.0031536310792649046,0.2333333333333333,323.891
2013-11-29 00:00:00,0.0,4.8,1021.575,56.1,0.5,0,102157.5,277.95,0.0029382322044484645,0.16666666666666666,323.891
2013-11-29 01:00:00,0.0,4.575,1021.8,51.5,0.5,0,102180.0,277.72499999999997,0.002654661871232711,0.16666666666666666,314.666
2013-11-29 02:00:00,0.0,4.075,1022.325,61.6,0.5,0,102232.5,277.22499999999997,0.003064411839614292,0.16666666666666666,314.666
2013-11-29 03:00:00,0.0,3.75,1022.6,67.1,0.5,0,102260.0,276.9,0.0032617526672049867,0.16666666666666666,314.666
2013-11-29 04:00:00,0.0,3.675,1022.6,62.7,0.6,0,102260.0,276.825,0.0030318161060922714,0.19999999999999998,256.983
2013-11-29 05:00:00,0.0,3.425,1022.75,61.7,0.6,0,102275.0,276.575,0.002930911790215457,0.19999999999999998,256.925
2013-11-29 06:00:00,0.0,3.325,1022.775,61.1,0.6,0,102277.5,276.47499999999997,0.0028819220146991007,0.19999999999999998,256.845
2013-11-29 07:00:00,0.0,3.4000000000000004,1022.975,62.5,0.7,0,102297.5,276.54999999999995,0.002963028395556374,0.2333333333333333,269.416
2013-11-29 08:00:00,0.0,4.35,1023.25,61.5,0.5,14,102325.0,277.5,0.0031161849303670192,0.16666666666666666,269.479
2013-11-29 09:00:00,0.0,5.975,1023.5,61.3,0.4,185,102350.0,279.125,0.0034770509322795845,0.13333333333333333,269.618
2013-11-29 10:00:00,0.0,7.8,1024.225,55.9,0.3,857,102422.49999999999,280.95,0.003591289252454614,0.09999999999999999,309.159
2013-11-29 11:00:00,0.0,8.875,1023.925,46.6,0.3,1480,102392.5,282.025,0.0032212522852519887,0.09999999999999999,309.132
2013-11-29 12:00:00,0.0,9.0,1023.6,45.3,0.5,734,102360.0,282.15,0.0031589321718175686,0.16666666666666666,309.217
2013-11-29 13:00:00,0.0,8.825,1023.225,45.1,0.3,563,102322.5,281.97499999999997,0.0031091751627045023,0.09999999999999999,319.38
2013-11-29 14:00:00,0.0,8.175,1023.2,52.4,0.3,434,102320.0,281.325,0.003456878885574691,0.09999999999999999,319.38
2013-11-29 15:00:00,0.0,7.45,1023.575,59.0,0.1,282,102357.5,280.59999999999997,0.0037033570805345066,0.03333333333333333,319.318
2013-11-29 16:00:00,0.0,5.975,1023.775,67.4,0.1,27,102377.5,279.125,0.0038220274444460065,0.03333333333333333,243.095
2013-11-29 17:00:00,0.0,5.325,1023.95,74.9,0.1,0,102395.0,278.47499999999997,0.004059523292319998,0.03333333333333333,242.974
2013-11-29 18:00:00,0.0,5.625,1024.0,73.3,0.3,0,102400.0,278.775,0.004056199871229138,0.09999999999999999,242.899
2013-11-29 19:00:00,0.0,5.4,1024.7,73.7,0.3,0,102470.0,278.54999999999995,0.004012412782671304,0.09999999999999999,248.081
2013-11-29 20:00:00,0.0,5.45,1025.1,75.7,0.2,0,102509.99999999999,278.59999999999997,0.004134017693914384,0.06666666666666667,248.081
2013-11-29 21:00:00,0.0,4.9,1025.275,75.4,0.1,0,102527.50000000001,278.04999999999995,0.003962361827141108,0.03333333333333333,248.087
2013-11-29 22:00:00,0.0,4.15,1025.75,81.5,0.1,0,102575.0,277.29999999999995,0.004062162305477494,0.03333333333333333,262.667
2013-11-29 23:00:00,0.0,3.325,1025.35,87.0,0.1,0,102534.99999999999,276.47499999999997,0.004093249666084192,0.03333333333333333,262.667
2013-11-30 00:00:00,0.0,3.175,1025.325,90.0,0.4,0,102532.5,276.325,0.004189850135538767,0.13333333333333333,262.667
2013-11-30 01:00:00,0.0,3.375,1025.5,88.8,0.4,0,102550.0,276.525,0.004192100702386768,0.13333333333333333,288.169
2013-11-30 02:00:00,0.0,3.5,1025.925,84.6,0.2,0,102592.5,276.65,0.004027538108717969,0.06666666666666667,288.169
2013-11-30 03:00:00,0.0,2.725,1025.875,88.2,0.1,0,102587.5,275.875,0.003975092470524237,0.03333333333333333,288.169
2013-11-30 04:00:00,0.0,2.325,1025.4,89.9,0.7,0,102540.00000000001,275.47499999999997,0.0039399504940273175,0.2333333333333333,305.686
2013-11-30 05:00:00,0.0,3.175,1025.4,87.9,0.4,0,102540.00000000001,276.325,0.004091787661513675,0.13333333333333333,305.686
2013-11-30 06:00:00,0.0,3.225,1025.95,86.0,0.3,0,102595.0,276.375,0.004015364124374994,0.09999999999999999,305.667
2013-11-30 07:00:00,0.0,2.7,1026.225,81.3,0.3,7,102622.49999999999,275.84999999999997,0.0036563724970043593,0.09999999999999999,323.961
2013-11-30 08:00:00,0.0,4.125,1026.475,84.0,0.4,187,102647.49999999999,277.275,0.0041764791993140786,0.13333333333333333,323.902
2013-11-30 09:00:00,0.0,5.7,1026.85,78.7,0.1,365,102684.99999999999,278.84999999999997,0.004365565326097103,0.03333333333333333,323.902
2013-11-30 10:00:00,0.0,6.7,1026.725,70.8,0.1,591,102672.49999999999,279.84999999999997,0.004208445731721076,0.03333333333333333,289.712
2013-11-30 11:00:00,0.0,7.375,1026.15,58.1,0.2,1070,102615.00000000001,280.525,0.003619115740816593,0.06666666666666667,289.686
2013-11-30 12:00:00,0.0,7.800000000000001,1026.1,58.6,0.4,778,102609.99999999999,280.95,0.00375787109478891,0.13333333333333333,289.712
2013-11-30 13:00:00,0.0,6.75,1025.75,63.6,0.4,609,102575.0,279.9,0.0037970857531222685,0.13333333333333333,264.736
2013-11-30 14:00:00,0.0,6.449999999999999,1025.575,68.7,0.4,404,102557.5,279.59999999999997,0.004018481217176684,0.13333333333333333,264.742
2013-11-30 15:00:00,0.0,5.725,1025.95,61.4,0.3,210,102595.0,278.875,0.003414814517059969,0.09999999999999999,264.617
2013-11-30 16:00:00,0.0,4.825,1025.925,61.5,0.4,15,102592.5,277.97499999999997,0.003212999455963635,0.13333333333333333,246.132
2013-11-30 17:00:00,0.0,4.3,1026.15,59.0,0.5,0,102615.00000000001,277.45,0.00297063830091986,0.16666666666666666,246.072
2013-11-30 18:00:00,0.0,4.45,1025.85,58.2,0.3,0,102584.99999999999,277.59999999999997,0.002962167651751365,0.09999999999999999,245.994
2013-11-30 19:00:00,0.0,4.15,1025.65,62.9,0.3,0,102565.00000000001,277.29999999999995,0.003135397803956236,0.09999999999999999,237.367
2013-11-30 20:00:00,0.0,4.725,1025.675,56.6,0.4,0,102567.5,277.875,0.0029371514183883425,0.13333333333333333,237.367
2013-11-30 21:00:00,0.0,4.825,1025.55,54.3,0.3,0,102555.0,277.97499999999997,0.0028378807350324478,0.09999999999999999,237.367
2013-11-30 22:00:00,0.0,5.175,1025.2,61.4,0.5,0,102520.0,278.325,0.0032892878597937107,0.16666666666666666,237.922
2013-11-30 23:00:00,0.0,5.825,1024.775,53.5,0.9,0,102477.50000000001,278.97499999999997,0.002999558969271336,0.3,237.922
2013-12-01 00:00:00,0.0,5.7,1023.975,56.5,1.1,0,102397.5,278.84999999999997,0.0031429093911006963,0.3666666666666667,237.922
2013-12-01 01:00:00,0.0,4.45,1024.225,67.6,1.0,0,102422.49999999999,277.59999999999997,0.0034460520815062946,0.3333333333333333,236.345
2013-12-01 02:00:00,1.8,3.55,1024.175,88.5,0.9,0,102417.5,276.7,0.004235309225242693,0.3,236.285
2013-12-01 03:00:00,1.4,3.825,1023.775,96.8,1.1,0,102377.5,276.97499999999997,0.004724946896974909,0.3666666666666667,236.285
2013-12-01 04:00:00,1.5,4.325,1023.5,98.0,1.1,0,102350.0,277.47499999999997,0.004955728924708744,0.3666666666666667,238.001
2013-12-01 05:00:00,2.4,4.8,1023.1,98.6,1.0,0,102310.0,277.95,0.0051564681531485555,0.3333333333333333,238.001
2013-12-01 06:00:00,6.2,5.1,1023.175,99.2,1.4,0,102317.5,278.25,0.005297084241236802,0.4666666666666666,238.001
2013-12-01 07:00:00,5.7,5.025,1024.1,99.4,1.2,0,102409.99999999999,278.17499999999995,0.005275344147253896,0.39999999999999997,255.768
2013-12-01 08:00:00,3.0,5.15,1024.55,99.6,1.5,0,102455.0,278.29999999999995,0.00532982293050798,0.5,255.783
2013-12-01 09:00:00,1.9,5.35,1024.175,99.6,1.1,2,102417.5,278.5,0.0054064424466359765,0.3666666666666667,255.843
2013-12-01 10:00:00,2.2,5.8,1024.075,99.7,1.3,151,102407.5,278.95,0.005583981418637602,0.43333333333333335,273.044
2013-12-01 11:00:00,2.7,5.925,1023.375,99.6,1.7,211,102337.5,279.075,0.005630688065699643,0.5666666666666667,273.044
2013-12-01 12:00:00,2.8000000000000003,5.975,1022.75,99.4,1.6,180,102275.0,279.125,0.0056422889211913884,0.5333333333333333,273.099
2013-12-01 13:00:00,2.9,6.1,1022.375,99.4,1.4,158,102237.5,279.25,0.005693321178200273,0.4666666666666666,324.654
2013-12-01 14:00:00,2.0,6.05,1022.175,99.3,1.5,34,102217.5,279.2,0.005669092290333082,0.5,324.654
2013-12-01 15:00:00,2.0,5.875,1021.775,99.5,1.2,1,102177.5,279.025,0.005614390918333573,0.39999999999999997,324.66
2013-12-01 16:00:00,1.5,5.675,1021.625,99.8,1.6,0,102162.5,278.825,0.005554685409412154,0.5333333333333333,333.244
2013-12-01 17:00:00,2.3,5.55,1020.55,99.9,1.2,0,102055.0,278.7,0.005518076702174977,0.39999999999999997,333.244
2013-12-01 18:00:00,1.8,5.325,1019.725,100.0,1.4,0,101972.5,278.47499999999997,0.005442380519776201,0.4666666666666666,333.244
2013-12-01 19:00:00,0.9,4.825,1019.2,100.0,1.7,0,101920.0,277.97499999999997,0.005258861512392139,0.5666666666666667,332.693
2013-12-01 20:00:00,0.1,4.5,1018.675,100.0,2.0,0,101867.5,277.65,0.005143447032429746,0.6666666666666666,332.693
2013-12-01 21:00:00,0.0,4.35,1017.6,100.0,1.9,0,101760.0,277.5,0.0050951005873824794,0.6333333333333333,332.693
2013-12-01 22:00:00,1.3,4.2,1016.075,100.0,1.8,0,101607.5,277.34999999999997,0.005049385313962551,0.6,341.314
2013-12-01 23:00:00,7.3,4.175,1016.025,100.0,1.5,0,101602.5,277.325,0.005040787809034242,0.5,341.314
2013-12-02 00:00:00,5.6,4.1,1015.45,100.0,1.8,0,101545.0,277.25,0.005017171422973784,0.6,341.314
2013-12-02 01:00:00,5.4,3.95,1014.75,100.0,1.5,0,101475.0,277.09999999999997,0.004968023193039537,0.5,333.164
2013-12-02 02:00:00,4.6,3.925,1013.7,100.0,1.7,0,101370.0,277.075,0.0049644394795715086,0.5666666666666667,333.164
2013-12-02 03:00:00,7.1,4.05,1013.05,100.0,1.8,0,101305.0,277.2,0.005011437086285249,0.6,333.164
2013-12-02 04:00:00,6.9,4.225,1012.475,100.0,1.7,0,101247.5,277.375,0.005076229917487004,0.5666666666666667,289.49
2013-12-02 05:00:00,5.5,3.475,1012.3,100.0,1.9,0,101230.0,276.625,0.004816259527374228,0.6333333333333333,289.49
2013-12-02 06:00:00,2.7,1.9,1012.225,100.0,1.5,0,101222.5,275.04999999999995,0.004307077757199433,0.5,289.49
2013-12-02 07:00:00,2.7,1.275,1012.075,100.0,1.4,0,101207.5,274.42499999999995,0.004119118637704288,0.4666666666666666,273.903
2013-12-02 08:00:00,3.4,0.85,1012.175,100.0,1.3,0,101217.5,274.0,0.003994693773154313,0.43333333333333335,273.918
2013-12-02 09:00:00,2.6,-0.975,1012.575,100.0,1.0,1,101257.5,272.17499999999995,0.0034975672275744905,0.3333333333333333,274.063
2013-12-02 10:00:00,0.2,-2.0250000000000004,1012.75,100.0,1.3,17,101275.0,271.125,0.0032373396857759145,0.43333333333333335,291.494
2013-12-02 11:00:00,0.3999999999999999,-2.225,1012.675,100.0,1.0,96,101267.5,270.92499999999995,0.003190111754245489,0.3333333333333333,291.488
2013-12-02 12:00:00,2.0,-2.275,1012.675,100.0,0.9,200,101267.5,270.875,0.0031783418107902057,0.3,291.632
2013-12-02 13:00:00,0.9,-2.95,1012.925,100.0,1.0,463,101292.5,270.2,0.0030224323146664654,0.3333333333333333,294.558
2013-12-02 14:00:00,0.7999999999999999,-3.475,1013.025,100.0,1.1,179,101302.5,269.67499999999995,0.002906181777332865,0.3666666666666667,294.504
2013-12-02 15:00:00,1.5,-3.325,1013.175,100.0,0.7,81,101317.5,269.825,0.0029384655680566372,0.2333333333333333,294.439
2013-12-02 16:00:00,0.6000000000000001,-3.8,1013.475,100.0,0.7,0,101347.5,269.34999999999997,0.002835139297090102,0.2333333333333333,278.556
2013-12-02 17:00:00,0.7,-4.0,1013.1,100.0,0.6,0,101310.0,269.15,0.002793992250419054,0.19999999999999998,278.562
2013-12-02 18:00:00,0.5,-4.125,1013.3,100.0,0.5,0,101330.0,269.025,0.0027673573284826636,0.16666666666666666,278.47
2013-12-02 19:00:00,1.1,-4.175,1013.375,100.0,0.8,0,101337.5,268.97499999999997,0.002756780657852416,0.26666666666666666,266.375
2013-12-02 20:00:00,0.2,-4.9,1013.7,99.9,0.8,0,101370.0,268.25,0.0026067766215293873,0.26666666666666666,266.375
2013-12-02 21:00:00,0.1,-4.95,1013.65,99.5,0.5,0,101365.0,268.2,0.002586671840460726,0.16666666666666666,266.38
2013-12-02 22:00:00,0.0,-5.025,1013.425,99.5,0.6,0,101342.5,268.125,0.002572611524877571,0.19999999999999998,253.455
2013-12-02 23:00:00,0.2,-4.875,1013.275,99.4,0.4,0,101327.5,268.275,0.0025997244744069593,0.13333333333333333,253.435
2013-12-03 00:00:00,1.6,-4.825,1013.05,99.5,0.5,0,101305.0,268.325,0.0026127684960176693,0.16666666666666666,253.441
2013-12-03 01:00:00,0.9,-4.825,1013.175,99.5,0.4,0,101317.5,268.325,0.0026124461469052233,0.13333333333333333,243.048
2013-12-03 02:00:00,0.0,-5.025,1013.525,99.5,0.6,0,101352.5,268.125,0.002572357696750502,0.19999999999999998,243.048
2013-12-03 03:00:00,0.0,-5.45,1013.625,99.3,0.5,0,101362.5,267.7,0.002485566134644358,0.16666666666666666,243.048
2013-12-03 04:00:00,0.0,-5.5,1013.375,99.1,0.4,0,101337.5,267.65,0.002471768340198278,0.13333333333333333,233.14
2013-12-03 05:00:00,0.0,-5.4,1013.55,99.1,0.3,0,101355.0,267.75,0.00249017726179774,0.09999999999999999,233.14
2013-12-03 06:00:00,0.0,-5.35,1014.075,99.1,0.2,0,101407.5,267.79999999999995,0.0024983488022196102,0.06666666666666667,233.119
2013-12-03 07:00:00,0.0,-5.4,1014.225,99.1,0.1,0,101422.5,267.75,0.002488519967162217,0.03333333333333333,238.889
2013-12-03 08:00:00,0.0,-5.300000000000001,1014.675,99.2,0.1,48,101467.5,267.84999999999997,0.002508887685822773,0.03333333333333333,238.883
2013-12-03 09:00:00,0.0,-5.275,1014.95,99.3,0.2,132,101495.0,267.875,0.0025155002024452237,0.06666666666666667,238.943
2013-12-03 10:00:00,0.0,-4.8,1015.15,99.1,0.1,511,101515.0,268.34999999999997,0.0026017894076153228,0.03333333333333333,246.907
2013-12-03 11:00:00,0.0,-4.8,1015.025,99.3,0.4,476,101502.5,268.34999999999997,0.0026073613001192995,0.13333333333333333,246.907
2013-12-03 12:00:00,0.0,-5.95,1014.775,98.4,0.8,738,101477.5,267.2,0.002368408304404273,0.26666666666666666,246.987
2013-12-03 13:00:00,0.0,-7.2,1015.525,96.2,1.6,480,101552.5,265.95,0.0021023470422143697,0.5333333333333333,246.133
2013-12-03 14:00:00,0.0,-7.774999999999999,1015.45,93.2,1.6,160,101545.0,265.375,0.0019484440625115748,0.5333333333333333,246.072
2013-12-03 15:00:00,0.0,-8.425,1015.75,87.0,1.7,0,101575.0,264.72499999999997,0.001728796909106487,0.5666666666666667,246.072
2013-12-03 16:00:00,0.0,-8.625,1016.0,86.6,1.7,0,101600.0,264.525,0.0016938190747270768,0.5666666666666667,232.094
2013-12-03 17:00:00,0.0,-9.25,1015.475,84.3,1.5,0,101547.5,263.9,0.0015709936388652631,0.5,232.074
2013-12-03 18:00:00,0.0,-9.825,1015.975,87.5,1.7,0,101597.5,263.325,0.0015578018881628223,0.5666666666666667,232.016
2013-12-03 19:00:00,0.0,-10.3,1016.025,82.3,2.3,0,101602.5,262.84999999999997,0.0014112191215879188,0.7666666666666666,222.423
2013-12-03 20:00:00,0.0,-10.4,1016.525,79.4,2.6,0,101652.5,262.75,0.0013500936666190687,0.8666666666666667,222.423
2013-12-03 21:00:00,0.0,-10.475,1016.6,76.1,2.8,0,101660.0,262.67499999999995,0.0012862219428137706,0.9333333333333332,222.423
2013-12-03 22:00:00,0.0,-10.275,1016.325,75.6,3.3,0,101632.5,262.875,0.0012985154611948203,1.0999999999999999,224.756
2013-12-03 23:00:00,0.0,-10.525,1016.05,75.8,2.3,0,101605.0,262.625,0.0012767753804927768,0.7666666666666666,224.756
2013-12-04 00:00:00,0.0,-10.725,1016.275,78.5,1.4,0,101627.5,262.42499999999995,0.0013011502247901828,0.4666666666666666,224.696
2013-12-04 01:00:00,0.0,-10.75,1016.3,77.9,1.5,0,101630.0,262.4,0.0012886124039034675,0.5,253.824
2013-12-04 02:00:00,0.0,-10.575,1016.5,76.7,1.7,0,101650.0,262.575,0.0012862536727181037,0.5666666666666667,253.824
2013-12-04 03:00:00,0.0,-11.05,1016.25,73.9,1.5,0,101625.0,262.09999999999997,0.0011936834539687602,0.5,253.824
2013-12-04 04:00:00,0.0,-11.025,1016.15,77.9,0.9,0,101615.0,262.125,0.0012609254445614235,0.3,240.95
2013-12-04 05:00:00,0.0,-11.7,1016.4,78.1,0.8,0,101640.0,261.45,0.0011975393373157815,0.26666666666666666,240.95
2013-12-04 06:00:00,0.0,-11.4,1016.775,84.0,0.6,0,101677.5,261.75,0.0013187955481188023,0.19999999999999998,240.89
2013-12-04 07:00:00,0.0,-11.925,1017.25,78.0,0.6,0,101725.0,261.22499999999997,0.0011736480240900717,0.19999999999999998,237.357
2013-12-04 08:00:00,0.0,-11.7,1017.575,78.1,0.5,0,101757.5,261.45,0.00119615653140826,0.16666666666666666,237.415
2013-12-04 09:00:00,0.0,-10.625,1017.8,74.8,0.6,72,101780.0,262.525,0.0012478297379124258,0.19999999999999998,237.495
2013-12-04 10:00:00,0.1,-9.325,1017.95,70.4,0.7,817,101795.0,263.825,0.0013010904119710744,0.2333333333333333,261.96
2013-12-04 11:00:00,0.0,-8.1,1017.6,64.8,0.9,1328,101760.0,265.04999999999995,0.0013182084868606303,0.3,262.017
2013-12-04 12:00:00,0.0,-7.875,1017.375,63.0,0.8,529,101737.5,265.275,0.0013044450122190233,0.26666666666666666,262.092
2013-12-04 13:00:00,0.0,-7.475,1017.4,56.2,0.9,272,101740.0,265.67499999999995,0.0012001924962580998,0.3,267.31
2013-12-04 14:00:00,0.0,-8.225000000000001,1017.325,63.3,0.3,63,101732.5,264.92499999999995,0.0012755948626753486,0.09999999999999999,267.31
2013-12-04 15:00:00,0.0,-9.425,1017.575,75.5,0.3,0,101757.5,263.72499999999997,0.0013849458987501273,0.09999999999999999,267.315
2013-12-04 16:00:00,0.0,-10.025,1017.475,79.6,0.3,0,101747.5,263.125,0.0013929207582067595,0.09999999999999999,241.546
2013-12-04 17:00:00,0.0,-11.0,1017.525,80.9,0.3,0,101752.5,262.15,0.0013103203860614665,0.09999999999999999,241.532
2013-12-04 18:00:00,0.0,-11.45,1017.45,84.6,0.4,0,101745.0,261.7,0.00132204305120851,0.13333333333333333,241.532
2013-12-04 19:00:00,0.0,-11.0,1017.525,87.5,0.3,0,101752.5,262.15,0.0014172192061851462,0.09999999999999999,235.643
2013-12-04 20:00:00,0.0,-10.8,1017.45,88.5,0.6,0,101745.0,262.34999999999997,0.0014565047715099303,0.19999999999999998,235.649
2013-12-04 21:00:00,0.0,-10.85,1017.725,86.4,0.6,0,101772.5,262.29999999999995,0.001415921632572779,0.19999999999999998,235.649
2013-12-04 22:00:00,0.0,-11.275,1018.075,88.3,0.5,0,101807.5,261.875,0.0013984197390590112,0.16666666666666666,233.721
2013-12-04 23:00:00,0.0,-11.45,1018.0,87.7,0.6,0,101800.0,261.7,0.0013697462693392348,0.19999999999999998,233.721
2013-12-05 00:00:00,0.0,-11.75,1017.875,83.8,0.5,0,101787.5,261.4,0.0012779496783429628,0.16666666666666666,233.721
2013-12-05 01:00:00,0.0,-11.5,1017.35,84.0,0.6,0,101735.0,261.65,0.0013075602963516532,0.19999999999999998,232.816
2013-12-05 02:00:00,0.0,-11.625,1017.5,79.4,0.6,0,101750.0,261.525,0.0012234801613737391,0.19999999999999998,232.816
2013-12-05 03:00:00,0.0,-11.775,1017.15,83.3,0.6,0,101715.0,261.375,0.001268686400142015,0.19999999999999998,232.756
2013-12-05 04:00:00,0.0,-11.625,1016.9,83.0,0.6,0,101690.0,261.525,0.0012797074321599193,0.19999999999999998,226.777
2013-12-05 05:00:00,0.0,-11.4,1016.475,83.4,0.6,0,101647.5,261.75,0.0013097620258944666,0.19999999999999998,226.777
2013-12-05 06:00:00,0.0,-11.55,1016.725,81.2,0.6,0,101672.5,261.59999999999997,0.0012597057861780457,0.19999999999999998,226.777
2013-12-05 07:00:00,0.0,-11.5,1016.625,81.9,0.5,0,101662.5,261.65,0.0012757804557295173,0.16666666666666666,263.393
2013-12-05 08:00:00,0.0,-10.725,1016.45,82.3,0.6,0,101645.0,262.42499999999995,0.0013639009804474146,0.19999999999999998,263.464
2013-12-05 09:00:00,0.0,-9.05,1016.75,79.4,0.3,93,101675.0,264.09999999999997,0.0015011610299130549,0.09999999999999999,263.45
2013-12-05 10:00:00,0.0,-7.225,1017.025,77.1,0.2,679,101702.5,265.92499999999995,0.001679213775312597,0.06666666666666667,303.75
2013-12-05 11:00:00,0.0,-6.175,1016.7,71.1,0.5,1054,101670.0,266.97499999999997,0.001678998592346086,0.16666666666666666,303.776
2013-12-05 12:00:00,0.0,-5.95,1016.075,65.3,0.5,588,101607.5,267.2,0.0015697072043801433,0.16666666666666666,303.878
2013-12-05 13:00:00,0.0,-5.725,1015.675,63.6,0.4,482,101567.5,267.42499999999995,0.0015558837907314338,0.13333333333333333,318.55
2013-12-05 14:00:00,0.0,-6.0,1015.575,57.3,0.2,296,101557.5,267.15,0.0013728333323051603,0.06666666666666667,318.55
2013-12-05 15:00:00,0.0,-7.15,1015.525,63.4,0.1,92,101552.5,266.0,0.0013908858729110235,0.03333333333333333,318.55
2013-12-05 16:00:00,0.0,-7.9,1015.4,74.6,0.1,11,101540.0,265.25,0.0015446370203998053,0.03333333333333333,300.051
2013-12-05 17:00:00,0.0,-8.975,1015.1,76.5,0.1,0,101510.0,264.17499999999995,0.001457210871277813,0.03333333333333333,300.051
2013-12-05 18:00:00,0.0,-9.575,1014.975,77.1,0.3,0,101497.5,263.575,0.0014013040774571764,0.09999999999999999,300.051
2013-12-05 19:00:00,0.0,-9.625,1014.7,81.4,0.2,0,101470.0,263.525,0.0014740503808882593,0.06666666666666667,306.014
2013-12-05 20:00:00,0.0,-9.3,1014.65,86.4,0.4,0,101465.0,263.84999999999997,0.0016051312002560779,0.13333333333333333,306.014
2013-12-05 21:00:00,0.0,-9.025,1014.6,88.1,0.3,0,101460.0,264.125,0.0016724448422551082,0.09999999999999999,305.951
2013-12-05 22:00:00,0.0,-9.275,1014.75,88.1,0.3,0,101475.0,263.875,0.0016397646140372353,0.09999999999999999,290.417
2013-12-05 23:00:00,0.0,-10.1,1014.45,88.8,0.3,0,101445.0,263.04999999999995,0.001549343068442224,0.09999999999999999,290.359
2013-12-06 00:00:00,0.0,-9.875,1014.025,91.0,0.5,0,101402.5,263.275,0.001616845408813982,0.16666666666666666,290.359
2013-12-06 01:00:00,0.0,-9.675,1013.775,90.5,0.4,0,101377.5,263.47499999999997,0.0016338947767668937,0.13333333333333333,236.474
2013-12-06 02:00:00,0.0,-9.875,1013.475,90.0,0.3,0,101347.5,263.275,0.0015999456760865342,0.09999999999999999,236.474
2013-12-06 03:00:00,0.0,-9.85,1013.525,88.8,0.5,0,101352.5,263.29999999999995,0.0015816488602999048,0.16666666666666666,236.474
2013-12-06 04:00:00,0.0,-9.275,1012.8,81.5,0.5,0,101280.0,263.875,0.0015198424757954505,0.16666666666666666,224.264
2013-12-06 05:00:00,0.0,-8.350000000000001,1012.175,72.7,0.5,0,101217.5,264.79999999999995,0.001458228769084064,0.16666666666666666,224.2
2013-12-06 06:00:00,0.0,-8.625,1011.375,72.7,0.7,0,101137.5,264.525,0.0014284499622838828,0.2333333333333333,224.125
2013-12-06 07:00:00,0.0,-8.9,1011.025,84.8,0.8,0,101102.5,264.25,0.001631364314270494,0.26666666666666666,213.42
2013-12-06 08:00:00,0.0,-8.75,1010.825,92.4,1.1,6,101082.5,264.4,0.0017988813729968478,0.3666666666666667,213.44
2013-12-06 09:00:00,0.0,-8.350000000000001,1010.3,94.3,0.7,31,101030.0,264.79999999999995,0.0018949955624874598,0.2333333333333333,213.501
2013-12-06 10:00:00,0.0,-8.649999999999999,1010.025,93.7,0.9,12,101002.5,264.5,0.001839938902467551,0.3,222.519
2013-12-06 11:00:00,0.0,-8.15,1009.125,94.7,1.1,55,100912.5,265.0,0.0019351060735643183,0.3666666666666667,222.582
2013-12-06 12:00:00,0.0,-8.225,1007.875,95.1,0.8,0,100787.5,264.92499999999995,0.0019343836498182034,0.26666666666666666,222.584
2013-12-06 13:00:00,0.0,-8.45,1007.425,95.1,0.8,0,100742.5,264.7,0.0019016644534650313,0.26666666666666666,239.7
2013-12-06 14:00:00,0.0,-8.2,1006.9,95.2,0.7,19,100690.0,264.95,0.001942062578865944,0.2333333333333333,239.7
2013-12-06 15:00:00,0.0,-8.6,1006.55,94.5,0.6,0,100655.0,264.54999999999995,0.0018693301513209417,0.19999999999999998,239.7
2013-12-06 16:00:00,0.0,-10.275,1006.875,94.2,0.4,0,100687.5,262.875,0.0016331771057906707,0.13333333333333333,245.485
2013-12-06 17:00:00,0.0,-11.85,1007.425,93.3,0.5,0,100742.5,261.29999999999995,0.001426107922115178,0.16666666666666666,245.471
2013-12-06 18:00:00,0.0,-12.5,1007.675,92.6,0.6,0,100767.5,260.65,0.001342999673292371,0.19999999999999998,245.41
2013-12-06 19:00:00,0.0,-13.225,1007.9,92.1,0.7,0,100790.0,259.92499999999995,0.0012593873939322178,0.2333333333333333,293.794
2013-12-06 20:00:00,0.0,-13.725,1008.075,90.8,1.2,0,100807.5,259.42499999999995,0.0011919340092526284,0.39999999999999997,293.794
2013-12-06 21:00:00,0.0,-13.875,1008.1,88.9,1.3,0,100810.0,259.275,0.001152776126093011,0.43333333333333335,293.852
2013-12-06 22:00:00,0.0,-14.05,1008.35,88.5,1.3,0,100835.0,259.09999999999997,0.0011310250922367808,0.43333333333333335,306.641
2013-12-06 23:00:00,0.0,-14.125,1008.525,89.6,1.2,0,100852.5,259.025,0.0011378860203255057,0.39999999999999997,306.641
2013-12-07 00:00:00,0.0,-14.125,1008.575,89.1,1.3,0,100857.5,259.025,0.0011314801141551192,0.43333333333333335,306.701
2013-12-07 01:00:00,0.0,-14.275,1008.425,87.4,1.3,0,100842.5,258.875,0.001096514347880571,0.43333333333333335,311.827
2013-12-07 02:00:00,0.0,-14.6,1008.925,86.7,1.5,0,100892.5,258.54999999999995,0.0010586012095035514,0.5,311.827
2013-12-07 03:00:00,0.0,-15.275,1009.75,84.9,1.4,0,100975.0,257.875,0.000979764505175241,0.4666666666666666,311.827
2013-12-07 04:00:00,0.0,-15.65,1010.15,81.5,2.2,0,101015.0,257.5,0.0009114320610186743,0.7333333333333334,314.028
2013-12-07 05:00:00,0.0,-15.875,1011.125,79.2,1.7,0,101112.5,257.275,0.0008684931446189815,0.5666666666666667,314.089
2013-12-07 06:00:00,0.0,-16.1,1011.8,79.4,1.8,0,101180.0,257.04999999999995,0.0008539832404387057,0.6,314.083
2013-12-07 07:00:00,0.1,-16.7,1012.35,80.4,1.5,0,101235.0,256.45,0.0008220722376190423,0.5,315.94
2013-12-07 08:00:00,0.0,-16.9,1013.6,79.2,1.3,0,101360.0,256.25,0.0007953738663404729,0.43333333333333335,315.886
2013-12-07 09:00:00,0.1,-16.425,1014.575,78.7,1.2,63,101457.5,256.72499999999997,0.0008215861677563365,0.39999999999999997,315.961
2013-12-07 10:00:00,0.0,-15.15,1015.525,76.7,0.9,915,101552.5,258.0,0.0008892309164405289,0.3,324.451
2013-12-07 11:00:00,0.0,-14.1,1015.425,71.3,0.8,1574,101542.5,259.04999999999995,0.000901170381208064,0.26666666666666666,324.392
2013-12-07 12:00:00,0.0,-13.75,1015.6,70.3,0.9,599,101560.0,259.4,0.0009141278183713985,0.3,324.392
2013-12-07 13:00:00,0.0,-12.775,1015.875,69.1,0.7,309,101587.5,260.375,0.0009722582803657784,0.2333333333333333,328.234
2013-12-07 14:00:00,0.0,-13.25,1016.275,69.4,0.5,35,101627.5,259.9,0.0009392567158064499,0.16666666666666666,328.234
2013-12-07 15:00:00,0.0,-13.975,1016.75,75.3,0.3,0,101675.0,259.17499999999995,0.0009602452738770269,0.09999999999999999,328.234
2013-12-07 16:00:00,0.0,-15.025,1017.425,77.6,0.4,0,101742.5,258.125,0.0009072900680691711,0.13333333333333333,323.261
2013-12-07 17:00:00,0.0,-15.35,1017.8,84.5,0.4,0,101780.0,257.79999999999995,0.0009614586635276672,0.13333333333333333,323.197
2013-12-07 18:00:00,0.0,-15.325,1018.325,86.8,0.4,0,101832.5,257.825,0.0009891611334053123,0.13333333333333333,323.134
2013-12-07 19:00:00,0.0,-14.725,1018.15,87.4,0.5,0,101815.0,258.42499999999995,0.0010466739651145494,0.16666666666666666,314.244
2013-12-07 20:00:00,0.0,-14.525,1018.525,87.5,0.6,0,101852.5,258.625,0.001064835310815369,0.19999999999999998,314.224
2013-12-07 21:00:00,0.0,-15.075,1018.6,88.0,0.5,0,101860.0,258.075,0.0010234711758857918,0.16666666666666666,314.224
2013-12-07 22:00:00,0.0,-14.9,1019.05,88.5,0.5,0,101905.0,258.25,0.0010437746691056736,0.16666666666666666,289.273
2013-12-07 23:00:00,0.0,-15.0,1019.8,86.9,0.6,0,101980.0,258.15,0.0010157490566116137,0.19999999999999998,289.273
2013-12-08 00:00:00,0.0,-14.875,1019.55,82.4,0.7,0,101955.0,258.275,0.0009733555252863882,0.2333333333333333,289.299
2013-12-08 01:00:00,0.0,-14.75,1019.45,80.7,0.7,0,101945.0,258.4,0.0009632226596992895,0.2333333333333333,282.083
2013-12-08 02:00:00,0.0,-14.575,1019.475,83.4,0.7,0,101947.5,258.575,0.0010098413298615019,0.2333333333333333,282.083
2013-12-08 03:00:00,0.0,-14.275,1019.825,86.3,0.7,0,101982.5,258.875,0.0010706108283470627,0.2333333333333333,282.083
2013-12-08 04:00:00,0.0,-14.125,1019.9,86.8,0.5,0,101990.0,259.025,0.0010900327684733857,0.16666666666666666,248.203
2013-12-08 05:00:00,0.0,-13.9,1020.425,86.0,0.4,0,102042.5,259.25,0.0010994566668286949,0.13333333333333333,248.203
2013-12-08 06:00:00,0.0,-13.925,1020.95,85.2,0.5,0,102095.0,259.22499999999997,0.0010864496709473836,0.16666666666666666,248.203
2013-12-08 07:00:00,0.0,-13.975,1021.225,84.2,0.6,0,102122.5,259.17499999999995,0.0010690352771385917,0.19999999999999998,247.414
2013-12-08 08:00:00,0.0,-12.825,1021.75,83.8,0.4,0,102175.0,260.325,0.0011675830273316957,0.13333333333333333,247.458
2013-12-08 09:00:00,0.0,-10.8,1021.725,79.8,0.5,150,102172.5,262.34999999999997,0.001307827871424022,0.16666666666666666,247.542
2013-12-08 10:00:00,0.0,-7.55,1022.225,70.4,0.4,684,102222.5,265.59999999999997,0.0014877020116572126,0.13333333333333333,264.606
2013-12-08 11:00:00,0.0,-6.425,1022.275,50.8,0.2,945,102227.5,266.72499999999997,0.001170487047263871,0.06666666666666667,264.664
2013-12-08 12:00:00,0.0,-5.975,1021.6,48.4,0.4,767,102160.0,267.17499999999995,0.0011549622247118833,0.13333333333333333,264.664
2013-12-08 13:00:00,0.0,-6.85,1021.625,53.7,0.3,345,102162.5,266.29999999999995,0.0011983900600355426,0.09999999999999999,260.26
2013-12-08 14:00:00,0.0,-8.475,1021.9,60.1,0.2,32,102190.0,264.67499999999995,0.001182460190758379,0.06666666666666667,260.26
2013-12-08 15:00:00,0.0,-9.75,1022.75,74.3,0.2,0,102275.0,263.4,0.0013218199031577442,0.06666666666666667,260.26
2013-12-08 16:00:00,0.0,-10.5,1023.25,76.1,0.4,0,102325.0,262.65,0.0012753337839029732,0.13333333333333333,253.055
2013-12-08 17:00:00,0.0,-11.025,1023.675,81.2,0.4,0,102367.5,262.125,0.0013046790973117925,0.13333333333333333,253.055
2013-12-08 18:00:00,0.0,-11.175,1024.1,84.6,0.4,0,102409.99999999999,261.97499999999997,0.0013426045342602086,0.13333333333333333,253.055
2013-12-08 19:00:00,0.0,-11.5,1024.725,85.7,0.4,0,102472.49999999999,261.65,0.0013244217933519966,0.13333333333333333,274.386
2013-12-08 20:00:00,0.0,-11.3,1025.125,85.3,0.5,0,102512.5,261.84999999999997,0.0013389442070501853,0.16666666666666666,274.386
2013-12-08 21:00:00,0.0,-11.0,1025.25,82.8,0.5,0,102525.0,262.15,0.0013309894818200347,0.16666666666666666,274.386
2013-12-08 22:00:00,0.0,-10.325,1025.575,83.7,0.6,0,102557.5,262.825,0.001419050766543735,0.19999999999999998,287.134
2013-12-08 23:00:00,0.0,-9.95,1026.15,81.8,0.6,0,102615.00000000001,263.2,0.0014277419104840284,0.19999999999999998,287.108
2013-12-09 00:00:00,0.0,-9.075,1026.225,81.3,0.5,0,102622.49999999999,264.075,0.0015199137414455865,0.16666666666666666,287.108
2013-12-09 01:00:00,0.0,-8.95,1026.375,76.5,0.6,0,102637.5,264.2,0.0014440240107890675,0.19999999999999998,306.132
2013-12-09 02:00:00,0.0,-8.149999999999999,1026.625,76.9,0.7,0,102662.5,265.0,0.001544593726125767,0.2333333333333333,306.072
2013-12-09 03:00:00,0.0,-8.225,1026.55,75.0,0.7,0,102655.0,264.92499999999995,0.001497786544115348,0.2333333333333333,306.078
2013-12-09 04:00:00,0.0,-8.125,1026.375,75.7,0.6,0,102637.5,265.025,0.0015238172412114814,0.19999999999999998,287.555
2013-12-09 05:00:00,0.0,-8.225,1026.025,77.6,0.6,0,102602.50000000001,264.92499999999995,0.0015505027718227913,0.19999999999999998,287.529
2013-12-09 06:00:00,0.0,-7.825,1026.5,79.8,0.5,0,102650.0,265.325,0.0016439656000595594,0.16666666666666666,287.529
2013-12-09 07:00:00,0.0,-7.675,1026.175,77.9,0.6,0,102617.5,265.47499999999997,0.001624082301072162,0.19999999999999998,280.375
2013-12-09 08:00:00,0.0,-7.0,1026.8,78.9,0.4,0,102680.0,266.15,0.0017318028998267016,0.13333333333333333,280.375
2013-12-09 09:00:00,0.1,-5.25,1027.3,76.5,0.5,72,102730.0,267.9,0.0019182578247477207,0.16666666666666666,280.317
2013-12-09 10:00:00,0.0,-3.0,1027.4,69.2,0.2,698,102740.00000000001,270.15,0.0020544019505706643,0.06666666666666667,293.101
2013-12-09 11:00:00,0.0,-1.4249999999999998,1026.925,58.2,0.3,1172,102692.5,271.72499999999997,0.0019420249128841384,0.09999999999999999,293.228
2013-12-09 12:00:00,0.0,-1.35,1026.725,51.0,0.3,505,102672.49999999999,271.79999999999995,0.0017115019447991686,0.09999999999999999,293.228
2013-12-09 13:00:00,0.0,-1.475,1026.375,49.7,0.3,235,102637.5,271.67499999999995,0.0016532029061150308,0.09999999999999999,283.853
2013-12-09 14:00:00,0.0,-2.425,1026.675,54.2,0.2,181,102667.5,270.72499999999997,0.0016804171501182655,0.06666666666666667,283.792
2013-12-09 15:00:00,0.0,-2.675,1026.5,57.9,0.3,180,102650.0,270.47499999999997,0.0017624789256755207,0.09999999999999999,283.818
2013-12-09 16:00:00,0.0,-3.575,1026.45,62.6,0.3,11,102645.0,269.575,0.0017821106819379446,0.09999999999999999,253.298
2013-12-09 17:00:00,0.0,-4.825,1026.6,67.5,0.3,0,102659.99999999999,268.325,0.0017490863232010655,0.09999999999999999,253.249
2013-12-09 18:00:00,0.0,-5.675,1026.75,72.8,0.3,0,102675.0,267.47499999999997,0.0017684536618026963,0.09999999999999999,253.226
2013-12-09 19:00:00,0.0,-5.875,1026.225,77.6,0.4,0,102622.49999999999,267.275,0.0018575183913077118,0.13333333333333333,218.094
2013-12-09 20:00:00,0.0,-5.925,1026.3,79.7,0.3,0,102630.0,267.22499999999997,0.0019003911004135579,0.09999999999999999,218.094
2013-12-09 21:00:00,0.0,-6.1,1026.375,80.3,0.3,0,102637.5,267.04999999999995,0.0018891676470903255,0.09999999999999999,218.036
2013-12-09 22:00:00,0.0,-6.25,1026.675,83.1,0.4,0,102667.5,266.9,0.0019322021214529482,0.13333333333333333,211.633
2013-12-09 23:00:00,0.0,-6.35,1026.775,84.1,0.5,0,102677.50000000001,266.79999999999995,0.0019403678153822213,0.16666666666666666,211.563
2013-12-10 00:00:00,0.0,-5.925000000000001,1026.225,84.4,0.4,0,102622.49999999999,267.22499999999997,0.0020126064107832847,0.13333333333333333,211.563
2013-12-10 01:00:00,0.0,-5.65,1026.65,83.3,0.4,0,102665.00000000001,267.5,0.0020275681147746837,0.13333333333333333,213.227
2013-12-10 02:00:00,0.0,-5.5,1026.4,84.1,0.4,0,102640.00000000001,267.65,0.002071016930345075,0.13333333333333333,213.227
2013-12-10 03:00:00,0.0,-5.625,1026.575,82.1,0.4,0,102657.5,267.525,0.002002308583093594,0.13333333333333333,213.227
2013-12-10 04:00:00,0.0,-5.35,1026.15,79.0,0.4,0,102615.00000000001,267.79999999999995,0.0019681841722632002,0.13333333333333333,254.262
2013-12-10 05:00:00,0.0,-5.074999999999999,1026.5,81.0,0.5,0,102650.0,268.075,0.0020598025474759278,0.16666666666666666,254.262
2013-12-10 06:00:00,0.0,-4.8,1026.125,83.7,0.4,0,102612.5,268.34999999999997,0.0021739717438397756,0.13333333333333333,254.262
2013-12-10 07:00:00,0.0,-4.225,1026.075,80.5,0.4,0,102607.5,268.92499999999995,0.002183522180512941,0.13333333333333333,254.564
2013-12-10 08:00:00,0.0,-3.625,1026.05,75.0,0.4,49,102605.0,269.525,0.0021279796168331188,0.13333333333333333,254.564
2013-12-10 09:00:00,0.0,-1.35,1026.6,69.9,0.5,229,102659.99999999999,271.79999999999995,0.002346050053207188,0.16666666666666666,254.564
2013-12-10 10:00:00,0.0,0.8,1026.2,64.9,0.1,423,102620.0,273.95,0.00254792501381922,0.03333333333333333,259.259
2013-12-10 11:00:00,0.0,2.85,1025.75,60.6,0.1,874,102575.0,276.0,0.0027558459932766092,0.03333333333333333,259.259
2013-12-10 12:00:00,0.0,1.9,1025.725,59.2,0.3,368,102572.49999999999,275.04999999999995,0.0025162311685943783,0.09999999999999999,259.259
2013-12-10 13:00:00,0.0,2.2,1025.4,65.2,0.1,337,102540.00000000001,275.34999999999997,0.0028321186966123383,0.03333333333333333,259.182
2013-12-10 14:00:00,0.0,1.95,1024.85,61.6,0.0,313,102484.99999999999,275.09999999999997,0.0026298520869850067,0.0,259.182
2013-12-10 15:00:00,0.0,0.075,1024.825,68.3,0.1,81,102482.5,273.22499999999997,0.0025478752853056647,0.03333333333333333,259.182
2013-12-10 16:00:00,0.0,-1.125,1024.475,74.0,0.0,1,102447.49999999999,272.025,0.002530202564151736,0.0,256.246
2013-12-10 17:00:00,0.0,-1.75,1024.65,81.4,0.3,0,102465.00000000001,271.4,0.002657920839346814,0.09999999999999999,256.226
2013-12-10 18:00:00,0.0,-1.75,1024.475,82.7,0.5,0,102447.49999999999,271.4,0.00270083048146775,0.16666666666666666,256.226
2013-12-10 19:00:00,0.0,-1.9,1024.475,84.4,0.6,0,102447.49999999999,271.25,0.0027260592916271116,0.19999999999999998,253.901
2013-12-10 20:00:00,0.0,-1.875,1024.35,87.2,0.5,0,102434.99999999999,271.275,0.002822036134547335,0.16666666666666666,253.901
2013-12-10 21:00:00,0.0,-1.825,1024.25,88.4,0.4,0,102425.0,271.325,0.0028717110267096444,0.13333333333333333,253.901
2013-12-10 22:00:00,0.0,-1.925,1024.55,89.2,0.5,0,102455.0,271.22499999999997,0.002875580337772015,0.16666666666666666,255.914
2013-12-10 23:00:00,0.0,-1.725,1024.55,88.6,0.8,0,102455.0,271.42499999999995,0.002898631414921119,0.26666666666666666,255.975
2013-12-11 00:00:00,0.0,-1.875,1024.1999999999998,88.2,0.8,0,102419.99999999999,271.275,0.0028548169774502705,0.26666666666666666,255.975
2013-12-11 01:00:00,0.0,-1.5750000000000002,1024.0,88.7,0.9,0,102400.0,271.575,0.0029356759652184802,0.3,263.961
2013-12-11 02:00:00,0.0,-1.5750000000000002,1023.85,87.5,0.7,0,102385.0,271.575,0.002896384218173075,0.2333333333333333,263.961
2013-12-11 03:00:00,0.0,-1.025,1023.725,86.5,0.7,0,102372.5,272.125,0.0029815169346554555,0.2333333333333333,263.961
2013-12-11 04:00:00,0.0,-0.775,1023.225,82.8,0.7,0,102322.5,272.375,0.002908044701272042,0.2333333333333333,261.202
2013-12-11 05:00:00,0.0,0.1,1023.225,80.7,0.8,0,102322.5,273.25,0.0030206254921243273,0.26666666666666666,261.202
2013-12-11 06:00:00,0.0,0.2,1023.375,75.4,0.7,0,102337.5,273.34999999999997,0.00284235741429715,0.2333333333333333,261.202
2013-12-11 07:00:00,0.0,0.325,1023.575,74.5,0.7,0,102357.5,273.47499999999997,0.0028334117128336923,0.2333333333333333,275.286
2013-12-11 08:00:00,0.0,0.6,1023.475,74.8,0.6,0,102347.5,273.75,0.0029022266862714294,0.19999999999999998,275.28
2013-12-11 09:00:00,0.0,2.1,1023.775,72.3,0.6,125,102377.5,275.25,0.0031231607428203333,0.19999999999999998,275.28
2013-12-11 10:00:00,0.0,4.125,1023.825,64.4,0.4,674,102382.5,277.275,0.0032102551438857913,0.13333333333333333,276.078
2013-12-11 11:00:00,0.0,5.025,1023.575,57.4,0.5,1137,102357.5,278.17499999999995,0.0030478879787779333,0.16666666666666666,276.078
2013-12-11 12:00:00,0.1,5.35,1023.025,59.0,0.6,570,102302.5,278.5,0.0032062116001379546,0.19999999999999998,276.072
2013-12-11 13:00:00,0.0,5.9,1023.075,55.4,0.4,399,102307.5,279.04999999999995,0.003127434728859132,0.13333333333333333,283.797
2013-12-11 14:00:00,0.0,3.775,1023.1,55.7,0.4,184,102310.0,276.92499999999995,0.0027110372995544298,0.13333333333333333,283.797
2013-12-11 15:00:00,0.0,3.4,1022.375,63.4,0.5,104,102237.5,276.54999999999995,0.0030074599536908464,0.16666666666666666,283.858
2013-12-11 16:00:00,0.0,2.475,1022.625,66.7,0.6,1,102262.5,275.625,0.002962574549579582,0.19999999999999998,289.482
2013-12-11 17:00:00,0.0,2.15,1022.325,72.5,0.6,0,102232.5,275.29999999999995,0.00314744539804743,0.19999999999999998,289.545
2013-12-11 18:00:00,0.0,2.55,1022.275,73.3,0.6,0,102227.5,275.7,0.0032742490563225607,0.19999999999999998,289.545
2013-12-11 19:00:00,0.0,3.1,1022.15,66.3,0.9,0,102215.0,276.25,0.0030797291651630913,0.3,283.531
2013-12-11 20:00:00,0.0,3.05,1021.85,61.9,0.7,0,102185.0,276.2,0.0028660279456788626,0.2333333333333333,283.531
2013-12-11 21:00:00,0.0,2.575,1021.75,62.7,0.7,0,102175.0,275.72499999999997,0.0028071778579918847,0.2333333333333333,283.531
2013-12-11 22:00:00,0.0,2.65,1021.825,61.8,0.6,0,102182.5,275.79999999999995,0.002781459381001117,0.19999999999999998,291.151
2013-12-11 23:00:00,0.0,2.725,1021.525,61.6,0.6,0,102152.5,275.875,0.0027880772946572373,0.19999999999999998,291.151
2013-12-12 00:00:00,0.0,2.375,1020.85,59.6,0.8,0,102085.0,275.525,0.0026330220679001855,0.26666666666666666,291.151
2013-12-12 01:00:00,0.0,2.15,1020.65,61.9,0.8,0,102065.0,275.29999999999995,0.002691677278204959,0.26666666666666666,293.642
2013-12-12 02:00:00,0.0,1.95,1021.1,61.6,0.7,0,102110.0,275.09999999999997,0.0026395102451734244,0.2333333333333333,293.642
2013-12-12 03:00:00,0.0,1.775,1020.9,61.6,0.4,0,102090.0,274.92499999999995,0.0026072138357358665,0.13333333333333333,293.642
2013-12-12 04:00:00,0.0,1.975,1020.85,62.5,0.7,0,102085.0,275.125,0.0026835169052857074,0.2333333333333333,298.308
2013-12-12 05:00:00,0.0,1.525,1020.425,60.4,0.7,0,102042.5,274.67499999999995,0.0025122442352256934,0.2333333333333333,298.308
2013-12-12 06:00:00,0.0,0.875,1020.475,62.9,0.7,0,102047.5,274.025,0.002496719228765967,0.2333333333333333,298.389
2013-12-12 07:00:00,0.0,0.75,1020.275,66.1,0.6,0,102027.5,273.9,0.002600712748033183,0.19999999999999998,305.249
2013-12-12 08:00:00,0.0,1.975,1020.35,64.6,0.7,15,102035.0,275.125,0.0027750422554826096,0.2333333333333333,305.249
2013-12-12 09:00:00,0.1,4.0,1020.125,57.7,0.5,218,102012.5,277.15,0.002861479569626238,0.16666666666666666,305.249
2013-12-12 10:00:00,0.0,6.1000000000000005,1020.575,51.4,0.5,670,102057.5,279.25,0.0029492236954393016,0.16666666666666666,308.306
2013-12-12 11:00:00,0.1,6.625,1020.225,40.7,1.1,720,102022.5,279.775,0.0024221533330358812,0.3666666666666667,308.306
2013-12-12 12:00:00,0.0,6.35,1019.725,40.5,0.9,655,101972.5,279.5,0.0023662052327636674,0.3,308.306
2013-12-12 13:00:00,0.0,5.9,1019.575,46.8,0.7,571,101957.5,279.04999999999995,0.0026510177596411194,0.2333333333333333,309.256
2013-12-12 14:00:00,0.0,5.575,1018.95,45.3,0.8,376,101895.0,278.72499999999997,0.002510469466591279,0.26666666666666666,309.256
2013-12-12 15:00:00,0.1,3.925,1019.225,47.2,0.9,72,101922.5,277.075,0.002330513366340556,0.3,309.256
2013-12-12 16:00:00,0.1,3.675,1019.2,59.0,0.9,0,101920.0,276.825,0.0028624222559287117,0.3,304.307
2013-12-12 17:00:00,0.0,1.7,1019.85,57.5,1.1,0,101985.0,274.84999999999997,0.0024231506322545627,0.3666666666666667,304.307
2013-12-12 18:00:00,0.2,-0.175,1020.275,84.7,1.2,0,102027.5,272.97499999999997,0.003116673202671523,0.39999999999999997,304.183
2013-12-12 19:00:00,0.1,-0.275,1020.225,96.8,0.8,0,102022.5,272.875,0.0035362839665937537,0.26666666666666666,302.438
2013-12-12 20:00:00,0.1,-0.3,1020.35,98.1,0.4,0,102035.0,272.84999999999997,0.0035768261134429833,0.13333333333333333,302.377
2013-12-12 21:00:00,0.1,-0.1,1020.825,98.8,0.7,0,102082.5,273.04999999999995,0.003653398706391474,0.2333333333333333,302.377
2013-12-12 22:00:00,0.2,-0.05,1021.125,99.2,0.6,0,102112.5,273.09999999999997,0.0036804500190153137,0.19999999999999998,300.788
2013-12-12 23:00:00,0.1,-0.05,1021.35,99.5,0.3,0,102135.0,273.09999999999997,0.0036907671693602443,0.09999999999999999,300.724
2013-12-13 00:00:00,0.3,0.0,1021.775,99.7,0.1,0,102177.5,273.15,0.0037100873721854894,0.03333333333333333,300.73
2013-12-13 01:00:00,0.2,0.025,1021.975,99.9,0.0,0,102197.5,273.17499999999995,0.0037235506875938655,0.0,293.078
2013-12-13 02:00:00,0.4,0.3,1022.425,100.0,0.0,0,102242.5,273.45,0.0038006314438066274,0.0,293.078
2013-12-13 03:00:00,0.5,0.55,1022.775,100.0,0.3,0,102277.5,273.7,0.0038686417761736856,0.09999999999999999,293.017
2013-12-13 04:00:00,0.9,0.625,1022.975,100.0,0.6,0,102297.5,273.775,0.0038888920355692794,0.19999999999999998,287.791
2013-12-13 05:00:00,21.3,0.75,1023.2,100.0,0.4,0,102320.0,273.9,0.0039232649712739424,0.13333333333333333,287.791
2013-12-13 06:00:00,0.1,0.75,1023.925,100.0,0.3,0,102392.5,273.9,0.003920487065563882,0.09999999999999999,287.791
2013-12-13 07:00:00,0.2,0.75,1024.125,100.0,0.2,0,102412.5,273.9,0.0039197214388941755,0.06666666666666667,286.401
2013-12-13 08:00:00,0.0,1.1,1024.8,100.0,0.5,45,102480.0,274.25,0.004017131966852461,0.16666666666666666,286.401
2013-12-13 09:00:00,0.0,1.5,1025.55,100.0,0.4,197,102555.0,274.65,0.004131150196857376,0.13333333333333333,286.401
2013-12-13 10:00:00,0.0,2.075,1026.125,100.0,0.4,456,102612.5,275.22499999999997,0.004302151946401801,0.13333333333333333,271.895
2013-12-13 11:00:00,0.0,2.325,1026.0,100.0,0.6,500,102600.0,275.47499999999997,0.004380029398677339,0.19999999999999998,271.895
2013-12-13 12:00:00,0.0,3.125,1026.025,100.0,0.5,799,102602.50000000001,276.275,0.004635790579198603,0.16666666666666666,271.895
2013-12-13 13:00:00,0.0,3.15,1026.15,99.3,0.6,723,102615.00000000001,276.29999999999995,0.004610925611904473,0.19999999999999998,267.057
2013-12-13 14:00:00,0.0,3.075,1026.5,98.7,0.6,494,102650.0,276.22499999999997,0.004557257334459688,0.19999999999999998,267.057
2013-12-13 15:00:00,0.0,2.675,1026.725,98.6,0.3,168,102672.49999999999,275.825,0.004424400991255118,0.09999999999999999,266.993
2013-12-13 16:00:00,0.0,1.075,1027.025,98.4,0.2,11,102702.50000000001,274.22499999999997,0.003937208428443269,0.06666666666666667,276.707
2013-12-13 17:00:00,0.0,0.2,1027.075,99.2,0.4,0,102707.5,273.34999999999997,0.0037260755737421195,0.13333333333333333,276.707
2013-12-13 18:00:00,0.1,0.375,1026.825,99.8,0.4,0,102682.5,273.525,0.003797330837073881,0.13333333333333333,276.707
2013-12-13 19:00:00,0.0,0.7,1026.925,100.0,0.8,0,102692.5,273.84999999999997,0.0038949601663916577,0.26666666666666666,260.095
2013-12-13 20:00:00,0.0,1.0,1026.925,100.0,0.7,0,102692.5,274.15,0.003980081455975971,0.2333333333333333,260.095
2013-12-13 21:00:00,0.0,0.575,1027.375,100.0,0.6,0,102737.5,273.72499999999997,0.0038582812597097844,0.19999999999999998,260.095
2013-12-13 22:00:00,0.0,0.3,1027.85,100.0,0.5,0,102784.99999999999,273.45,0.0037805716825742974,0.16666666666666666,282.976
2013-12-13 23:00:00,0.0,0.325,1027.6,100.0,0.6,0,102759.99999999999,273.47499999999997,0.0037883403224869406,0.19999999999999998,282.976
2013-12-14 00:00:00,0.0,0.45,1027.6,100.0,0.6,0,102759.99999999999,273.59999999999997,0.0038227499834085905,0.19999999999999998,283.039
2013-12-14 01:00:00,0.0,0.9,1027.65,100.0,0.7,0,102765.00000000001,274.04999999999995,0.003948738507720057,0.2333333333333333,291.099
2013-12-14 02:00:00,0.0,0.85,1027.775,100.0,0.8,0,102777.50000000001,274.0,0.003934060635686279,0.26666666666666666,291.099
2013-12-14 03:00:00,0.0,0.75,1027.75,99.9,1.0,0,102775.0,273.9,0.0039019902056812356,0.3333333333333333,291.099
2013-12-14 04:00:00,0.0,1.3,1027.4,98.9,0.9,0,102740.00000000001,274.45,0.0040202526330863,0.3,281.162
2013-12-14 05:00:00,0.0,1.6,1027.3,94.3,0.9,0,102730.0,274.75,0.00391700404133245,0.3,281.162
2013-12-14 06:00:00,0.0,2.3,1027.475,88.1,0.7,0,102747.49999999999,275.45,0.0038464128966191123,0.2333333333333333,281.162
2013-12-14 07:00:00,0.0,2.9,1027.85,80.7,0.8,0,102784.99999999999,276.04999999999995,0.0036754189085212983,0.26666666666666666,293.637
2013-12-14 08:00:00,0.0,3.825,1027.575,74.3,0.9,24,102757.5,276.97499999999997,0.0036132780162652384,0.3,293.631
2013-12-14 09:00:00,0.0,5.9,1027.4,63.6,0.8,237,102740.00000000001,279.04999999999995,0.0035752261349576223,0.26666666666666666,293.716
2013-12-14 10:00:00,0.0,7.925,1028.35,52.0,0.4,770,102834.99999999999,281.075,0.00335577756581753,0.13333333333333333,303.1
2013-12-14 11:00:00,0.0,9.625,1028.2,40.9,0.4,1112,102820.0,282.775,0.0029613573266210743,0.13333333333333333,303.1
2013-12-14 12:00:00,0.0,9.225,1028.3,37.0,0.4,648,102830.0,282.375,0.0026076113248516926,0.13333333333333333,303.158
2013-12-14 13:00:00,0.0,8.6,1027.85,40.4,0.4,403,102784.99999999999,281.75,0.002730749771530057,0.13333333333333333,286.923
2013-12-14 14:00:00,0.0,7.7,1027.85,44.4,0.4,337,102784.99999999999,280.84999999999997,0.0028231052589016386,0.13333333333333333,286.86
2013-12-14 15:00:00,0.0,6.375,1027.775,47.1,0.3,213,102777.50000000001,279.525,0.00273496378797971,0.09999999999999999,286.86
2013-12-14 16:00:00,0.0,4.85,1027.975,51.1,0.5,16,102797.49999999999,278.0,0.0026689902267301377,0.16666666666666666,269.552
2013-12-14 17:00:00,0.0,3.8,1028.0,54.2,0.6,0,102800.0,276.95,0.0026300771466832747,0.19999999999999998,269.493
2013-12-14 18:00:00,0.0,3.675,1027.875,56.1,0.6,0,102787.5,276.825,0.0026987562511583945,0.19999999999999998,269.433
2013-12-14 19:00:00,0.0,3.375,1028.45,57.3,0.6,0,102845.0,276.525,0.0026972788380929037,0.19999999999999998,237.724
2013-12-14 20:00:00,0.0,3.525,1028.75,60.5,0.6,0,102875.0,276.67499999999995,0.0028773723774911937,0.19999999999999998,237.724
2013-12-14 21:00:00,0.0,3.65,1028.65,60.5,0.5,0,102865.00000000001,276.79999999999995,0.0029031143416454403,0.16666666666666666,237.66
2013-12-14 22:00:00,0.0,4.325,1028.525,59.7,0.7,0,102852.50000000001,277.47499999999997,0.0030041996607984996,0.2333333333333333,230.699
2013-12-14 23:00:00,0.0,5.675,1028.775,51.3,0.6,0,102877.50000000001,278.825,0.002835420019357248,0.19999999999999998,230.699
2013-12-15 00:00:00,0.0,5.975,1028.775,44.6,0.4,0,102877.50000000001,279.125,0.002516824201890625,0.13333333333333333,230.625
2013-12-15 01:00:00,0.0,5.125,1028.375,46.4,0.6,0,102837.5,278.275,0.002469433925094521,0.19999999999999998,238.726
2013-12-15 02:00:00,0.0,5.125,1028.275,50.5,0.6,0,102827.50000000001,278.275,0.0026878995893757757,0.19999999999999998,238.726
2013-12-15 03:00:00,0.0,5.375,1028.65,46.2,0.7,0,102865.00000000001,278.525,0.0025012382176436217,0.2333333333333333,238.752
2013-12-15 04:00:00,0.0,4.6,1028.0,47.1,0.7,0,102800.0,277.75,0.0024174343475628114,0.2333333333333333,196.692
2013-12-15 05:00:00,0.0,5.55,1027.875,47.3,0.7,0,102787.5,278.7,0.002594044184897932,0.2333333333333333,196.692
2013-12-15 06:00:00,0.0,5.0,1028.0,43.7,0.5,0,102800.0,278.15,0.002306421513595186,0.16666666666666666,196.692
2013-12-15 07:00:00,0.0,3.825,1027.6,50.3,0.6,0,102759.99999999999,276.97499999999997,0.0024460762120973477,0.19999999999999998,183.981
2013-12-15 08:00:00,0.0,3.875,1028.25,51.4,0.6,26,102825.0,277.025,0.002506787903521962,0.19999999999999998,183.981
2013-12-15 09:00:00,0.0,6.3,1028.375,52.9,0.5,177,102837.5,279.45,0.0030541307713754145,0.16666666666666666,183.976
2013-12-15 10:00:00,0.0,6.825,1029.1,43.9,0.4,311,102909.99999999999,279.97499999999997,0.0026259046176373545,0.13333333333333333,187.433
2013-12-15 11:00:00,0.0,6.375,1028.775,49.0,0.6,298,102877.50000000001,279.525,0.0028425257060845197,0.19999999999999998,187.433
2013-12-15 12:00:00,0.0,6.925,1028.0,60.2,0.5,438,102800.0,280.075,0.003629578689106972,0.16666666666666666,187.518
2013-12-15 13:00:00,0.0,7.3,1027.6,67.1,0.4,473,102759.99999999999,280.45,0.004152486453957489,0.13333333333333333,205.581
2013-12-15 14:00:00,0.0,6.475,1027.95,70.7,0.5,375,102795.0,279.625,0.004133022071718859,0.16666666666666666,205.581
2013-12-15 15:00:00,0.0,6.025,1027.875,66.9,0.4,144,102787.5,279.17499999999995,0.0037916228239040723,0.13333333333333333,205.581
2013-12-15 16:00:00,0.0,5.3,1027.9499999999998,75.2,0.3,7,102794.99999999999,278.45,0.004052875121342952,0.09999999999999999,209.381
2013-12-15 17:00:00,0.0,4.3,1028.275,82.0,0.1,0,102827.50000000001,277.45,0.004120151535405742,0.03333333333333333,209.312
2013-12-15 18:00:00,0.0,3.275,1028.0,89.5,0.2,0,102800.0,276.42499999999995,0.0041852088028658035,0.06666666666666667,209.173
2013-12-15 19:00:00,0.0,2.925,1027.975,94.3,0.6,0,102797.49999999999,276.075,0.004301912364916141,0.19999999999999998,198.13
2013-12-15 20:00:00,0.0,3.225,1027.975,95.5,0.7,0,102797.49999999999,276.375,0.004450138193738777,0.2333333333333333,198.13
2013-12-15 21:00:00,0.0,3.05,1028.075,96.9,0.7,0,102807.5,276.2,0.004459394559057995,0.2333333333333333,198.13
2013-12-15 22:00:00,0.0,3.125,1028.4499999999998,97.0,0.6,0,102844.99999999999,276.275,0.004486113975547261,0.19999999999999998,239.89
2013-12-15 23:00:00,0.0,3.6,1028.525,96.1,0.6,0,102852.50000000001,276.75,0.004595735815256148,0.19999999999999998,239.89
2013-12-16 00:00:00,0.0,3.425,1028.575,94.0,0.5,0,102857.5,276.575,0.004439959016226855,0.16666666666666666,239.89
2013-12-16 01:00:00,0.0,3.175,1028.1,94.1,0.4,0,102809.99999999999,276.325,0.004368896846284117,0.13333333333333333,250.228
2013-12-16 02:00:00,0.0,2.875,1028.225,95.5,0.6,0,102822.49999999999,276.025,0.004340189968011108,0.19999999999999998,250.15
2013-12-16 03:00:00,0.0,2.9,1028.15,95.9,0.6,0,102815.00000000001,276.04999999999995,0.004366416687223129,0.19999999999999998,250.15
2013-12-16 04:00:00,0.0,3.075,1027.6750000000002,91.0,0.7,0,102767.50000000001,276.22499999999997,0.004196922544447472,0.2333333333333333,266.134
2013-12-16 05:00:00,0.0,3.375,1027.775,69.5,0.8,0,102777.50000000001,276.525,0.0032737172038268324,0.26666666666666666,266.134
2013-12-16 06:00:00,0.0,3.8,1027.225,51.2,0.6,0,102722.49999999999,276.95,0.002486375376997207,0.19999999999999998,266.134
2013-12-16 07:00:00,0.0,4.5,1027.375,31.0,0.7,0,102737.5,277.65,0.0015809663275685266,0.2333333333333333,280.209
2013-12-16 08:00:00,0.0,5.45,1027.55,26.7,0.6,0,102755.0,278.59999999999997,0.0014546247842281295,0.19999999999999998,280.273
2013-12-16 09:00:00,0.0,7.35,1028.125,24.6,0.6,105,102812.5,280.5,0.0015268067160137215,0.19999999999999998,280.273
2013-12-16 10:00:00,0.0,10.025,1028.1,29.1,0.5,711,102809.99999999999,283.17499999999995,0.002164462176514781,0.16666666666666666,292.983
2013-12-16 11:00:00,0.0,11.625,1027.6,23.2,0.6,1193,102759.99999999999,284.775,0.001920348710854911,0.19999999999999998,292.983
2013-12-16 12:00:00,0.0,12.2,1027.075,21.6,0.3,571,102707.5,285.34999999999997,0.0018579678445058661,0.09999999999999999,292.977
2013-12-16 13:00:00,0.0,11.35,1026.9,22.6,0.4,183,102690.00000000001,284.5,0.00183820133759337,0.13333333333333333,298.133
2013-12-16 14:00:00,0.2,9.5,1026.675,27.8,0.4,109,102667.5,282.65,0.0019989852565147795,0.13333333333333333,298.133
2013-12-16 15:00:00,0.0,8.55,1026.225,33.0,0.6,60,102622.49999999999,281.7,0.00222654382760383,0.19999999999999998,298.214
2013-12-16 16:00:00,0.0,8.525,1025.9,37.5,0.7,14,102590.00000000001,281.67499999999995,0.0025266828158030654,0.2333333333333333,292.021
2013-12-16 17:00:00,0.0,8.6,1025.625,34.4,1.0,0,102562.5,281.75,0.0023302371688779626,0.3333333333333333,292.021
2013-12-16 18:00:00,0.0,8.9,1025.55,33.5,1.1,0,102555.0,282.04999999999995,0.0023159453635877925,0.3666666666666667,291.966
2013-12-16 19:00:00,0.0,9.375,1025.45,31.3,0.9,0,102545.0,282.525,0.002234481178165052,0.3,284.554
2013-12-16 20:00:00,0.0,8.875,1024.9,32.0,0.8,0,102490.00000000001,282.025,0.0022099144159705006,0.26666666666666666,284.554
2013-12-16 21:00:00,0.0,9.3,1025.025,33.0,0.8,0,102502.50000000001,282.45,0.0023449524685180815,0.26666666666666666,284.554
2013-12-16 22:00:00,0.0,10.725,1025.15,29.0,0.9,0,102515.00000000001,283.875,0.0022667179024862386,0.3,288.485
2013-12-16 23:00:00,0.0,10.5,1024.625,23.5,1.1,0,102462.5,283.65,0.0018104176162619464,0.3666666666666667,288.485
2013-12-17 00:00:00,0.0,10.175,1024.15,24.8,1.0,0,102415.00000000001,283.325,0.0018704182768046155,0.3333333333333333,288.485
2013-12-17 01:00:00,0.1,9.85,1024.0,26.3,1.0,0,102400.0,283.0,0.001941140673897257,0.3333333333333333,284.248
2013-12-17 02:00:00,0.0,9.325,1023.35,26.9,1.0,0,102335.0,282.47499999999997,0.0019178452278168113,0.3333333333333333,284.248
2013-12-17 03:00:00,0.0,9.7,1023.075,28.2,1.0,0,102307.5,282.84999999999997,0.0020624024070557898,0.3333333333333333,284.248
2013-12-17 04:00:00,0.0,9.65,1022.45,26.7,0.8,0,102245.0,282.79999999999995,0.0019473468839020147,0.26666666666666666,284.642
2013-12-17 05:00:00,0.0,9.8,1022.0,26.8,0.7,0,102200.0,282.95,0.0019752824665744927,0.2333333333333333,284.642
2013-12-17 06:00:00,0.0,10.15,1022.475,27.0,0.8,0,102247.5,283.29999999999995,0.0020362714597725136,0.26666666666666666,284.702
2013-12-17 07:00:00,0.0,9.675,1022.475,25.4,0.7,0,102247.5,282.825,0.0018555986370422954,0.2333333333333333,290.944
2013-12-17 08:00:00,0.0,10.075,1022.6,24.7,0.9,0,102260.0,283.22499999999997,0.001853262169391321,0.3,291.004
2013-12-17 09:00:00,0.1,9.7,1022.65,26.7,0.7,100,102265.0,282.84999999999997,0.001953511668072161,0.2333333333333333,291.004
2013-12-17 10:00:00,0.0,10.7,1022.7,31.5,0.3,697,102270.0,283.84999999999997,0.0024639183442738922,0.09999999999999999,291.209
2013-12-17 11:00:00,0.0,12.8,1022.0,27.2,0.3,1231,102200.0,285.95,0.0024457514143807085,0.09999999999999999,291.209
2013-12-17 12:00:00,0.0,11.45,1021.675,26.1,0.4,573,102167.5,284.59999999999997,0.0021479119571348156,0.13333333333333333,291.209
2013-12-17 13:00:00,0.0,10.875,1021.275,29.7,0.5,181,102127.5,284.025,0.0023536123575818198,0.16666666666666666,287.316
2013-12-17 14:00:00,0.0,8.9,1020.825,33.8,0.6,109,102082.5,282.04999999999995,0.002347500775333037,0.19999999999999998,287.316
2013-12-17 15:00:00,0.0,7.575,1020.85,42.1,0.4,56,102085.0,280.72499999999997,0.0026723328587014857,0.13333333333333333,287.316
2013-12-17 16:00:00,0.0,6.85,1020.85,44.8,0.5,13,102085.0,280.0,0.0027060356742762393,0.16666666666666666,249.967
2013-12-17 17:00:00,0.0,5.699999999999999,1020.4,47.2,0.6,0,102040.0,278.84999999999997,0.002634779739076993,0.19999999999999998,249.909
2013-12-17 18:00:00,0.0,5.0,1020.6,53.6,0.7,0,102060.0,278.15,0.0028494404407939156,0.2333333333333333,249.909
2013-12-17 19:00:00,0.0,4.275,1020.55,54.3,0.7,0,102055.0,277.42499999999995,0.002744184475208341,0.2333333333333333,252.775
2013-12-17 20:00:00,0.0,4.175,1020.5,61.1,0.5,0,102050.0,277.325,0.0030664155717538694,0.16666666666666666,252.775
2013-12-17 21:00:00,0.0,3.375,1020.525,62.5,0.7,0,102052.5,276.525,0.002964904947502091,0.2333333333333333,252.775
2013-12-17 22:00:00,0.0,3.175,1020.25,63.6,0.8,0,102025.0,276.325,0.0029755553871662586,0.26666666666666666,251.482
2013-12-17 23:00:00,0.0,2.675,1020.175,64.8,0.7,0,102017.5,275.825,0.0029263888412531473,0.2333333333333333,251.482
2013-12-18 00:00:00,0.0,2.6,1019.55,64.9,0.5,0,101955.0,275.75,0.0029171220832586524,0.16666666666666666,251.482
2013-12-18 01:00:00,0.0,3.95,1019.425,63.9,0.6,0,101942.5,277.09999999999997,0.0031600085155381315,0.19999999999999998,238.113
2013-12-18 02:00:00,0.0,2.75,1019.0,57.8,0.3,0,101900.0,275.9,0.0026272246727201878,0.09999999999999999,238.05
2013-12-18 03:00:00,0.0,2.2,1018.625,64.1,0.3,0,101862.5,275.34999999999997,0.0028028565240426698,0.09999999999999999,238.055
2013-12-18 04:00:00,0.0,2.925,1018.35,65.6,0.4,0,101835.0,276.075,0.0030209197663396124,0.13333333333333333,210.935
2013-12-18 05:00:00,0.0,3.025,1017.75,53.7,0.2,0,101775.0,276.17499999999995,0.0024919625262174723,0.06666666666666667,210.935
2013-12-18 06:00:00,0.0,2.725,1017.825,56.9,0.3,0,101782.5,275.875,0.002584712538998319,0.09999999999999999,210.935
2013-12-18 07:00:00,0.0,2.5,1017.475,63.3,0.3,0,101747.5,275.65,0.0028308173683429783,0.09999999999999999,217.224
2013-12-18 08:00:00,0.0,2.575,1016.975,68.1,0.6,41,101697.5,275.72499999999997,0.003063260072440317,0.19999999999999998,217.219
2013-12-18 09:00:00,0.0,2.925,1016.9,69.8,0.2,184,101690.0,276.075,0.003218915636037936,0.06666666666666667,217.279
2013-12-18 10:00:00,0.0,2.8,1016.875,70.0,0.2,337,101687.5,275.95,0.0031997384854459843,0.06666666666666667,234.638
2013-12-18 11:00:00,0.01,2.8,1015.925,75.3,0.4,385,101592.5,275.95,0.003445223046566398,0.13333333333333333,234.638
2013-12-18 12:00:00,0.0,2.375,1015.175,83.3,0.4,517,101517.5,275.525,0.0037006180233203553,0.13333333333333333,234.638
2013-12-18 13:00:00,0.01,1.95,1014.1,87.4,0.8,332,101410.0,275.09999999999997,0.003770870048096057,0.26666666666666666,241.998
2013-12-18 14:00:00,0.0,2.35,1014.0,91.2,0.5,352,101400.0,275.5,0.004049060270012451,0.16666666666666666,241.998
2013-12-18 15:00:00,0.0,1.225,1013.925,89.8,0.7,83,101392.5,274.375,0.0036789830835157493,0.2333333333333333,241.998
2013-12-18 16:00:00,0.0,0.4,1013.875,94.3,0.7,2,101387.5,273.54999999999995,0.0036404660779265786,0.2333333333333333,222.911
2013-12-18 17:00:00,0.02,-0.225,1013.775,96.6,0.9,0,101377.5,272.92499999999995,0.0035643660023511234,0.3,222.911
2013-12-18 18:00:00,0.05,-0.875,1013.55,97.1,0.7,0,101355.0,272.275,0.0034177708227704777,0.2333333333333333,222.793
2013-12-18 19:00:00,0.03,-1.325,1013.65,97.2,0.8,0,101365.0,271.825,0.003310062609842968,0.26666666666666666,262.949
2013-12-18 20:00:00,0.09,-1.925,1013.95,96.5,0.5,0,101395.0,271.22499999999997,0.0031434357095613354,0.16666666666666666,262.949
2013-12-18 21:00:00,0.0,-1.9,1013.95,94.8,0.7,0,101395.0,271.25,0.003093755679321593,0.2333333333333333,262.949
2013-12-18 22:00:00,0.0,-2.125,1014.3,93.8,0.6,0,101430.0,271.025,0.0030096846697572365,0.19999999999999998,301.26
2013-12-18 23:00:00,0.0,-2.675,1014.925,96.0,0.9,0,101492.5,270.47499999999997,0.002955572421024985,0.3,301.254
2013-12-19 00:00:00,0.01,-3.625,1014.65,97.2,0.8,0,101465.0,269.525,0.00278884726522811,0.26666666666666666,301.274
2013-12-19 01:00:00,0.0,-4.525,1014.375,96.6,0.6,0,101437.5,268.625,0.002591288062440993,0.19999999999999998,301.179
2013-12-19 02:00:00,0.12,-5.225,1015.275,96.8,0.3,0,101527.5,267.92499999999995,0.0024606928027365036,0.09999999999999999,301.199
2013-12-19 03:00:00,0.08,-5.675,1015.7,96.1,0.5,0,101570.0,267.47499999999997,0.0023598530071868066,0.16666666666666666,301.199
2013-12-19 04:00:00,0.0,-5.75,1016.5,95.9,0.4,0,101650.0,267.4,0.0023396972271489524,0.13333333333333333,296.646
2013-12-19 05:00:00,0.0,-6.45,1016.725,96.8,0.4,0,101672.5,266.7,0.002238263641825249,0.13333333333333333,296.646
2013-12-19 06:00:00,0.0,-5.949999999999999,1016.9,94.1,0.6,0,101690.0,267.2,0.0022601778384457516,0.19999999999999998,296.64
2013-12-19 07:00:00,0.0,-6.175,1017.425,90.2,0.9,0,101742.5,266.97499999999997,0.0021285197662684347,0.3,303.189
2013-12-19 08:00:00,0.0,-6.074999999999999,1018.1,85.7,1.1,1,101810.0,267.075,0.0020364802818253827,0.3666666666666667,303.209
2013-12-19 09:00:00,0.0,-5.55,1018.6,80.9,1.5,143,101860.0,267.59999999999997,0.0019998589329721164,0.5,303.264
2013-12-19 10:00:00,0.01,-4.725,1019.5,70.8,1.3,633,101950.0,268.42499999999995,0.0018613739316229226,0.43333333333333335,299.483
2013-12-19 11:00:00,0.07,-3.65,1019.5,61.6,1.1,1177,101950.0,269.5,0.0017557240013912287,0.3666666666666667,299.547
2013-12-19 12:00:00,0.0,-2.925,1019.475,53.4,1.1,611,101947.5,270.22499999999997,0.0016065927143051274,0.3666666666666667,299.561
2013-12-19 13:00:00,0.0,-2.1,1018.85,49.4,0.9,555,101885.0,271.04999999999995,0.001580894965264298,0.3,304.938
2013-12-19 14:00:00,0.0,-2.175,1018.25,50.9,0.4,313,101825.0,270.97499999999997,0.0016208543114476894,0.13333333333333333,304.938
2013-12-19 15:00:00,0.0,-3.325,1018.775,49.6,0.2,25,101877.5,269.825,0.0014494674550810814,0.06666666666666667,304.938
2013-12-19 16:00:00,0.0,-4.45,1019.25,57.5,0.2,0,101925.0,268.7,0.0015437517706069525,0.06666666666666667,303.251
2013-12-19 17:00:00,0.0,-5.35,1018.7,65.9,0.2,0,101870.0,267.79999999999995,0.0016538213783693482,0.06666666666666667,303.257
2013-12-19 18:00:00,0.0,-5.6,1018.45,68.6,0.5,0,101845.0,267.54999999999995,0.0016896176513004875,0.16666666666666666,303.257
2013-12-19 19:00:00,0.0,-5.875,1018.75,67.0,0.4,0,101875.0,267.275,0.001615552859971206,0.13333333333333333,305.931
2013-12-19 20:00:00,0.0,-6.0,1018.45,66.1,0.3,0,101845.0,267.15,0.0015791992961488677,0.09999999999999999,305.931
2013-12-19 21:00:00,0.0,-5.775,1018.075,71.2,0.3,0,101807.5,267.375,0.0017310998379807022,0.09999999999999999,305.931
2013-12-19 22:00:00,0.0,-6.075,1018.4,69.4,0.2,0,101840.0,267.075,0.001648659254316764,0.06666666666666667,303.776
2013-12-19 23:00:00,0.0,-5.275,1018.85,69.7,0.3,0,101885.0,267.875,0.0017589045985082806,0.09999999999999999,303.776
2013-12-20 00:00:00,0.0,-4.225,1017.525,62.6,0.2,0,101752.5,268.92499999999995,0.0017122614483994151,0.06666666666666667,303.776
2013-12-20 01:00:00,0.0,-4.25,1017.9,60.8,0.1,0,101790.0,268.9,0.0016592936851977731,0.03333333333333333,310.552
2013-12-20 02:00:00,0.0,-3.975,1017.7,69.3,0.2,0,101770.0,269.17499999999995,0.0019311024210651295,0.06666666666666667,310.552
2013-12-20 03:00:00,0.0,-3.525,1017.1,55.2,0.2,0,101710.0,269.625,0.0015918285890870283,0.06666666666666667,310.552
2013-12-20 04:00:00,0.0,-3.65,1016.85,45.0,0.1,0,101685.0,269.5,0.0012859331286304038,0.03333333333333333,308.849
2013-12-20 05:00:00,0.0,-3.45,1016.5,41.1,0.3,0,101650.0,269.7,0.0011925817384186937,0.09999999999999999,308.794
2013-12-20 06:00:00,0.0,-2.575,1016.6,29.0,0.0,0,101660.0,270.575,0.0008979927126185091,0.0,308.794
2013-12-20 07:00:00,0.0,-1.7999999999999998,1016.8,28.2,0.2,0,101680.0,271.34999999999997,0.0009245017956414755,0.06666666666666667,308.847
2013-12-20 08:00:00,0.0,-1.85,1016.825,32.5,0.9,19,101682.5,271.29999999999995,0.0010615285489104175,0.3,308.847
2013-12-20 09:00:00,0.0,-1.975,1017.0,56.6,1.0,71,101700.0,271.17499999999995,0.0018314200974801076,0.3333333333333333,308.918
2013-12-20 10:00:00,0.0,-2.4000000000000004,1017.25,68.9,0.6,109,101725.0,270.75,0.0021599617451154253,0.19999999999999998,313.049
2013-12-20 11:00:00,0.0,-2.775,1016.5,84.0,0.9,85,101650.0,270.375,0.0025630256531059374,0.3,313.109
2013-12-20 12:00:00,0.2,-1.5,1015.325,95.0,1.0,96,101532.5,271.65,0.0031885759317450703,0.3333333333333333,313.104
2013-12-20 13:00:00,0.18,-0.225,1014.475,97.1,1.0,47,101447.5,272.92499999999995,0.0035803429160587235,0.3333333333333333,314.733
2013-12-20 14:00:00,0.86,-0.625,1014.325,98.1,0.9,5,101432.5,272.525,0.003513891593825728,0.3,314.733
2013-12-20 15:00:00,2.0,-0.2249999999999999,1013.1,98.7,0.5,0,101310.0,272.92499999999995,0.0036442786833690605,0.16666666666666666,314.733
2013-12-20 16:00:00,2.5900000000000003,-0.175,1013.4,99.1,0.5,0,101340.0,272.97499999999997,0.0036712829409280305,0.16666666666666666,311.309
2013-12-20 17:00:00,1.71,0.025,1013.825,99.5,0.8,0,101382.5,273.17499999999995,0.003738454836247213,0.26666666666666666,311.309
2013-12-20 18:00:00,0.85,0.1,1013.9,99.9,0.7,0,101390.0,273.25,0.0037736781410754043,0.2333333333333333,311.309
2013-12-20 19:00:00,1.42,0.025,1014.175,100.0,0.4,0,101417.5,273.17499999999995,0.0037559443871645355,0.13333333333333333,312.367
2013-12-20 20:00:00,1.88,0.0,1014.6,100.0,0.2,0,101460.0,273.15,0.0037475668921952425,0.06666666666666667,312.367
2013-12-20 21:00:00,1.18,0.425,1014.15,100.0,0.3,0,101415.0,273.575,0.00386645300570589,0.09999999999999999,312.367
2013-12-20 22:00:00,1.52,0.775,1014.3,100.0,0.7,0,101430.0,273.92499999999995,0.003964831350161821,0.2333333333333333,312.735
2013-12-20 23:00:00,1.1,1.05,1014.675,100.0,0.8,0,101467.5,274.2,0.004042651559523209,0.26666666666666666,312.735
2013-12-21 00:00:00,1.07,1.375,1013.825,100.0,0.8,0,101382.5,274.525,0.004141632068660531,0.26666666666666666,312.735
2013-12-21 01:00:00,1.5,1.475,1013.925,100.0,0.9,0,101392.5,274.625,0.004171033210344618,0.3,313.251
2013-12-21 02:00:00,1.8,1.4249999999999998,1014.625,100.0,1.1,0,101462.5,274.575,0.0041532373800749625,0.3666666666666667,313.311
2013-12-21 03:00:00,1.55,1.45,1015.075,100.0,1.1,0,101507.5,274.59999999999997,0.004158846046602509,0.3666666666666667,313.311
2013-12-21 04:00:00,0.7100000000000001,1.525,1015.4,100.0,1.0,0,101540.0,274.67499999999995,0.004179928478468307,0.3333333333333333,311.838
2013-12-21 05:00:00,0.56,1.475,1016.0,100.0,0.9,0,101600.0,274.625,0.004162514613975065,0.3,311.818
2013-12-21 06:00:00,0.44,1.35,1016.7,100.0,0.6,0,101670.0,274.5,0.004122517879763539,0.19999999999999998,311.818
2013-12-21 07:00:00,0.6799999999999999,1.375,1017.3,100.0,0.4,0,101730.0,274.525,0.004127484647606176,0.13333333333333333,312.183
2013-12-21 08:00:00,0.73,1.4,1018.175,100.0,0.4,22,101817.5,274.54999999999995,0.0041313411833233124,0.13333333333333333,312.241
2013-12-21 09:00:00,1.5,1.725,1018.85,100.0,0.2,54,101885.0,274.875,0.0042258641847179555,0.06666666666666667,312.241
2013-12-21 10:00:00,1.96,2.0,1019.3,100.0,0.6,368,101930.0,275.15,0.004307838412022423,0.19999999999999998,317.92
2013-12-21 11:00:00,0.0,2.775,1019.375,100.0,0.7,882,101937.5,275.92499999999995,0.004551765577523301,0.2333333333333333,317.92
2013-12-21 12:00:00,0.32,2.475,1019.5,100.0,0.6,609,101950.0,275.625,0.004455255646473703,0.19999999999999998,317.974
2013-12-21 13:00:00,0.05,2.35,1019.6,100.0,0.6,376,101960.0,275.5,0.004415374357540265,0.19999999999999998,321.702
2013-12-21 14:00:00,0.21,2.325,1019.75,100.0,0.6,305,101975.0,275.47499999999997,0.00440687439376607,0.19999999999999998,321.702
2013-12-21 15:00:00,0.0,1.975,1020.225,100.0,0.6,127,102022.5,275.125,0.004296257367166521,0.19999999999999998,321.682
2013-12-21 16:00:00,0.16,1.6,1020.525,100.0,0.6,2,102052.5,274.75,0.004181344657699058,0.19999999999999998,315.727
2013-12-21 17:00:00,0.1699999999999999,1.275,1020.725,100.0,0.4,0,102072.5,274.42499999999995,0.004084211707614262,0.13333333333333333,315.646
2013-12-21 18:00:00,0.5800000000000001,1.1,1020.85,100.0,0.2,0,102085.0,274.25,0.004032675554322772,0.06666666666666667,315.705
2013-12-21 19:00:00,0.52,1.125,1021.925,100.0,0.3,0,102192.5,274.275,0.004035681881558762,0.09999999999999999,308.072
2013-12-21 20:00:00,0.0,1.1,1021.8,100.0,0.5,0,102180.0,274.25,0.004028926247436291,0.16666666666666666,308.078
2013-12-21 21:00:00,0.37,1.075,1022.15,100.0,0.6,0,102215.0,274.22499999999997,0.0040203113696480166,0.19999999999999998,308.078
2013-12-21 22:00:00,0.5800000000000001,1.175,1022.3,100.0,0.5,0,102230.0,274.325,0.004048727759222275,0.16666666666666666,260.877
2013-12-21 23:00:00,0.46,1.3,1022.225,100.0,0.9,0,102222.5,274.45,0.00408554611398955,0.3,260.877
2013-12-22 00:00:00,0.43,1.4,1022.55,100.0,1.1,0,102255.0,274.54999999999995,0.0041136651599728265,0.3666666666666667,260.877
2013-12-22 01:00:00,0.27,1.525,1022.575,100.0,1.0,0,102257.5,274.67499999999995,0.004150599591263936,0.3333333333333333,238.512
2013-12-22 02:00:00,1.52,1.45,1023.25,100.0,1.0,0,102325.0,274.59999999999997,0.004125619986078711,0.3333333333333333,238.59
2013-12-22 03:00:00,0.54,1.35,1023.15,100.0,0.8,0,102315.0,274.5,0.004096529275624874,0.26666666666666666,238.59
2013-12-22 04:00:00,0.33,1.825,1023.35,100.0,0.5,0,102335.0,274.97499999999997,0.004237480137992516,0.16666666666666666,221.067
2013-12-22 05:00:00,0.2,2.05,1023.625,100.0,0.4,0,102362.5,275.2,0.004304972937592887,0.13333333333333333,221.067
2013-12-22 06:00:00,0.5800000000000001,2.375,1023.85,100.0,0.4,0,102385.0,275.525,0.004404877526719132,0.13333333333333333,221.004
2013-12-22 07:00:00,0.17,2.55,1024.525,100.0,0.5,0,102452.50000000001,275.7,0.0044571055226000425,0.16666666666666666,238.712
2013-12-22 08:00:00,0.05,2.6500000000000004,1025.025,100.0,0.4,0,102502.50000000001,275.79999999999995,0.00448669257651142,0.13333333333333333,238.793
2013-12-22 09:00:00,0.04,2.6,1025.6,100.0,0.2,47,102559.99999999999,275.75,0.004468280463863702,0.06666666666666667,238.787
2013-12-22 10:00:00,0.0,2.8,1025.85,100.0,0.2,198,102584.99999999999,275.95,0.004531063539486956,0.06666666666666667,279.409
2013-12-22 11:00:00,0.12,3.5500000000000003,1025.75,100.0,0.2,564,102575.0,276.7,0.004778311942908452,0.06666666666666667,279.424
2013-12-22 12:00:00,0.03,3.85,1025.65,100.0,0.6,659,102565.00000000001,277.0,0.00488079463869045,0.19999999999999998,279.488
2013-12-22 13:00:00,0.09,4.3,1025.775,100.0,0.9,891,102577.50000000001,277.45,0.005036820845237586,0.3,291.162
2013-12-22 14:00:00,0.0,4.325,1025.725,99.4,0.6,555,102572.49999999999,277.47499999999997,0.0050156215271455725,0.19999999999999998,291.167
2013-12-22 15:00:00,0.0,3.975,1025.725,99.1,0.5,218,102572.49999999999,277.125,0.0048791957465813334,0.16666666666666666,291.167
2013-12-22 16:00:00,0.0,3.2,1026.25,98.8,0.3,22,102625.0,276.34999999999997,0.004603508559305174,0.09999999999999999,316.761
2013-12-22 17:00:00,0.0,2.8,1026.95,99.4,0.3,0,102695.0,275.95,0.0044990529069485335,0.09999999999999999,316.7
2013-12-22 18:00:00,0.18,2.125,1026.725,99.7,0.4,0,102672.49999999999,275.275,0.004302055113537751,0.13333333333333333,316.676
2013-12-22 19:00:00,0.03,1.65,1026.55,100.0,0.4,0,102655.0,274.79999999999995,0.004171713273187418,0.13333333333333333,306.9
2013-12-22 20:00:00,0.0,1.575,1026.375,100.0,0.7,0,102637.5,274.72499999999997,0.00415007399505935,0.2333333333333333,306.9
2013-12-22 21:00:00,0.0,1.8,1026.5,100.0,0.5,0,102650.0,274.95,0.004216932331915685,0.16666666666666666,306.9
2013-12-22 22:00:00,0.0,1.65,1026.575,100.0,0.4,0,102657.5,274.79999999999995,0.0041716116801895076,0.13333333333333333,298.33
2013-12-22 23:00:00,0.0,2.05,1026.725,100.0,0.5,0,102672.49999999999,275.2,0.004291974894196128,0.16666666666666666,298.33
2013-12-23 00:00:00,0.0,1.575,1026.65,100.0,0.7,0,102665.00000000001,274.72499999999997,0.0041489623500502015,0.2333333333333333,298.33
2013-12-23 01:00:00,0.05,1.85,1026.625,100.0,0.6,0,102662.5,275.0,0.004231517674130263,0.19999999999999998,272.89
2013-12-23 02:00:00,0.0,3.075,1026.625,100.0,0.7,0,102662.5,276.22499999999997,0.00461671980857478,0.2333333333333333,272.89
2013-12-23 03:00:00,0.0,2.675,1026.575,99.6,0.4,0,102657.5,275.825,0.004469926248797659,0.13333333333333333,272.89
2013-12-23 04:00:00,0.0,2.75,1026.675,99.9,0.4,0,102667.5,275.9,0.004506880687017022,0.13333333333333333,295.347
2013-12-23 05:00:00,0.0,3.525,1026.7,99.4,0.6,0,102670.0,276.67499999999995,0.004736890724022325,0.19999999999999998,295.347
2013-12-23 06:00:00,0.0,3.475,1026.45,98.7,0.4,0,102645.0,276.625,0.004688117322623254,0.13333333333333333,295.347
2013-12-23 07:00:00,0.0,3.65,1026.7,97.2,0.6,0,102670.0,276.79999999999995,0.0046730357112092944,0.19999999999999998,283.917
2013-12-23 08:00:00,0.0,3.475,1026.725,96.9,0.5,7,102672.49999999999,276.625,0.004601386967741648,0.16666666666666666,283.917
2013-12-23 09:00:00,0.0,3.925,1027.25,97.1,0.3,111,102725.0,277.075,0.004756886039161675,0.09999999999999999,283.917
2013-12-23 10:00:00,0.0,4.15,1027.325,95.5,0.7,155,102732.5,277.29999999999995,0.004752659529910329,0.2333333333333333,274.586
2013-12-23 11:00:00,0.0,4.2,1027.1999999999998,94.4,0.6,126,102719.99999999999,277.34999999999997,0.004714995277105694,0.19999999999999998,274.667
2013-12-23 12:00:00,0.79,3.875,1026.875,91.7,1.0,195,102687.5,277.025,0.004478215042460245,0.3333333333333333,274.661
2013-12-23 13:00:00,1.15,3.45,1026.5,92.6,0.9,215,102650.0,276.59999999999997,0.004390411280606496,0.3,284.755
2013-12-23 14:00:00,0.97,3.4,1026.775,97.0,0.7,133,102677.50000000001,276.54999999999995,0.004581600999254485,0.2333333333333333,284.671
2013-12-23 15:00:00,2.22,3.325,1026.925,98.2,0.5,51,102692.5,276.47499999999997,0.004613110730710422,0.16666666666666666,284.671
2013-12-23 16:00:00,0.6100000000000001,3.3,1027.15,98.9,0.5,0,102715.00000000001,276.45,0.004636781837373266,0.16666666666666666,295.829
2013-12-23 17:00:00,1.2,3.275,1027.575,99.3,0.5,0,102757.5,276.42499999999995,0.00464539799585168,0.16666666666666666,295.829
2013-12-23 18:00:00,1.1,3.15,1028.25,99.5,0.6,0,102825.0,276.29999999999995,0.004610776588634419,0.19999999999999998,295.809
2013-12-23 19:00:00,1.2,3.2,1028.425,99.8,0.6,0,102842.5,276.34999999999997,0.004640268345624767,0.19999999999999998,279.063
2013-12-23 20:00:00,0.3,2.825,1028.6,99.9,0.9,0,102859.99999999999,275.97499999999997,0.004522441696999693,0.3,279.063
2013-12-23 21:00:00,0.2,2.475,1028.775,100.0,0.9,0,102877.50000000001,275.625,0.0044150889471263775,0.3,279.063
2013-12-23 22:00:00,0.1,1.775,1028.95,100.0,0.7,0,102895.0,274.92499999999995,0.004199377067819651,0.2333333333333333,295.013
2013-12-23 23:00:00,0.0,1.525,1029.225,100.0,0.5,0,102922.49999999999,274.67499999999995,0.0041237818524003204,0.16666666666666666,295.013
2013-12-24 00:00:00,0.0,1.275,1029.85,100.0,0.3,0,102984.99999999999,274.42499999999995,0.0040480234939598665,0.09999999999999999,295.013
2013-12-24 01:00:00,0.0,0.55,1029.6,100.0,0.3,0,102959.99999999999,273.7,0.003842997370460414,0.09999999999999999,301.95
2013-12-24 02:00:00,0.0,-0.55,1029.65,100.0,0.2,0,102965.00000000001,272.59999999999997,0.003547986466716216,0.06666666666666667,301.935
2013-12-24 03:00:00,0.0,-0.25,1030.5,100.0,0.4,0,103050.0,272.9,0.003623341971773336,0.13333333333333333,301.935
2013-12-24 04:00:00,0.0,-0.725,1030.35,100.0,0.3,0,103034.99999999999,272.42499999999995,0.0035006011167852467,0.09999999999999999,298.527
2013-12-24 05:00:00,0.0,-0.975,1030.2,100.0,0.3,0,103020.0,272.17499999999995,0.003437729698564589,0.09999999999999999,298.466
2013-12-24 06:00:00,0.0,-1.175,1030.2,100.0,0.3,0,103020.0,271.97499999999997,0.003387759987772085,0.09999999999999999,298.466
2013-12-24 07:00:00,0.0,-1.55,1030.175,100.0,0.4,0,103017.5,271.59999999999997,0.0032958811351180713,0.13333333333333333,294.866
2013-12-24 08:00:00,0.0,-1.875,1029.975,100.0,0.4,0,102997.49999999999,271.275,0.003218605682759694,0.13333333333333333,294.866
2013-12-24 09:00:00,0.0,-1.2,1030.0,100.0,0.6,51,103000.0,271.95,0.0033822159290587913,0.19999999999999998,294.802
2013-12-24 10:00:00,0.0,-0.075,1030.375,100.0,0.7,594,103037.5,273.075,0.003670156305326902,0.2333333333333333,288.132
2013-12-24 11:00:00,0.0,0.7,1029.9,100.0,0.8,1221,102990.00000000001,273.84999999999997,0.0038837090677461424,0.26666666666666666,288.132
2013-12-24 12:00:00,0.0,0.75,1029.275,99.6,1.0,629,102927.50000000001,273.9,0.0038845085907391773,0.3333333333333333,288.132
2013-12-24 13:00:00,0.0,1.425,1028.85,97.1,0.9,163,102884.99999999999,274.575,0.00397703562320315,0.3,283.431
2013-12-24 14:00:00,0.0,1.75,1029.0,87.8,0.8,94,102900.0,274.9,0.0036802869751450876,0.26666666666666666,283.431
2013-12-24 15:00:00,0.0,2.4,1028.875,75.3,1.0,4,102887.5,275.54999999999995,0.0033065507383492174,0.3333333333333333,283.437
2013-12-24 16:00:00,0.0,2.4,1028.875,67.0,0.9,0,102887.5,275.54999999999995,0.002942083658292133,0.3,259.603
2013-12-24 17:00:00,0.0,2.625,1029.075,63.6,0.7,0,102907.5,275.775,0.0028372641480976747,0.2333333333333333,259.603
2013-12-24 18:00:00,0.0,2.75,1028.875,58.6,0.9,0,102887.5,275.9,0.0026380228980238804,0.3,259.539
2013-12-24 19:00:00,0.0,2.875,1029.075,53.3,1.0,0,102907.5,276.025,0.0024203251156544223,0.3333333333333333,270.837
2013-12-24 20:00:00,0.1,3.775,1028.95,38.7,0.8,0,102895.0,276.92499999999995,0.0018729020966439724,0.26666666666666666,270.837
2013-12-24 21:00:00,0.0,4.575,1028.575,33.9,0.7,0,102857.5,277.72499999999997,0.0017359276282342226,0.2333333333333333,270.896
2013-12-24 22:00:00,0.0,5.175,1028.6,33.2,0.7,0,102859.99999999999,278.325,0.0017726935814875197,0.2333333333333333,263.422
2013-12-24 23:00:00,0.0,5.475,1028.475,30.5,0.9,0,102847.49999999999,278.625,0.0016630391520432513,0.3,263.422
2013-12-25 00:00:00,0.0,5.85,1028.225,29.5,0.9,0,102822.49999999999,279.0,0.0016512674667271687,0.3,263.422
2013-12-25 01:00:00,0.0,6.3,1028.325,25.3,1.0,0,102832.5,279.45,0.00146074226035142,0.3333333333333333,261.181
2013-12-25 02:00:00,0.0,6.725,1028.4,24.9,0.9,0,102840.00000000001,279.875,0.0014802193138667094,0.3,261.181
2013-12-25 03:00:00,0.0,7.175000000000001,1028.075,23.0,0.9,0,102807.5,280.325,0.0014105794732375027,0.3,261.181
2013-12-25 04:00:00,0.0,6.225,1027.7,22.2,0.7,0,102770.0,279.375,0.0012759201037054507,0.2333333333333333,252.372
2013-12-25 05:00:00,0.0,6.324999999999999,1027.55,28.5,0.9,0,102755.0,279.47499999999997,0.0016495820866190291,0.3,252.372
2013-12-25 06:00:00,0.0,6.4,1027.55,26.8,0.9,0,102755.0,279.54999999999995,0.0015592245799251766,0.3,252.372
2013-12-25 07:00:00,0.0,6.15,1028.35,23.6,0.9,0,102834.99999999999,279.29999999999995,0.0013485279698090841,0.3,258.927
2013-12-25 08:00:00,0.0,6.0,1027.9,23.1,0.6,0,102790.00000000001,279.15,0.0013069231733797862,0.19999999999999998,258.927
2013-12-25 09:00:00,0.0,8.425,1027.95,22.7,0.7,203,102795.0,281.575,0.00151612586087166,0.2333333333333333,258.927
2013-12-25 10:00:00,0.0,10.075,1028.525,24.4,0.4,619,102852.50000000001,283.22499999999997,0.0018202065366331223,0.13333333333333333,273.484
2013-12-25 11:00:00,0.0,12.05,1027.95,22.9,0.3,939,102795.0,285.2,0.0019487701273612724,0.09999999999999999,273.484
2013-12-25 12:00:00,0.0,12.175,1027.6,18.6,0.3,832,102759.99999999999,285.325,0.0015964704547063574,0.09999999999999999,273.484
2013-12-25 13:00:00,0.0,12.7,1026.7,15.3,0.3,655,102670.0,285.84999999999997,0.0013604934472993084,0.09999999999999999,270.828
2013-12-25 14:00:00,0.0,11.45,1026.8000000000002,19.4,0.1,430,102680.00000000001,284.59999999999997,0.0015885635917872595,0.03333333333333333,270.828
2013-12-25 15:00:00,0.0,9.925,1026.875,21.4,0.4,215,102687.5,283.075,0.0015829973734247371,0.13333333333333333,270.828
2013-12-25 16:00:00,0.0,8.225,1027.125,21.5,0.5,25,102712.5,281.375,0.0014177620114290879,0.16666666666666666,272.711
2013-12-25 17:00:00,0.0,7.9,1027.425,20.0,0.7,0,102742.5,281.04999999999995,0.0012896491339345413,0.2333333333333333,272.711
2013-12-25 18:00:00,0.0,7.875,1027.325,18.0,0.7,0,102732.5,281.025,0.0011588230753225351,0.2333333333333333,272.711
2013-12-25 19:00:00,0.0,7.7,1027.325,23.1,0.6,0,102732.5,280.84999999999997,0.001469528334265373,0.19999999999999998,263.243
2013-12-25 20:00:00,0.0,8.0,1027.4,21.0,0.8,0,102740.00000000001,281.15,0.0013634111444437783,0.26666666666666666,263.243
2013-12-25 21:00:00,0.0,7.8,1027.15,26.7,0.6,0,102715.00000000001,280.95,0.0017104537715809196,0.19999999999999998,263.243
2013-12-25 22:00:00,0.0,8.05,1026.85,32.8,0.7,0,102684.99999999999,281.2,0.002137916614480477,0.2333333333333333,259.718
2013-12-25 23:00:00,0.0,8.1,1026.7,41.6,0.8,0,102670.0,281.25,0.002721133992310653,0.26666666666666666,259.718
2013-12-26 00:00:00,0.0,8.025,1026.775,54.5,0.6,0,102677.50000000001,281.17499999999995,0.0035465558709449787,0.19999999999999998,259.718
2013-12-26 01:00:00,0.0,7.925000000000001,1026.55,58.3,0.5,0,102655.0,281.075,0.003768939989937037,0.16666666666666666,254.495
2013-12-26 02:00:00,0.0,7.8,1026.625,53.2,0.6,0,102662.5,280.95,0.0034098380020238673,0.19999999999999998,254.495
2013-12-26 03:00:00,0.0,7.525,1026.425,45.5,0.7,0,102642.5,280.67499999999995,0.002862675695255043,0.2333333333333333,254.495
2013-12-26 04:00:00,0.0,7.75,1026.1,44.6,0.6,0,102609.99999999999,280.9,0.0028503576797589097,0.19999999999999998,258.662
2013-12-26 05:00:00,0.0,7.5,1026.1,50.6,0.6,0,102609.99999999999,280.65,0.0031791233320272215,0.19999999999999998,258.662
2013-12-26 06:00:00,0.0,7.6,1025.975,49.5,0.7,0,102597.49999999999,280.75,0.003131697423005118,0.2333333333333333,258.662
2013-12-26 07:00:00,0.0,7.45,1025.6,49.2,0.7,0,102559.99999999999,280.59999999999997,0.0030821256380132826,0.2333333333333333,251.216
2013-12-26 08:00:00,0.0,7.85,1026.075,57.6,0.6,0,102607.5,281.0,0.0037064359407050895,0.19999999999999998,251.216
2013-12-26 09:00:00,0.0,9.875,1026.1,62.2,0.6,70,102609.99999999999,283.025,0.004589122525652448,0.19999999999999998,251.201
2013-12-26 10:00:00,0.0,12.025,1026.075,55.5,0.4,622,102607.5,285.17499999999995,0.004723844536922998,0.13333333333333333,257.593
2013-12-26 11:00:00,0.0,13.4,1025.6,49.6,0.4,1260,102559.99999999999,286.54999999999995,0.004621955529857729,0.13333333333333333,257.593
2013-12-26 12:00:00,0.0,13.475,1025.15,42.6,0.7,661,102515.00000000001,286.625,0.003990866172216759,0.2333333333333333,257.593
2013-12-26 13:00:00,0.0,13.25,1025.15,40.0,0.7,182,102515.00000000001,286.4,0.003692709862697695,0.2333333333333333,257.897
2013-12-26 14:00:00,0.0,11.325,1024.775,45.3,0.4,122,102477.50000000001,284.47499999999997,0.003686066230357542,0.13333333333333333,257.903
2013-12-26 15:00:00,0.0,10.75,1024.375,49.4,0.5,64,102437.5,283.9,0.003870593904788519,0.16666666666666666,257.903
2013-12-26 16:00:00,0.0,9.4,1024.3249999999998,46.0,0.5,19,102432.49999999999,282.54999999999995,0.0032930428852458115,0.16666666666666666,268.799
2013-12-26 17:00:00,0.0,8.65,1024.475,51.4,0.5,0,102447.49999999999,281.79999999999995,0.003497533109322772,0.16666666666666666,268.72
2013-12-26 18:00:00,0.0,8.45,1023.875,51.2,0.7,0,102387.5,281.59999999999997,0.0034390651661387935,0.2333333333333333,268.72
2013-12-26 19:00:00,0.0,8.525,1023.95,51.5,0.6,0,102395.0,281.67499999999995,0.003476585924123034,0.19999999999999998,245.272
2013-12-26 20:00:00,0.0,8.65,1024.1,50.7,0.9,0,102409.99999999999,281.79999999999995,0.0034511646036967025,0.3,245.211
2013-12-26 21:00:00,0.0,8.375,1023.775,50.1,0.8,0,102377.5,281.525,0.003348437283738841,0.26666666666666666,245.211
2013-12-26 22:00:00,0.0,8.425,1023.625,47.5,0.9,0,102362.5,281.575,0.0031859144877357712,0.3,246.381
2013-12-26 23:00:00,0.0,8.25,1023.575,46.2,0.7,0,102357.5,281.4,0.0030622993681233526,0.2333333333333333,246.318
2013-12-27 00:00:00,0.0,8.6,1023.15,46.2,0.7,0,102315.0,281.75,0.003137133122017938,0.2333333333333333,246.318
2013-12-27 01:00:00,0.0,8.175,1022.775,42.9,0.9,0,102277.5,281.325,0.002831330691747157,0.3,259.538
2013-12-27 02:00:00,0.0,8.149999999999999,1022.675,41.4,0.6,0,102267.5,281.29999999999995,0.0027279631965198476,0.19999999999999998,259.538
2013-12-27 03:00:00,0.0,8.35,1022.725,42.0,0.7,0,102272.5,281.5,0.0028051943092126607,0.2333333333333333,259.538
2013-12-27 04:00:00,0.0,8.575,1022.4,42.6,0.7,0,102240.0,281.72499999999997,0.0028899073603663584,0.2333333333333333,256.056
2013-12-27 05:00:00,0.0,7.6,1022.275,43.9,0.7,0,102227.5,280.75,0.002787456858489687,0.2333333333333333,256.056
2013-12-27 06:00:00,0.0,6.75,1022.125,47.4,0.6,0,102212.5,279.9,0.002839939879135894,0.19999999999999998,256.056
2013-12-27 07:00:00,0.0,5.825,1021.975,53.4,0.5,0,102197.5,278.97499999999997,0.00300215512673579,0.16666666666666666,257.856
2013-12-27 08:00:00,0.0,6.95,1022.25,53.6,0.5,49,102225.0,280.09999999999997,0.0032554074046361728,0.16666666666666666,257.856
2013-12-27 09:00:00,0.0,7.2,1022.675,36.6,0.7,187,102267.5,280.34999999999997,0.0022603792921632817,0.2333333333333333,257.911
2013-12-27 10:00:00,0.0,7.8,1022.95,42.3,0.3,438,102295.0,280.95,0.0027209459247196743,0.09999999999999999,259.54
2013-12-27 11:00:00,0.0,9.55,1022.875,40.5,0.4,1121,102287.5,282.7,0.0029328483193152553,0.13333333333333333,259.54
2013-12-27 12:00:00,0.0,9.25,1022.525,33.5,0.8,645,102252.5,282.4,0.0023782810979451233,0.26666666666666666,259.54
2013-12-27 13:00:00,0.0,8.725,1021.725,38.9,0.9,268,102172.5,281.875,0.002667591149397195,0.3,260.455
2013-12-27 14:00:00,0.0,7.3,1022.225,38.6,0.9,183,102222.5,280.45,0.0024013231429445875,0.3,260.455
2013-12-27 15:00:00,0.0,5.85,1022.1,41.2,0.9,56,102210.0,279.0,0.0023199968502266807,0.3,260.448
2013-12-27 16:00:00,0.0,4.925,1022.375,46.8,0.6,13,102237.5,278.075,0.002470676102788568,0.19999999999999998,213.302
2013-12-27 17:00:00,0.0,3.275,1023.2,52.5,0.5,0,102320.0,276.42499999999995,0.0024665276107235863,0.16666666666666666,213.238
2013-12-27 18:00:00,0.0,2.05,1023.3,64.8,0.4,0,102330.0,275.2,0.0027905084474365294,0.13333333333333333,213.238
2013-12-27 19:00:00,0.0,1.775,1023.375,69.5,0.5,0,102337.5,274.92499999999995,0.002934466425878545,0.16666666666666666,257.611
2013-12-27 20:00:00,0.0,2.65,1023.5,68.7,0.5,0,102350.0,275.79999999999995,0.0030869504680116574,0.16666666666666666,257.611
2013-12-27 21:00:00,0.0,2.575,1023.75,62.5,0.3,0,102375.0,275.72499999999997,0.0027927569276758406,0.09999999999999999,257.591
2013-12-27 22:00:00,0.0,2.6750000000000003,1024.1,61.3,0.2,0,102409.99999999999,275.825,0.002757717729938254,0.06666666666666667,254.09
2013-12-27 23:00:00,0.0,2.475,1024.625,64.3,0.2,0,102462.5,275.625,0.0028504004915026484,0.06666666666666667,254.09
2013-12-28 00:00:00,0.0,1.0,1024.575,68.7,0.2,0,102457.5,274.15,0.002740587480160429,0.06666666666666667,254.09
2013-12-28 01:00:00,0.0,0.175,1024.825,81.6,0.3,0,102482.5,273.325,0.0030661678205989216,0.09999999999999999,250.785
2013-12-28 02:00:00,0.0,-0.4,1025.275,87.9,0.3,0,102527.50000000001,272.75,0.0031664007770194225,0.09999999999999999,250.778
2013-12-28 03:00:00,0.0,-0.5,1025.8,84.6,0.4,0,102580.0,272.65,0.0030238610456956795,0.13333333333333333,250.778
2013-12-28 04:00:00,0.0,-0.725,1025.85,77.7,0.5,0,102584.99999999999,272.42499999999995,0.0027318984922241178,0.16666666666666666,233.531
2013-12-28 05:00:00,0.0,-1.025,1026.025,82.0,0.5,0,102602.50000000001,272.125,0.002820073266784227,0.16666666666666666,233.531
2013-12-28 06:00:00,0.0,-1.05,1026.2,79.0,0.5,0,102620.0,272.09999999999997,0.0027114707423837804,0.16666666666666666,233.531
2013-12-28 07:00:00,0.0,-0.925,1026.4,79.1,0.4,0,102640.00000000001,272.22499999999997,0.0027393103991395227,0.13333333333333333,255.349
2013-12-28 08:00:00,0.0,0.6499999999999999,1026.4,67.2,0.5,0,102640.00000000001,273.79999999999995,0.0026093198032360993,0.16666666666666666,255.433
2013-12-28 09:00:00,0.0,1.5,1026.95,47.2,0.3,44,102695.0,274.65,0.0019472446680273655,0.09999999999999999,255.433
2013-12-28 10:00:00,0.0,4.725,1027.125,49.4,0.3,567,102712.5,277.875,0.0025599019078199918,0.09999999999999999,255.812
2013-12-28 11:00:00,0.0,5.7,1027.075,30.4,1.0,1220,102707.5,278.84999999999997,0.0016859480636125742,0.3333333333333333,255.812
2013-12-28 12:00:00,0.0,5.8,1026.675,27.4,0.9,698,102667.5,278.95,0.001530728422473759,0.3,255.812
2013-12-28 13:00:00,0.0,5.375,1025.975,34.2,0.5,196,102597.49999999999,278.525,0.0018563934968037616,0.16666666666666666,250.163
2013-12-28 14:00:00,0.0,3.975,1025.825,38.8,0.2,133,102582.5,277.125,0.001910134614330534,0.06666666666666667,250.163
2013-12-28 15:00:00,0.0,2.55,1026.3,45.8,0.3,27,102630.0,275.7,0.0020378237788932557,0.09999999999999999,250.143
2013-12-28 16:00:00,0.0,2.35,1026.15,54.5,0.5,0,102615.00000000001,275.5,0.002391018909269297,0.16666666666666666,229.2
2013-12-28 17:00:00,0.0,2.175,1026.4,53.5,0.5,0,102640.00000000001,275.325,0.0023175034604272188,0.16666666666666666,229.14
2013-12-28 18:00:00,0.0,2.025,1026.1750000000002,45.6,0.5,0,102617.50000000001,275.17499999999995,0.001954698864943568,0.16666666666666666,229.146
2013-12-28 19:00:00,0.0,1.95,1026.775,46.8,0.4,0,102677.50000000001,275.09999999999997,0.0019942586444541568,0.13333333333333333,248.6
2013-12-28 20:00:00,0.0,1.6,1026.95,47.0,0.4,0,102695.0,274.75,0.0019529367308001512,0.13333333333333333,248.6
2013-12-28 21:00:00,0.0,1.4,1026.825,49.5,0.4,0,102682.5,274.54999999999995,0.0020277866365918788,0.13333333333333333,248.6
2013-12-28 22:00:00,0.0,1.675,1027.175,46.3,0.5,0,102717.5,274.825,0.00193378569276301,0.16666666666666666,250.376
2013-12-28 23:00:00,0.0,1.95,1027.125,46.1,0.6,0,102712.5,275.09999999999997,0.0019637605963101126,0.19999999999999998,250.376
2013-12-29 00:00:00,0.0,1.95,1026.725,43.7,0.6,0,102672.49999999999,275.09999999999997,0.0018622509999143939,0.19999999999999998,250.376
2013-12-29 01:00:00,0.0,2.825,1026.675,43.0,0.6,0,102667.5,275.97499999999997,0.001950246365097481,0.19999999999999998,253.34
2013-12-29 02:00:00,0.0,2.75,1026.2,34.4,0.7,0,102620.0,275.9,0.001552637216142337,0.2333333333333333,253.34
2013-12-29 03:00:00,0.0,2.775,1025.975,32.4,0.6,0,102597.49999999999,275.92499999999995,0.0014652849782211576,0.19999999999999998,253.401
2013-12-29 04:00:00,0.0,2.7,1025.725,31.2,0.7,0,102572.49999999999,275.84999999999997,0.0014038675372600124,0.2333333333333333,266.246
2013-12-29 05:00:00,0.0,2.6,1025.725,30.4,0.2,0,102572.49999999999,275.75,0.0013581917247766587,0.06666666666666667,266.267
2013-12-29 06:00:00,0.0,3.05,1025.65,23.8,0.5,0,102565.00000000001,276.2,0.0010978795450766721,0.16666666666666666,266.267
2013-12-29 07:00:00,0.0,3.625,1025.85,23.3,0.5,0,102584.99999999999,276.775,0.001119137875969528,0.16666666666666666,270.519
2013-12-29 08:00:00,0.0,4.375,1025.125,21.1,0.4,28,102512.5,277.525,0.001069044747585389,0.13333333333333333,270.519
2013-12-29 09:00:00,0.0,5.725,1025.675,23.6,0.4,236,102567.5,278.875,0.0013128864817496947,0.13333333333333333,270.519
2013-12-29 10:00:00,0.0,7.35,1026.0,30.0,0.2,583,102600.0,280.5,0.0018658158071858594,0.06666666666666667,279.897
2013-12-29 11:00:00,0.0,7.925000000000001,1026.175,31.8,0.3,960,102617.5,281.075,0.0020565367044890173,0.09999999999999999,279.838
2013-12-29 12:00:00,0.0,9.0,1025.475,29.3,0.3,817,102547.49999999999,282.15,0.0020394587196343825,0.09999999999999999,279.838
2013-12-29 13:00:00,0.0,8.775,1025.125,31.9,0.2,471,102512.5,281.92499999999995,0.0021876905336192663,0.06666666666666667,283.315
2013-12-29 14:00:00,0.0,8.024999999999999,1024.625,37.9,0.3,370,102462.5,281.17499999999995,0.0024714956557409257,0.09999999999999999,283.379
2013-12-29 15:00:00,0.0,8.200000000000001,1024.525,47.5,0.7,232,102452.50000000001,281.34999999999997,0.003134887170287309,0.2333333333333333,283.379
2013-12-29 16:00:00,0.0,7.15,1023.85,51.3,0.6,52,102385.0,280.29999999999995,0.003153784775632197,0.19999999999999998,261.265
2013-12-29 17:00:00,0.0,5.875,1024.0,50.4,0.4,0,102400.0,279.025,0.002837693072209156,0.13333333333333333,261.265
2013-12-29 18:00:00,0.0,5.375,1024.05,59.0,0.5,0,102405.0,278.525,0.0032085703096411734,0.16666666666666666,261.265
2013-12-29 19:00:00,0.0,5.55,1024.1,64.1,0.4,0,102409.99999999999,278.7,0.003528354355094666,0.13333333333333333,277.012
2013-12-29 20:00:00,0.0,6.125,1023.725,64.4,0.7,0,102372.5,279.275,0.0036901315435887453,0.2333333333333333,277.012
2013-12-29 21:00:00,0.0,6.15,1023.575,65.1,0.6,0,102357.5,279.29999999999995,0.0037372334430931234,0.19999999999999998,277.012
2013-12-29 22:00:00,0.0,6.525,1023.475,65.6,0.7,0,102347.5,279.67499999999995,0.0038649314386260524,0.2333333333333333,277.155
2013-12-29 23:00:00,0.0,6.7,1023.45,56.1,0.6,0,102345.0,279.84999999999997,0.0033453290466093294,0.19999999999999998,277.155
2013-12-30 00:00:00,0.0,6.95,1023.275,58.7,0.5,0,102327.5,280.09999999999997,0.0035615858227762546,0.16666666666666666,277.155
2013-12-30 01:00:00,0.0,6.875,1023.05,63.6,0.5,0,102305.0,280.025,0.003839927068056438,0.16666666666666666,275.372
2013-12-30 02:00:00,0.0,7.5,1023.075,65.7,0.4,0,102307.5,280.65,0.004140039115787565,0.13333333333333333,275.372
2013-12-30 03:00:00,0.0,7.3,1022.75,62.9,0.6,0,102275.0,280.45,0.00391102828734887,0.19999999999999998,275.309
2013-12-30 04:00:00,0.0,7.6,1022.2,63.8,0.7,0,102220.0,280.75,0.004051316534857827,0.2333333333333333,274.423
2013-12-30 05:00:00,0.0,7.475,1021.825,62.2,0.6,0,102182.5,280.625,0.003917588642655736,0.19999999999999998,274.423
2013-12-30 06:00:00,0.0,7.5,1021.7,61.2,0.3,0,102170.0,280.65,0.0038616648219947235,0.09999999999999999,274.476
2013-12-30 07:00:00,0.0,7.075,1021.85,61.4,0.3,0,102185.0,280.22499999999997,0.0037627109123761497,0.09999999999999999,272.189
2013-12-30 08:00:00,0.0,7.15,1021.925,64.3,0.3,48,102192.5,280.29999999999995,0.003960435740440451,0.09999999999999999,272.189
2013-12-30 09:00:00,0.0,7.875,1022.175,62.0,0.5,223,102217.5,281.025,0.004011611992024352,0.16666666666666666,272.189
2013-12-30 10:00:00,0.0,9.425,1022.375,63.8,0.4,418,102237.5,282.575,0.004583720362970606,0.13333333333333333,244.478
2013-12-30 11:00:00,0.0,10.175,1022.3,59.5,0.3,644,102230.0,283.325,0.004495616235854639,0.09999999999999999,244.498
2013-12-30 12:00:00,0.0,10.0,1022.15,53.9,0.9,566,102215.0,283.15,0.004025683486643914,0.3,244.493
2013-12-30 13:00:00,0.0,8.35,1022.175,54.3,0.8,466,102217.5,281.5,0.0036286669205371097,0.26666666666666666,189.619
2013-12-30 14:00:00,0.0,7.574999999999999,1022.5,50.8,1.0,472,102250.0,280.72499999999997,0.0032193691987133883,0.3333333333333333,189.632
2013-12-30 15:00:00,0.0,6.8,1023.025,38.8,0.7,231,102302.5,279.95,0.002330622327625444,0.2333333333333333,189.632
2013-12-30 16:00:00,0.0,5.325,1023.2,40.9,0.4,36,102320.0,278.47499999999997,0.0022183738990336926,0.13333333333333333,188.254
2013-12-30 17:00:00,0.0,4.45,1022.875,43.9,0.3,0,102287.5,277.59999999999997,0.0022408483633718397,0.09999999999999999,188.051
2013-12-30 18:00:00,0.0,3.8,1022.775,39.5,0.4,0,102277.5,276.95,0.0019265456645240632,0.13333333333333333,188.105
2013-12-30 19:00:00,0.0,3.25,1022.375,40.4,0.5,0,102237.5,276.4,0.0018962306665779231,0.16666666666666666,189.577
2013-12-30 20:00:00,0.0,3.35,1022.65,41.1,0.6,0,102265.0,276.5,0.001942238858105909,0.19999999999999998,189.582
2013-12-30 21:00:00,0.0,3.475,1023.05,40.7,0.6,0,102305.0,276.625,0.0019396200620314737,0.19999999999999998,189.582
2013-12-30 22:00:00,0.0,5.0,1023.225,42.4,0.4,0,102322.5,278.15,0.0022482524332867117,0.13333333333333333,216.613
2013-12-30 23:00:00,0.0,5.4,1023.15,37.9,0.4,0,102315.0,278.54999999999995,0.0020664968853203627,0.13333333333333333,216.613
2013-12-31 00:00:00,0.0,4.575,1023.275,38.5,0.4,0,102327.5,277.72499999999997,0.001981692414887854,0.13333333333333333,216.613
2013-12-31 01:00:00,0.0,4.699999999999999,1023.575,40.1,0.5,0,102357.5,277.84999999999997,0.0020815465495316846,0.16666666666666666,267.927
2013-12-31 02:00:00,0.0,4.375,1023.375,38.3,0.4,0,102337.5,277.525,0.0019438118450444773,0.13333333333333333,268.045
2013-12-31 03:00:00,0.0,3.6,1023.175,42.8,0.5,0,102317.5,276.75,0.002057502487833379,0.16666666666666666,268.13
2013-12-31 04:00:00,0.0,3.675,1023.425,44.7,0.5,0,102342.5,276.825,0.0021596959050668874,0.16666666666666666,276.235
2013-12-31 05:00:00,0.0,4.25,1023.15,42.1,0.4,0,102315.0,277.4,0.0021185052309992576,0.13333333333333333,276.235
2013-12-31 06:00:00,0.0,3.725,1023.05,43.6,0.5,0,102305.0,276.875,0.0021147531548984006,0.16666666666666666,276.235
2013-12-31 07:00:00,0.0,3.725,1023.125,45.3,0.4,0,102312.5,276.875,0.0021970480605018584,0.13333333333333333,272.957
2013-12-31 08:00:00,0.0,4.525,1023.625,44.0,0.5,15,102362.5,277.67499999999995,0.0022561147546662345,0.16666666666666666,272.977
2013-12-31 09:00:00,0.0,5.35,1024.625,38.9,0.3,120,102462.5,278.5,0.002110624958776419,0.09999999999999999,273.036
2013-12-31 10:00:00,0.0,5.575,1024.725,40.5,0.3,212,102472.49999999999,278.72499999999997,0.002231810450212728,0.09999999999999999,282.072
2013-12-31 11:00:00,0.0,6.0,1024.275,41.0,0.3,335,102427.50000000001,279.15,0.002327856627831273,0.09999999999999999,282.072
2013-12-31 12:00:00,0.0,6.05,1024.525,40.4,0.5,307,102452.50000000001,279.2,0.002301168065082966,0.16666666666666666,282.072
2013-12-31 13:00:00,0.0,5.95,1024.325,43.5,0.3,206,102432.5,279.09999999999997,0.0024611565481010194,0.09999999999999999,273.232
2013-12-31 14:00:00,0.0,5.775,1024.025,45.3,0.4,142,102402.50000000001,278.92499999999995,0.002532890926192262,0.13333333333333333,273.238
2013-12-31 15:00:00,0.0,5.6,1024.2,49.8,0.3,155,102420.0,278.75,0.002750471308233041,0.09999999999999999,273.238
2013-12-31 16:00:00,0.0,5.35,1024.675,54.9,0.0,20,102467.5,278.5,0.0029786029842531984,0.0,267.077
2013-12-31 17:00:00,0.0,4.9,1024.475,52.6,0.3,0,102447.49999999999,278.04999999999995,0.002766352585122917,0.09999999999999999,267.056
2013-12-31 18:00:00,0.0,4.0,1024.375,49.9,0.4,0,102437.5,277.15,0.002464392065816043,0.13333333333333333,267.056
2013-12-31 19:00:00,0.0,4.075,1024.8,52.1,0.3,0,102480.0,277.22499999999997,0.002585556349416687,0.09999999999999999,264.457
2013-12-31 20:00:00,0.0,4.2,1025.025,44.4,0.5,0,102502.50000000001,277.34999999999997,0.002222351705763974,0.16666666666666666,264.457
2013-12-31 21:00:00,0.0,3.475,1024.8,44.9,0.5,0,102480.0,276.625,0.0021361234233829604,0.16666666666666666,264.457
2013-12-31 22:00:00,0.0,3.125,1024.975,48.8,0.6,0,102497.49999999999,276.275,0.0022645833021906455,0.19999999999999998,275.759
2013-12-31 23:00:00,0.0,3.325,1025.15,52.5,0.7,0,102515.00000000001,276.47499999999997,0.0024705463469463663,0.2333333333333333,275.773
2014-01-01 00:00:00,0.0,3.15,1025.1750000000002,53.5,0.6,0,102517.50000000001,276.29999999999995,0.0024865974955724677,0.19999999999999998,275.773
2014-01-01 01:00:00,0.0,3.125,1025.15,51.8,0.6,0,102515.00000000001,276.275,0.0024033891440604052,0.19999999999999998,266.284
2014-01-01 02:00:00,0.0,2.9,1025.3,55.5,0.4,0,102530.0,276.04999999999995,0.0025339910493070625,0.13333333333333333,266.284
2014-01-01 03:00:00,0.0,3.225,1025.15,61.9,0.5,0,102515.00000000001,276.375,0.0028923837438266696,0.16666666666666666,266.224
2014-01-01 04:00:00,0.0,3.275,1025.475,74.2,0.4,0,102547.49999999999,276.42499999999995,0.0034782919971979376,0.13333333333333333,261.432
2014-01-01 05:00:00,0.0,3.1,1025.375,83.1,0.4,0,102537.5,276.25,0.0038479722341048057,0.13333333333333333,261.432
2014-01-01 06:00:00,0.0,2.775,1025.3,87.8,0.5,0,102530.0,275.92499999999995,0.003973355504970352,0.16666666666666666,261.459
2014-01-01 07:00:00,0.0,2.875,1025.4,81.6,0.8,0,102540.00000000001,276.025,0.0037186933901563204,0.26666666666666666,264.994
2014-01-01 08:00:00,0.0,3.6,1025.25,78.1,0.6,0,102525.0,276.75,0.003746862673884748,0.19999999999999998,264.994
2014-01-01 09:00:00,0.0,5.225,1025.2,74.5,0.7,57,102520.0,278.375,0.004004979936138714,0.2333333333333333,264.994
2014-01-01 10:00:00,0.0,7.2,1025.4250000000002,72.8,0.3,528,102542.50000000001,280.34999999999997,0.0044839973984459455,0.09999999999999999,266.929
2014-01-01 11:00:00,0.0,9.275,1024.975,61.4,0.3,1119,102497.49999999999,282.42499999999995,0.004355907090168451,0.09999999999999999,266.929
2014-01-01 12:00:00,0.0,9.575,1024.4,53.3,0.2,812,102440.00000000001,282.72499999999997,0.003860506140861823,0.06666666666666667,266.929
2014-01-01 13:00:00,0.0,9.725,1024.05,52.8,0.3,550,102405.0,282.875,0.003864320440287053,0.09999999999999999,262.786
2014-01-01 14:00:00,0.0,8.875,1024.175,56.0,0.0,411,102417.5,282.025,0.0038700878742639598,0.0,262.786
2014-01-01 15:00:00,0.0,7.05,1023.8,60.2,0.0,133,102380.0,280.2,0.0036758425722198647,0.0,262.792
2014-01-01 16:00:00,0.0,6.15,1023.625,58.0,0.6,35,102362.5,279.29999999999995,0.003329476987098606,0.19999999999999998,196.057
2014-01-01 17:00:00,0.0,5.625,1023.9,59.2,0.6,0,102390.0,278.775,0.0032762685480562624,0.19999999999999998,196.116
2014-01-01 18:00:00,0.0,6.275,1023.925,55.9,0.6,0,102392.5,279.42499999999995,0.0032357757041294407,0.19999999999999998,195.978
2014-01-01 19:00:00,0.0,6.975,1024.075,50.9,0.6,0,102407.5,280.125,0.003091209096931718,0.19999999999999998,166.851
2014-01-01 20:00:00,0.0,6.375,1023.875,48.4,0.5,0,102387.5,279.525,0.002821156284535525,0.16666666666666666,166.851
2014-01-01 21:00:00,0.0,6.15,1023.75,50.0,0.6,0,102375.0,279.29999999999995,0.0028698883254758205,0.19999999999999998,166.851
2014-01-01 22:00:00,0.0,5.875,1023.775,51.8,0.6,0,102377.5,279.025,0.0029171588570584485,0.19999999999999998,166.5
2014-01-01 23:00:00,0.0,5.425,1023.85,53.9,0.6,0,102385.0,278.575,0.002941990565445971,0.19999999999999998,166.5
2014-01-02 00:00:00,0.0,5.625,1023.675,46.1,0.4,0,102367.5,278.775,0.002551844209768802,0.13333333333333333,166.44
2014-01-02 01:00:00,0.0,5.775,1023.35,46.3,0.4,0,102335.0,278.92499999999995,0.002590512204508904,0.13333333333333333,168.631
2014-01-02 02:00:00,0.0,6.0,1023.5,43.8,0.5,0,102350.0,279.15,0.0024887152458509952,0.16666666666666666,168.611
2014-01-02 03:00:00,0.0,5.975,1023.275,36.3,0.6,0,102327.5,279.125,0.002059456797835119,0.19999999999999998,168.611
2014-01-02 04:00:00,0.0,6.125,1023.1,39.9,0.4,0,102310.0,279.275,0.0022876738123716297,0.13333333333333333,190.114
2014-01-02 05:00:00,0.0,6.025,1022.875,37.3,0.6,0,102287.5,279.17499999999995,0.002124347607776899,0.19999999999999998,186.286
2014-01-02 06:00:00,0.0,6.0,1022.9,42.7,0.6,0,102290.0,279.15,0.002427636402887276,0.19999999999999998,186.378
2014-01-02 07:00:00,0.0,5.825,1022.625,40.4,0.6,0,102262.5,278.97499999999997,0.0022698497142614764,0.19999999999999998,212.645
2014-01-02 08:00:00,0.0,5.925,1022.4,41.8,0.7,2,102240.0,279.075,0.0023653334551826098,0.2333333333333333,212.724
2014-01-02 09:00:00,0.0,8.375,1022.675,44.3,0.7,194,102267.5,281.525,0.0029639785067423737,0.2333333333333333,212.814
2014-01-02 10:00:00,0.0,9.15,1022.875,34.6,0.4,548,102287.5,282.29999999999995,0.0024390438635838708,0.13333333333333333,241.703
2014-01-02 11:00:00,0.0,11.775,1022.425,37.0,0.4,1260,102242.5,284.92499999999995,0.003108781866536672,0.13333333333333333,241.697
2014-01-02 12:00:00,0.0,10.7,1021.8,25.0,0.8,798,102180.0,283.84999999999997,0.001957213142919987,0.26666666666666666,241.778
2014-01-02 13:00:00,0.0,10.55,1021.075,32.1,0.6,429,102107.5,283.7,0.002489838261741189,0.19999999999999998,242.402
2014-01-02 14:00:00,0.0,9.725,1020.825,35.2,0.5,337,102082.5,282.875,0.0025843524253265455,0.16666666666666666,242.402
2014-01-02 15:00:00,0.0,9.2,1020.875,37.8,0.5,217,102087.5,282.34999999999997,0.002678851964853428,0.16666666666666666,242.402
2014-01-02 16:00:00,0.0,8.4,1020.175,42.9,0.6,41,102017.5,281.54999999999995,0.0028822248938600616,0.19999999999999998,189.085
2014-01-02 17:00:00,0.0,7.875,1019.75,43.9,0.5,0,101975.0,281.025,0.0028472348618161455,0.16666666666666666,189.063
2014-01-02 18:00:00,0.0,7.35,1020.05,43.9,0.7,0,102005.0,280.5,0.002746236494870551,0.2333333333333333,189.005
2014-01-02 19:00:00,0.0,7.025,1019.725,50.8,0.5,0,101972.5,280.17499999999995,0.0031089371354653087,0.16666666666666666,190.301
2014-01-02 20:00:00,0.0,6.6,1019.425,53.3,0.6,0,101942.5,279.75,0.003169044517900236,0.19999999999999998,190.301
2014-01-02 21:00:00,0.0,5.95,1018.875,59.3,0.9,0,101887.5,279.09999999999997,0.0033730403900227137,0.3,190.301
2014-01-02 22:00:00,0.0,4.6,1019.025,65.4,0.8,0,101902.5,277.75,0.003386256139532754,0.26666666666666666,213.919
2014-01-02 23:00:00,0.0,4.375,1018.95,69.6,0.9,0,101895.0,277.525,0.0035476978081491117,0.3,213.919
2014-01-03 00:00:00,0.0,4.125,1018.4,73.3,1.3,0,101840.0,277.275,0.003673372726736346,0.43333333333333335,213.974
2014-01-03 01:00:00,0.0,4.3,1018.2,75.1,1.3,0,101820.0,277.45,0.0038107938733011313,0.43333333333333335,240.739
2014-01-03 02:00:00,0.0,3.375,1019.175,67.8,1.1,0,101917.5,276.525,0.0032205892388029287,0.3666666666666667,240.739
2014-01-03 03:00:00,1.3,1.225,1019.5,75.2,1.0,0,101950.0,274.375,0.003063993898556311,0.3333333333333333,240.739
2014-01-03 04:00:00,1.3,1.325,1018.85,94.1,0.2,0,101885.0,274.47499999999997,0.003864163076713946,0.06666666666666667,237.596
2014-01-03 05:00:00,0.0,1.5750000000000002,1018.75,96.8,0.2,0,101875.0,274.72499999999997,0.004047339549826072,0.06666666666666667,237.596
2014-01-03 06:00:00,0.0,1.65,1018.35,98.0,0.1,0,101835.0,274.79999999999995,0.0041211988170852185,0.03333333333333333,237.622
2014-01-03 07:00:00,0.9,1.5,1019.4,98.6,0.4,0,101940.0,274.65,0.004097888237400101,0.13333333333333333,255.659
2014-01-03 08:00:00,0.0,1.175,1019.6,99.0,0.4,55,101960.0,274.325,0.004018854692399375,0.13333333333333333,255.772
2014-01-03 09:00:00,0.0,1.025,1020.175,99.1,0.5,248,102017.5,274.17499999999995,0.003977507769268551,0.16666666666666666,255.766
2014-01-03 10:00:00,0.0,1.275,1020.35,98.9,0.3,283,102035.0,274.42499999999995,0.004040769900824979,0.09999999999999999,293.802
2014-01-03 11:00:00,0.0,0.8,1019.9,98.5,0.1,190,101990.0,273.95,0.0038909226265476707,0.03333333333333333,293.802
2014-01-03 12:00:00,0.0,1.175,1019.725,98.6,0.1,507,101972.5,274.325,0.004002126246603143,0.03333333333333333,293.86
2014-01-03 13:00:00,0.0,1.0,1019.6,96.6,0.7,184,101960.0,274.15,0.003872380162912974,0.2333333333333333,289.989
2014-01-03 14:00:00,0.0,-6.938893903907228e-18,1019.475,95.1,0.5,73,101947.5,273.15,0.0035468938245165884,0.16666666666666666,289.989
2014-01-03 15:00:00,0.0,-0.725,1019.5,96.0,0.4,4,101950.0,272.42499999999995,0.0033963419188352047,0.13333333333333333,289.989
2014-01-03 16:00:00,0.0,-1.5499999999999998,1019.525,96.7,0.6,0,101952.5,271.59999999999997,0.0032204098132699453,0.19999999999999998,280.596
2014-01-03 17:00:00,0.0,-2.1,1019.8,96.7,0.5,0,101980.0,271.04999999999995,0.0030917031159413367,0.16666666666666666,280.596
2014-01-03 18:00:00,0.0,-2.9,1019.875,94.7,0.6,0,101987.5,270.25,0.0028533248842852552,0.19999999999999998,280.596
2014-01-03 19:00:00,0.0,-3.75,1019.975,96.9,0.1,0,101997.5,269.4,0.002739980531195362,0.03333333333333333,269.259
2014-01-03 20:00:00,0.0,-3.8,1020.2,97.1,0.5,0,102020.0,269.34999999999997,0.0027347734345657304,0.16666666666666666,269.259
2014-01-03 21:00:00,0.1,-4.2,1020.25,97.4,0.4,0,102025.0,268.95,0.0026620061537079714,0.13333333333333333,269.259
2014-01-03 22:00:00,0.0,-4.75,1020.35,96.2,0.5,0,102035.0,268.4,0.0025222843388230712,0.16666666666666666,282.219
2014-01-03 23:00:00,0.0,-4.925,1020.15,94.1,0.4,0,102015.0,268.22499999999997,0.002435301313319165,0.13333333333333333,282.219
2014-01-04 00:00:00,0.0,-4.4,1020.65,90.6,0.5,0,102065.0,268.75,0.0024382393706266197,0.16666666666666666,282.219
2014-01-04 01:00:00,0.0,-4.15,1020.925,85.8,0.5,0,102092.5,269.0,0.002352238614483324,0.16666666666666666,292.852
2014-01-04 02:00:00,0.0,-4.85,1020.875,87.5,0.5,0,102087.5,268.29999999999995,0.0022757474713309463,0.16666666666666666,292.852
2014-01-04 03:00:00,0.0,-5.475,1021.4,88.3,0.4,0,102140.0,267.67499999999995,0.0021892420388446463,0.13333333333333333,292.916
2014-01-04 04:00:00,0.0,-5.2,1021.475,83.3,0.6,0,102147.5,267.95,0.0021086559387317686,0.19999999999999998,296.374
2014-01-04 05:00:00,0.0,-4.5,1021.75,74.2,0.6,0,102175.0,268.65,0.0019797679141441184,0.19999999999999998,296.374
2014-01-04 06:00:00,0.0,-3.75,1022.1,62.6,0.5,0,102210.0,269.4,0.0017664208081719585,0.16666666666666666,296.311
2014-01-04 07:00:00,0.0,-3.3,1022.5,55.0,0.6,0,102250.0,269.84999999999997,0.001604405747559426,0.19999999999999998,295.909
2014-01-04 08:00:00,0.0,-1.675,1022.65,47.5,0.7,0,102265.0,271.47499999999997,0.0015626330991197674,0.2333333333333333,295.909
2014-01-04 09:00:00,0.0,2.325,1023.525,26.2,0.6,39,102352.5,275.47499999999997,0.0011503426518328843,0.19999999999999998,295.909
2014-01-04 10:00:00,0.0,4.125,1024.625,15.9,0.9,494,102462.5,277.275,0.0007919752131063407,0.3,293.142
2014-01-04 11:00:00,0.0,6.875,1024.175,13.1,1.1,1309,102417.5,280.025,0.0007900595826917955,0.3666666666666667,293.142
2014-01-04 12:00:00,0.0,7.225,1024.475,9.2,1.0,813,102447.49999999999,280.375,0.0005681559251507691,0.3333333333333333,293.142
2014-01-04 13:00:00,0.0,7.575,1023.7,11.2,0.9,245,102370.0,280.72499999999997,0.0007089501657886384,0.3,291.729
2014-01-04 14:00:00,0.0,6.6,1024.35,13.7,0.6,148,102434.99999999999,279.75,0.0008106410763746697,0.19999999999999998,291.729
2014-01-04 15:00:00,0.0,5.825,1024.275,12.5,0.6,25,102427.50000000001,278.97499999999997,0.0007011736458988505,0.19999999999999998,291.729
2014-01-04 16:00:00,0.0,4.7,1024.675,12.3,0.8,0,102467.5,277.84999999999997,0.0006377939508725393,0.26666666666666666,287.287
2014-01-04 17:00:00,0.0,3.75,1024.225,13.0,0.7,0,102422.49999999999,276.9,0.000630931592852997,0.2333333333333333,287.287
2014-01-04 18:00:00,0.0,3.475,1024.65,12.2,0.4,0,102465.00000000001,276.625,0.000580501577501033,0.13333333333333333,287.287
2014-01-04 19:00:00,0.0,2.975,1024.8249999999998,13.7,0.6,0,102482.49999999999,276.125,0.0006291316642155271,0.19999999999999998,283.747
2014-01-04 20:00:00,0.0,2.125,1025.4,17.1,0.6,0,102540.00000000001,275.275,0.0007388184729069644,0.19999999999999998,283.683
2014-01-04 21:00:00,0.0,1.575,1025.825,19.5,0.5,0,102582.5,274.72499999999997,0.0008096983192575857,0.16666666666666666,283.689
2014-01-04 22:00:00,0.0,2.325,1025.85,21.9,0.6,0,102584.99999999999,275.47499999999997,0.0009593666965993138,0.19999999999999998,281.699
2014-01-04 23:00:00,0.0,3.025,1025.65,18.6,0.6,0,102565.00000000001,276.17499999999995,0.0008564895970620926,0.19999999999999998,281.699
2014-01-05 00:00:00,0.0,2.15,1025.8,19.6,0.7,0,102580.0,275.29999999999995,0.0008480130896599223,0.2333333333333333,281.699
2014-01-05 01:00:00,0.0,1.925,1025.95,22.1,1.0,0,102595.0,275.075,0.000940809081057602,0.3333333333333333,274.538
2014-01-05 02:00:00,0.0,2.925,1026.125,19.9,0.8,0,102612.5,276.075,0.0009094634015110376,0.26666666666666666,274.538
2014-01-05 03:00:00,0.0,2.025,1026.45,14.7,1.0,0,102645.0,275.17499999999995,0.000629964365422341,0.3333333333333333,274.538
2014-01-05 04:00:00,0.0,1.9,1026.225,23.4,0.7,0,102622.49999999999,275.04999999999995,0.0009941067866898585,0.2333333333333333,272.009
2014-01-05 05:00:00,0.0,2.425,1026.4250000000002,18.7,0.7,0,102642.50000000001,275.575,0.0008245741489259214,0.2333333333333333,272.009
2014-01-05 06:00:00,0.0,1.725,1026.1,16.6,1.2,0,102609.99999999999,274.875,0.0006965369908230988,0.39999999999999997,272.009
2014-01-05 07:00:00,0.0,2.075,1025.95,23.2,0.7,0,102595.0,275.22499999999997,0.0009982695009623853,0.2333333333333333,283.813
2014-01-05 08:00:00,0.0,3.225,1026.15,22.2,0.6,0,102615.00000000001,276.375,0.0010363222054839895,0.19999999999999998,283.813
2014-01-05 09:00:00,0.0,4.35,1026.85,16.1,1.1,35,102684.99999999999,277.5,0.0008129217233217961,0.3666666666666667,283.813
2014-01-05 10:00:00,0.0,5.875,1026.9,14.5,1.2,462,102690.00000000001,279.025,0.0008140942522370754,0.39999999999999997,290.815
2014-01-05 11:00:00,0.0,7.3,1026.25,14.0,1.2,1288,102625.0,280.45,0.0008675303262709178,0.39999999999999997,290.815
2014-01-05 12:00:00,0.0,8.025,1025.575,14.4,1.2,867,102557.5,281.17499999999995,0.0009381680873711572,0.39999999999999997,290.879
2014-01-05 13:00:00,0.0,8.675,1025.15,15.9,0.9,275,102515.00000000001,281.825,0.0010830399324044016,0.3,295.795
2014-01-05 14:00:00,0.0,8.225,1024.6,16.4,1.0,170,102459.99999999999,281.375,0.001084120787611786,0.3333333333333333,295.795
2014-01-05 15:00:00,0.0,8.05,1024.925,19.0,0.9,75,102492.5,281.2,0.0012407533042574288,0.3,295.795
2014-01-05 16:00:00,0.0,7.649999999999999,1024.475,18.3,1.1,24,102447.49999999999,280.79999999999995,0.0011634363470254033,0.3666666666666667,300.96
2014-01-05 17:00:00,0.0,6.425,1024.7,20.9,0.8,0,102470.0,279.575,0.001221446252532869,0.26666666666666666,300.96
2014-01-05 18:00:00,0.0,6.525,1024.825,22.3,1.0,0,102482.5,279.67499999999995,0.0013121103023314496,0.3333333333333333,300.98
2014-01-05 19:00:00,0.0,6.575,1024.925,20.3,1.1,0,102492.5,279.72499999999997,0.0011984321168480858,0.3666666666666667,298.929
2014-01-05 20:00:00,0.0,5.85,1024.825,20.0,1.6,0,102482.5,279.0,0.0011232174759729,0.5333333333333333,298.929
2014-01-05 21:00:00,0.0,5.574999999999999,1025.0,20.4,1.9,0,102500.0,278.72499999999997,0.0011238695828322178,0.6333333333333333,298.929
2014-01-05 22:00:00,0.0,5.225,1024.825,19.9,2.0,0,102482.5,278.375,0.001070178039138589,0.6666666666666666,293.661
2014-01-05 23:00:00,0.0,4.9,1024.95,20.9,1.8,0,102495.0,278.04999999999995,0.001098668718348969,0.6,293.661
2014-01-06 00:00:00,0.0,5.175,1024.3,21.6,1.5,0,102430.0,278.325,0.0011581603347990267,0.5,293.64
2014-01-06 01:00:00,0.0,5.175,1024.3,20.8,1.4,0,102430.0,278.325,0.001115265507584248,0.4666666666666666,294.196
2014-01-06 02:00:00,0.0,6.2,1023.775,20.9,1.4,0,102377.5,279.34999999999997,0.0012037310419711063,0.4666666666666666,294.26
2014-01-06 03:00:00,0.0,6.425,1023.725,20.8,1.3,0,102372.5,279.575,0.0012167597565642667,0.43333333333333335,294.26
2014-01-06 04:00:00,0.0,6.975,1023.3,20.9,1.1,0,102330.0,280.125,0.001270239684105975,0.3666666666666667,298.993
2014-01-06 05:00:00,0.0,6.2,1023.4,20.9,0.8,0,102340.0,279.34999999999997,0.0012041721198885766,0.26666666666666666,298.993
2014-01-06 06:00:00,0.0,5.9,1023.1,20.4,1.1,0,102310.0,279.04999999999995,0.0011515904239970428,0.3666666666666667,298.993
2014-01-06 07:00:00,0.0,5.8,1023.2,22.4,0.7,0,102320.0,278.95,0.0012556484276610635,0.2333333333333333,296.759
2014-01-06 08:00:00,0.0,5.85,1023.55,25.7,0.6,23,102355.0,279.0,0.0014451323672618793,0.19999999999999998,296.759
2014-01-06 09:00:00,0.0,7.575,1023.7,29.3,0.6,194,102370.0,280.72499999999997,0.001854664273000635,0.19999999999999998,296.765
2014-01-06 10:00:00,0.0,9.0,1023.65,31.2,0.4,373,102365.0,282.15,0.0021755821121311196,0.13333333333333333,302.484
2014-01-06 11:00:00,0.0,9.6,1023.5,27.6,0.4,1127,102350.0,282.75,0.002004182030806094,0.13333333333333333,302.484
2014-01-06 12:00:00,0.0,9.25,1022.925,26.4,0.7,841,102292.5,282.4,0.0018734946026070338,0.2333333333333333,302.484
2014-01-06 13:00:00,0.05,8.625,1022.225,29.1,0.4,492,102222.5,281.775,0.0019811243891721723,0.13333333333333333,305.256
2014-01-06 14:00:00,0.0,8.55,1021.85,31.9,0.4,425,102185.0,281.7,0.0021615407755541244,0.13333333333333333,305.256
2014-01-06 15:00:00,0.0,7.225,1021.425,29.0,0.5,176,102142.5,280.375,0.0017962740354370856,0.16666666666666666,305.256
2014-01-06 16:00:00,0.0,6.3,1021.45,33.7,0.3,27,102145.0,279.45,0.00195882778241955,0.09999999999999999,309.817
2014-01-06 17:00:00,0.02,5.875,1021.325,33.6,0.3,0,102132.5,279.025,0.001896750271096974,0.09999999999999999,309.877
2014-01-06 18:00:00,0.0,6.25,1020.9,32.0,0.4,0,102090.0,279.4,0.0018546102471224237,0.13333333333333333,309.877
2014-01-06 19:00:00,0.0,5.85,1021.175,29.9,0.4,0,102117.5,279.0,0.001685212150681148,0.13333333333333333,314.299
2014-01-06 20:00:00,0.0,5.5,1020.975,28.8,0.5,0,102097.5,278.65,0.0015846278735872441,0.16666666666666666,314.299
2014-01-06 21:00:00,0.0,4.75,1021.15,26.9,0.6,0,102115.0,277.9,0.001404560694557042,0.19999999999999998,314.299
2014-01-06 22:00:00,0.0,3.675,1020.9,29.8,0.5,0,102090.0,276.825,0.0014433583319574748,0.16666666666666666,315.591
2014-01-06 23:00:00,0.0,3.075,1020.55,37.9,0.3,0,102055.0,276.22499999999997,0.001760152417763161,0.09999999999999999,315.591
2014-01-07 00:00:00,0.0,2.55,1020.175,46.0,0.1,0,102017.5,275.7,0.0020590108327975414,0.03333333333333333,315.591
2014-01-07 01:00:00,0.0,2.5,1019.725,49.9,0.1,0,101972.5,275.65,0.0022266367233732187,0.03333333333333333,317.575
2014-01-07 02:00:00,0.0,2.35,1020.25,50.5,0.3,0,102025.0,275.5,0.0022283434706677455,0.09999999999999999,317.575
2014-01-07 03:00:00,0.0,0.825,1020.45,75.4,0.3,0,102045.0,273.97499999999997,0.0029821962748315094,0.09999999999999999,317.575
2014-01-07 04:00:00,0.0,1.525,1019.85,92.5,0.4,0,101985.0,274.67499999999995,0.0038495630962974603,0.13333333333333333,315.602
2014-01-07 05:00:00,0.0,1.6,1019.75,94.9,0.5,0,101975.0,274.75,0.003971111794264884,0.16666666666666666,315.602
2014-01-07 06:00:00,0.0,1.5750000000000002,1019.175,96.3,0.3,0,101917.5,274.72499999999997,0.004024754831507754,0.09999999999999999,315.602
2014-01-07 07:00:00,0.0,1.775,1018.7,96.5,0.5,0,101870.0,274.92499999999995,0.004093173473785583,0.16666666666666666,314.837
2014-01-07 08:00:00,0.0,2.075,1018.575,94.5,0.5,50,101857.5,275.22499999999997,0.004095668609941794,0.16666666666666666,314.837
2014-01-07 09:00:00,0.0,3.525,1019.075,92.2,0.3,226,101907.5,276.67499999999995,0.004426651345166533,0.09999999999999999,314.837
2014-01-07 10:00:00,0.0,3.85,1018.95,82.6,0.5,145,101895.0,277.0,0.004058045320662233,0.16666666666666666,308.489
2014-01-07 11:00:00,0.0,3.625,1018.475,86.0,0.2,198,101847.5,276.775,0.004160634962014432,0.06666666666666667,308.489
2014-01-07 12:00:00,0.0,3.45,1017.55,89.4,0.6,226,101755.0,276.59999999999997,0.004275972788268964,0.19999999999999998,308.489
2014-01-07 13:00:00,0.73,2.9,1017.1,90.2,0.6,158,101710.0,276.04999999999995,0.004151508524261768,0.19999999999999998,307.047
2014-01-07 14:00:00,1.81,2.65,1016.675,94.4,0.3,45,101667.5,275.79999999999995,0.004270223643718255,0.09999999999999999,307.047
2014-01-07 15:00:00,4.98,1.725,1017.075,96.3,0.8,0,101707.5,274.875,0.004076609316706922,0.26666666666666666,306.984
2014-01-07 16:00:00,0.87,0.8,1017.225,97.1,0.8,0,101722.5,273.95,0.0038457067162275048,0.26666666666666666,280.336
2014-01-07 17:00:00,0.8,1.4,1016.925,98.3,0.4,0,101692.5,274.54999999999995,0.004066100280818743,0.13333333333333333,280.336
2014-01-07 18:00:00,1.28,2.0,1016.625,98.8,0.4,0,101662.5,275.15,0.004267343353797084,0.13333333333333333,280.251
2014-01-07 19:00:00,1.38,2.025,1017.075,99.1,0.9,0,101707.5,275.17499999999995,0.004286048915995915,0.3,293.71
2014-01-07 20:00:00,1.83,1.95,1017.075,99.3,0.9,0,101707.5,275.09999999999997,0.004271763348562193,0.3,293.71
2014-01-07 21:00:00,2.67,2.05,1017.5,99.3,0.7,0,101750.0,275.2,0.0043005711820941666,0.2333333333333333,293.71
2014-01-07 22:00:00,2.6,2.075,1017.9,99.5,0.6,0,101790.0,275.22499999999997,0.00431523031503246,0.19999999999999998,303.403
2014-01-07 23:00:00,0.8,2.375,1017.675,99.6,0.6,0,101767.5,275.525,0.004413878812301036,0.19999999999999998,303.403
2014-01-08 00:00:00,2.11,2.5,1017.725,99.8,1.0,0,101772.5,275.65,0.004462024874581553,0.3333333333333333,303.403
2014-01-08 01:00:00,2.89,2.35,1017.875,99.9,1.0,0,101787.5,275.5,0.004418434266735214,0.3333333333333333,306.269
2014-01-08 02:00:00,1.27,2.3,1017.9,100.0,0.8,0,101790.0,275.45,0.004407031381131015,0.26666666666666666,306.269
2014-01-08 03:00:00,1.69,2.55,1017.7,100.0,0.4,0,101770.0,275.7,0.004486996202753079,0.13333333333333333,306.269
2014-01-08 04:00:00,2.3,2.75,1017.825,100.0,0.3,0,101782.5,275.9,0.004550618684750332,0.09999999999999999,291.429
2014-01-08 05:00:00,2.26,2.825,1017.525,100.0,0.6,0,101752.5,275.97499999999997,0.004576241340019544,0.19999999999999998,291.429
2014-01-08 06:00:00,2.42,2.725,1017.275,100.0,0.4,0,101727.5,275.875,0.004545008769648374,0.13333333333333333,291.429
2014-01-08 07:00:00,1.63,2.775,1016.825,100.0,0.1,0,101682.5,275.92499999999995,0.004563180523283568,0.03333333333333333,293.079
2014-01-08 08:00:00,0.51,2.9,1016.575,100.0,0.7,33,101657.5,276.04999999999995,0.004604936285313331,0.2333333333333333,293.016
2014-01-08 09:00:00,0.1,3.0,1016.875,100.0,0.8,115,101687.5,276.15,0.004636305208472379,0.26666666666666666,293.016
2014-01-08 10:00:00,0.0,3.15,1016.325,100.0,0.6,196,101632.5,276.29999999999995,0.004688318504201169,0.19999999999999998,281.383
2014-01-08 11:00:00,0.0,3.4,1015.875,100.0,0.6,184,101587.5,276.54999999999995,0.004773979433208663,0.19999999999999998,281.383
2014-01-08 12:00:00,0.1,3.225,1015.375,100.0,0.9,58,101537.5,276.375,0.00471765537809954,0.3,281.383
2014-01-08 13:00:00,0.2,3.075,1014.425,100.0,1.2,81,101442.5,276.22499999999997,0.00467224287007722,0.39999999999999997,268.898
2014-01-08 14:00:00,1.4,2.75,1013.3,100.0,0.9,16,101330.0,275.9,0.004570939961320445,0.3,268.898
2014-01-08 15:00:00,2.0,2.6,1012.675,100.0,1.1,0,101267.5,275.75,0.004525310137742723,0.3666666666666667,268.898
2014-01-08 16:00:00,2.1,2.45,1012.775,100.0,1.2,0,101277.5,275.59999999999997,0.0044768722403978264,0.39999999999999997,219.005
2014-01-08 17:00:00,4.7,2.575,1012.2,100.0,1.2,0,101220.0,275.72499999999997,0.004519399177566713,0.39999999999999997,218.935
2014-01-08 18:00:00,3.5,1.525,1012.575,100.0,1.6,0,101257.5,274.67499999999995,0.004191590131137663,0.5333333333333333,218.877
2014-01-08 19:00:00,3.0,1.2,1011.975,100.0,2.5,0,101197.5,274.34999999999997,0.004097390978079786,0.8333333333333334,222.399
2014-01-08 20:00:00,5.4,0.7,1012.475,100.0,1.6,0,101247.5,273.84999999999997,0.003950548871697329,0.5333333333333333,222.399
2014-01-08 21:00:00,2.2,0.6,1012.775,100.0,1.8,0,101277.5,273.75,0.003920974335922298,0.6,222.425
2014-01-08 22:00:00,3.3,-0.0249999999999999,1013.425,100.0,1.6,0,101342.5,273.125,0.0037451108236558677,0.5333333333333333,216.49
2014-01-08 23:00:00,3.2,-0.475,1014.025,100.0,0.9,0,101402.5,272.67499999999995,0.0036224011852805872,0.3,216.49
2014-01-09 00:00:00,2.3,-0.475,1014.9,100.0,0.7,0,101490.0,272.67499999999995,0.003619278117946741,0.2333333333333333,216.49
2014-01-09 01:00:00,1.7,-0.6749999999999999,1015.2,100.0,0.9,0,101520.0,272.47499999999997,0.003565830202026441,0.3,214.987
2014-01-09 02:00:00,0.6,-0.85,1016.325,100.0,0.0,0,101632.5,272.29999999999995,0.0035166550633647176,0.0,214.987
2014-01-09 03:00:00,0.0,-1.25,1016.875,100.0,0.0,0,101687.5,271.9,0.003413337587310922,0.0,214.987
2014-01-09 04:00:00,0.1,-1.55,1017.2,100.0,0.0,0,101720.0,271.59999999999997,0.0033379220884489375,0.0,270.518
2014-01-09 05:00:00,0.1,-1.75,1016.9,100.0,0.0,0,101690.0,271.4,0.003290144213935247,0.0,270.518
2014-01-09 06:00:00,1.7,-1.6,1016.775,100.0,0.0,0,101677.5,271.54999999999995,0.003327065391123633,0.0,270.518
2014-01-09 07:00:00,3.5,-1.6,1017.2,100.0,0.0,0,101720.0,271.54999999999995,0.003325675297935246,0.0,233.342
2014-01-09 08:00:00,1.6,-1.5,1017.375,100.0,0.0,0,101737.5,271.65,0.003349632615308037,0.0,233.402
2014-01-09 09:00:00,1.8,-1.375,1017.625,100.0,0.0,42,101762.5,271.775,0.003379689597360371,0.0,233.465
2014-01-09 10:00:00,1.7000000000000002,-1.25,1018.1,100.0,0.0,80,101810.0,271.9,0.003409230585499257,0.0,234.979
2014-01-09 11:00:00,2.0,-1.5,1018.2,100.0,0.0,45,101820.0,271.65,0.0033469185641318154,0.0,234.979
2014-01-09 12:00:00,0.7000000000000001,-1.525,1016.8,100.0,0.0,47,101680.0,271.625,0.0033453760038494934,0.0,234.979
2014-01-09 13:00:00,1.1,-1.375,1016.025,100.0,0.0,44,101602.5,271.775,0.003385011812222975,0.0,216.23
2014-01-09 14:00:00,1.0,-1.2,1016.2,100.0,0.0,18,101620.0,271.95,0.0034281464346885998,0.0,216.23
2014-01-09 15:00:00,1.4,-0.6,1016.0,100.0,0.0,2,101600.0,272.54999999999995,0.003582569591907779,0.0,216.23
2014-01-09 16:00:00,1.8,-0.05,1015.8,100.0,0.0,0,101580.0,273.09999999999997,0.0037295802188992665,0.0,217.352
2014-01-09 17:00:00,2.0,0.325,1016.15,100.0,0.0,0,101615.0,273.47499999999997,0.0038310274225139785,0.0,217.208
2014-01-09 18:00:00,3.3000000000000003,0.75,1016.2,100.0,0.0,0,101620.0,273.9,0.003950290020278978,0.0,217.214
2014-01-09 19:00:00,2.7,1.075,1016.075,100.0,0.3,0,101607.5,274.22499999999997,0.004044348366494324,0.09999999999999999,216.647
2014-01-09 20:00:00,2.0,0.85,1016.825,100.0,0.9,0,101682.5,274.0,0.0039764258056622,0.3,216.647
2014-01-09 21:00:00,1.1,1.4,1017.525,100.0,1.0,0,101752.5,274.54999999999995,0.004133980304493958,0.3333333333333333,216.647
2014-01-09 22:00:00,2.0,1.075,1018.075,100.0,1.5,0,101807.5,274.22499999999997,0.004036403277249437,0.5,211.924
2014-01-09 23:00:00,1.6,1.175,1018.95,100.0,1.2,0,101895.0,274.325,0.004062038753867149,0.39999999999999997,211.924
2014-01-10 00:00:00,2.0,0.975,1019.275,100.0,0.8,0,101927.5,274.125,0.004002743705259537,0.26666666666666666,211.924
2014-01-10 01:00:00,1.3,1.25,1019.5,100.0,0.9,0,101950.0,274.4,0.004081783739306066,0.3,205.919
2014-01-10 02:00:00,1.7,1.225,1020.175,100.0,1.1,0,102017.5,274.375,0.004071764100206733,0.3666666666666667,205.919
2014-01-10 03:00:00,0.1,1.35,1020.3,100.0,1.3,0,102030.0,274.5,0.004107972094830531,0.43333333333333335,205.919
2014-01-10 04:00:00,2.5,1.375,1020.525,100.0,1.3,0,102052.5,274.525,0.004114441225849208,0.43333333333333335,201.394
2014-01-10 05:00:00,0.0,1.15,1020.6,100.0,1.4,0,102060.0,274.29999999999995,0.004048190656738723,0.4666666666666666,201.394
2014-01-10 06:00:00,0.0,1.175,1020.525,100.0,1.6,0,102052.5,274.325,0.004055769714855522,0.5333333333333333,201.394
2014-01-10 07:00:00,0.1,1.175,1020.3,100.0,1.6,0,102030.0,274.325,0.004056664106883203,0.5333333333333333,201.655
2014-01-10 08:00:00,0.0,1.1,1020.425,100.0,1.2,3,102042.5,274.25,0.00403435513597805,0.39999999999999997,201.71
2014-01-10 09:00:00,0.3,1.175,1020.725,100.0,1.2,39,102072.5,274.325,0.004054975030740828,0.39999999999999997,201.731
2014-01-10 10:00:00,0.7,1.175,1021.25,100.0,1.4,59,102125.0,274.325,0.004052890465853544,0.4666666666666666,210.477
2014-01-10 11:00:00,0.1,1.2,1021.0,100.0,1.2,148,102100.0,274.34999999999997,0.004061172610227513,0.39999999999999997,210.596
2014-01-10 12:00:00,0.0,1.475,1020.5,100.0,1.2,247,102050.0,274.625,0.00414415957648081,0.39999999999999997,210.659
2014-01-10 13:00:00,0.0,1.65,1020.05,100.0,0.9,241,102005.0,274.79999999999995,0.0041982964174212475,0.3,215.08
2014-01-10 14:00:00,0.0,1.45,1019.3,100.0,0.6,168,101930.0,274.59999999999997,0.004141607623619191,0.19999999999999998,214.997
2014-01-10 15:00:00,0.0,1.075,1018.525,100.0,0.1,87,101852.5,274.22499999999997,0.004034619932240957,0.03333333333333333,215.002
2014-01-10 16:00:00,0.0,0.4,1018.1,100.0,0.5,0,101810.0,273.54999999999995,0.0038444947560062237,0.16666666666666666,209.59
2014-01-10 17:00:00,0.0,0.3,1017.575,100.0,0.5,0,101757.5,273.45,0.0038187461405144495,0.16666666666666666,209.596
2014-01-10 18:00:00,0.0,1.05,1017.525,99.8,0.7,0,101752.5,274.2,0.0040232657833634495,0.2333333333333333,209.472
2014-01-10 19:00:00,0.1,0.925,1017.0,98.3,0.6,0,101700.0,274.075,0.003929327047505934,0.19999999999999998,205.638
2014-01-10 20:00:00,0.0,1.3,1016.1,99.5,0.5,0,101610.0,274.45,0.00408962271379894,0.16666666666666666,205.638
2014-01-10 21:00:00,0.0,2.625,1015.8,99.5,0.5,0,101580.0,275.775,0.00449681017159632,0.16666666666666666,205.638
2014-01-10 22:00:00,0.0,2.75,1014.975,97.3,0.6,0,101497.5,275.9,0.0044401848905739,0.19999999999999998,206.028
2014-01-10 23:00:00,0.0,3.65,1013.925,97.7,0.6,0,101392.5,276.79999999999995,0.004756254984840738,0.19999999999999998,206.028
2014-01-11 00:00:00,0.0,4.175,1012.825,95.5,0.7,0,101282.5,277.325,0.004829161942249338,0.2333333333333333,206.028
2014-01-11 01:00:00,0.0,5.225,1011.7,92.1,0.7,0,101170.0,278.375,0.005017190019745601,0.2333333333333333,218.674
2014-01-11 02:00:00,0.0,5.8,1010.35,85.8,1.2,0,101035.0,278.95,0.004870751941843185,0.39999999999999997,218.674
2014-01-11 03:00:00,0.0,6.65,1009.125,82.0,1.4,0,100912.5,279.79999999999995,0.004942181560986808,0.4666666666666666,218.695
2014-01-11 04:00:00,0.0,5.925000000000001,1007.975,75.4,1.7,0,100797.5,279.075,0.0043277136632778,0.5666666666666667,262.323
2014-01-11 05:00:00,1.0,4.4,1007.55,77.5,1.6,0,100755.0,277.54999999999995,0.004002078367524573,0.5333333333333333,262.323
2014-01-11 06:00:00,2.7,2.7,1007.375,91.1,1.4,0,100737.5,275.84999999999997,0.004173781276599946,0.4666666666666666,262.323
2014-01-11 07:00:00,5.5,0.8250000000000001,1008.225,97.9,1.6,0,100822.5,273.97499999999997,0.003919059321549915,0.5333333333333333,297.378
2014-01-11 08:00:00,1.9,-0.15,1009.425,99.2,2.1,0,100942.5,273.0,0.0036961675796136555,0.7000000000000001,297.398
2014-01-11 09:00:00,1.0,-0.225,1009.65,100.0,1.8,20,100965.0,272.92499999999995,0.003704894911140117,0.6,297.398
2014-01-11 10:00:00,0.5,-0.375,1009.7,100.0,1.4,42,100970.0,272.775,0.003664505829043483,0.4666666666666666,311.265
2014-01-11 11:00:00,0.6,-0.475,1008.5,100.0,1.4,24,100850.0,272.67499999999995,0.00364224626862087,0.4666666666666666,311.32
2014-01-11 12:00:00,3.6,-0.525,1007.95,100.0,1.4,6,100795.0,272.625,0.0036309808836829647,0.4666666666666666,311.32
2014-01-11 13:00:00,1.0,-0.55,1006.725,100.0,1.8,88,100672.5,272.59999999999997,0.0036287807151450025,0.6,294.015
2014-01-11 14:00:00,2.5,-0.475,1006.625,100.0,1.7,105,100662.5,272.67499999999995,0.0036490305346123407,0.5666666666666667,294.015
2014-01-11 15:00:00,1.8,-0.55,1006.5,100.0,2.2,1,100650.0,272.59999999999997,0.003629591917987434,0.7333333333333334,294.015
2014-01-11 16:00:00,4.2,-0.95,1007.35,100.0,1.8,0,100735.0,272.2,0.003522143368441221,0.6,238.231
2014-01-11 17:00:00,5.7,-1.25,1008.075,100.0,2.0,0,100807.5,271.9,0.0034431343492267873,0.6666666666666666,238.238
2014-01-11 18:00:00,3.4,-1.225,1009.0,100.0,2.3,0,100900.0,271.92499999999995,0.003446288257374096,0.7666666666666666,238.238
2014-01-11 19:00:00,3.0,-1.425,1010.525,100.0,2.1,0,101052.5,271.72499999999997,0.0033909663228600486,0.7000000000000001,234.755
2014-01-11 20:00:00,1.9,-1.7,1012.125,100.0,2.4,0,101212.5,271.45,0.0033178546906460055,0.7999999999999999,234.783
2014-01-11 21:00:00,1.5,-1.95,1013.625,100.0,1.7,0,101362.5,271.2,0.0032524896444614555,0.5666666666666667,234.783
2014-01-11 22:00:00,0.7,-1.9,1014.85,100.0,1.6,0,101485.0,271.25,0.0032605612259716723,0.5333333333333333,260.377
2014-01-11 23:00:00,0.5,-1.925,1016.5,100.0,1.6,0,101650.0,271.22499999999997,0.0032492746753282915,0.5333333333333333,260.377
2014-01-12 00:00:00,1.7,-2.0,1017.25,100.0,1.2,0,101725.0,271.15,0.0032289691418920675,0.39999999999999997,260.377
2014-01-12 01:00:00,2.0,-1.975,1018.425,100.0,1.2,0,101842.5,271.17499999999995,0.003231197065338401,0.39999999999999997,281.473
2014-01-12 02:00:00,0.1,-1.95,1019.575,100.0,1.7,0,101957.5,271.2,0.003233508879550051,0.5666666666666667,281.473
2014-01-12 03:00:00,2.8,-1.825,1020.025,100.0,1.5,0,102002.5,271.325,0.003261997525687645,0.5,281.473
2014-01-12 04:00:00,1.1,-1.875,1020.3,100.0,1.3,0,102030.0,271.275,0.0032491261277079447,0.43333333333333335,284.489
2014-01-12 05:00:00,1.4,-2.0,1020.35,100.0,1.7,0,102035.0,271.15,0.003219158974459456,0.5666666666666667,284.495
2014-01-12 06:00:00,0.5,-1.925,1020.05,100.0,2.2,0,102005.0,271.22499999999997,0.003237966479556108,0.7333333333333334,284.495
2014-01-12 07:00:00,3.6,-1.65,1020.9,100.0,2.0,0,102090.0,271.5,0.0033014595566112576,0.6666666666666666,284.347
2014-01-12 08:00:00,3.3000000000000003,-1.525,1021.15,100.0,1.8,0,102115.0,271.625,0.0033311250264056844,0.6,284.355
2014-01-12 09:00:00,2.2,-1.35,1022.075,100.0,1.8,62,102207.5,271.79999999999995,0.003371153999526964,0.6,284.342
2014-01-12 10:00:00,2.3,-0.95,1023.25,100.0,1.8,68,102325.0,272.2,0.003467413752454692,0.6,312.08
2014-01-12 11:00:00,2.9,-0.575,1023.4,100.0,1.4,217,102340.0,272.575,0.0035631543010445532,0.4666666666666666,312.08
2014-01-12 12:00:00,1.7000000000000002,-0.375,1022.75,100.0,1.4,299,102275.0,272.775,0.003617747773732784,0.4666666666666666,312.075
2014-01-12 13:00:00,0.9,-0.3,1022.9,100.0,1.1,281,102290.0,272.84999999999997,0.0036370126397560574,0.3666666666666667,301.182
2014-01-12 14:00:00,1.1,-0.2,1023.95,100.0,0.9,244,102395.0,272.95,0.0036597991617502595,0.3,301.182
2014-01-12 15:00:00,1.4,-0.075,1024.65,100.0,0.9,89,102465.00000000001,273.075,0.003690662473138346,0.3,301.182
2014-01-12 16:00:00,1.0,0.1,1025.125,100.0,1.0,0,102512.5,273.25,0.0037360928954672037,0.3333333333333333,281.244
2014-01-12 17:00:00,1.2000000000000002,0.6,1025.85,100.0,1.2,0,102584.99999999999,273.75,0.0038709994473497154,0.39999999999999997,281.244
2014-01-12 18:00:00,1.4,1.0,1026.575,100.0,1.4,0,102657.5,274.15,0.00398143842308465,0.4666666666666666,281.244
2014-01-12 19:00:00,1.7,0.875,1027.55,100.0,0.7,0,102755.0,274.025,0.003942016762478225,0.2333333333333333,306.645
2014-01-12 20:00:00,1.5,0.75,1028.3,100.0,0.7,0,102830.0,273.9,0.0039038069810439537,0.2333333333333333,306.708
2014-01-12 21:00:00,0.4,0.675,1029.0,100.0,0.3,0,102900.0,273.825,0.0038801000068928023,0.09999999999999999,306.708
2014-01-12 22:00:00,0.3,1.0,1029.625,100.0,0.3,0,102962.5,274.15,0.003969644432854801,0.09999999999999999,315.773
2014-01-12 23:00:00,0.4,0.675,1029.6,100.0,0.2,0,102959.99999999999,273.825,0.003877838876352656,0.06666666666666667,315.773
2014-01-13 00:00:00,1.1,1.275,1030.0,100.0,0.5,0,103000.0,274.42499999999995,0.004047433975975309,0.16666666666666666,315.773
2014-01-13 01:00:00,1.3,1.45,1030.225,100.0,0.9,0,103022.49999999999,274.59999999999997,0.004097688030046875,0.3,298.402
2014-01-13 02:00:00,0.5,1.325,1030.85,100.0,0.6,0,103084.99999999999,274.47499999999997,0.0040586406188531255,0.19999999999999998,298.338
2014-01-13 03:00:00,1.3,1.25,1031.325,100.0,0.8,0,103132.5,274.4,0.004034982689474738,0.26666666666666666,298.338
2014-01-13 04:00:00,1.0,1.125,1031.6999999999998,100.0,0.7,0,103169.99999999999,274.275,0.003997445194157156,0.2333333333333333,287.165
2014-01-13 05:00:00,0.4,1.05,1031.475,100.0,0.7,0,103147.49999999999,274.2,0.003976807456466917,0.2333333333333333,287.165
2014-01-13 06:00:00,0.9,0.9,1031.525,100.0,0.6,0,103152.50000000001,274.04999999999995,0.0039339047792913565,0.19999999999999998,287.165
2014-01-13 07:00:00,0.1,0.45,1032.325,100.0,0.6,0,103232.5,273.59999999999997,0.0038052530772292323,0.19999999999999998,291.509
2014-01-13 08:00:00,0.0,0.2,1033.075,100.0,0.4,0,103307.5,273.34999999999997,0.003734309360932703,0.13333333333333333,291.523
2014-01-13 09:00:00,0.0,0.225,1033.35,100.0,0.3,35,103334.99999999999,273.375,0.0037400827519854254,0.09999999999999999,291.594
2014-01-13 10:00:00,0.0,0.3,1033.425,100.0,0.6,267,103342.5,273.45,0.003760176697809702,0.19999999999999998,277.987
2014-01-13 11:00:00,0.0,0.475,1033.45,100.0,0.6,450,103345.0,273.625,0.003807986674223045,0.19999999999999998,277.981
2014-01-13 12:00:00,0.0,0.75,1033.05,100.0,0.6,361,103305.0,273.9,0.003885857140126323,0.19999999999999998,277.928
2014-01-13 13:00:00,0.0,1.1,1032.775,100.0,0.3,442,103277.50000000001,274.25,0.003986112018232821,0.09999999999999999,258.487
2014-01-13 14:00:00,0.0,1.425,1033.125,100.0,0.4,510,103312.5,274.575,0.004078866039209737,0.13333333333333333,258.487
2014-01-13 15:00:00,0.0,1.675,1033.75,100.0,0.4,311,103375.0,274.825,0.004150078101574757,0.13333333333333333,258.472
2014-01-13 16:00:00,0.0,0.35,1034.15,100.0,0.1,81,103415.00000000001,273.5,0.0037711625263395507,0.03333333333333333,222.031
2014-01-13 17:00:00,0.0,-0.475,1033.85,100.0,0.3,0,103384.99999999999,272.67499999999995,0.003552938397160273,0.09999999999999999,221.974
2014-01-13 18:00:00,0.1,-0.6,1034.3249999999998,100.0,0.4,0,103432.49999999999,272.54999999999995,0.003519097677594861,0.13333333333333333,221.899
2014-01-13 19:00:00,0.1,-0.575,1034.275,100.0,0.6,0,103427.50000000001,272.575,0.0035256891171970657,0.19999999999999998,233.508
2014-01-13 20:00:00,0.0,-0.6499999999999999,1034.1,100.0,0.6,0,103409.99999999999,272.5,0.0035070496809522754,0.19999999999999998,233.508
2014-01-13 21:00:00,0.0,-0.575,1034.125,100.0,0.6,0,103412.5,272.575,0.0035262005189788427,0.19999999999999998,233.508
2014-01-13 22:00:00,0.0,-0.5,1034.575,100.0,0.7,0,103457.5,272.65,0.003543987507432448,0.2333333333333333,251.464
2014-01-13 23:00:00,0.0,-0.275,1034.4,100.0,0.7,0,103440.00000000001,272.875,0.003603124130947185,0.2333333333333333,251.527
2014-01-14 00:00:00,0.0,-0.25,1034.225,100.0,0.9,0,103422.49999999999,272.9,0.0036102916695229985,0.3,251.542
2014-01-14 01:00:00,0.0,0.55,1033.75,99.7,0.8,0,103375.0,273.7,0.003816086909163883,0.26666666666666666,287.618
2014-01-14 02:00:00,0.0,0.775,1034.075,91.5,1.0,0,103407.5,273.92499999999995,0.00355844452404251,0.3333333333333333,287.618
2014-01-14 03:00:00,0.0,1.4,1033.8249999999998,85.0,0.9,0,103382.49999999999,274.54999999999995,0.003458480944967168,0.3,287.554
2014-01-14 04:00:00,0.0,1.35,1033.575,79.1,0.8,0,103357.5,274.5,0.003207671303320293,0.26666666666666666,309.549
2014-01-14 05:00:00,0.0,1.6,1033.525,75.5,0.7,0,103352.50000000001,274.75,0.0031172065517357968,0.2333333333333333,309.549
2014-01-14 06:00:00,0.0,2.325,1033.875,72.2,0.8,0,103387.5,275.47499999999997,0.003138293447193335,0.26666666666666666,309.549
2014-01-14 07:00:00,0.0,2.8,1034.075,66.3,0.7,0,103407.5,275.95,0.002980200648603365,0.2333333333333333,306.463
2014-01-14 08:00:00,0.0,3.55,1034.025,63.1,0.8,57,103402.50000000001,276.7,0.002990985752763807,0.26666666666666666,306.463
2014-01-14 09:00:00,0.0,6.0,1034.675,54.1,0.9,339,103467.5,279.15,0.003040760773784359,0.3,306.463
2014-01-14 10:00:00,0.0,6.075,1034.9499999999998,52.8,0.6,601,103494.99999999999,279.22499999999997,0.0029823194177499,0.19999999999999998,304.307
2014-01-14 11:00:00,0.0,8.05,1034.775,53.7,0.6,1203,103477.50000000001,281.2,0.00347337987870013,0.19999999999999998,304.328
2014-01-14 12:00:00,0.1,8.825,1034.175,53.1,0.4,1261,103417.5,281.97499999999997,0.003621931867262823,0.13333333333333333,304.322
2014-01-14 13:00:00,0.0,7.425,1033.875,53.4,0.5,723,103387.5,280.575,0.0033127952832948254,0.16666666666666666,305.863
2014-01-14 14:00:00,0.0,7.775,1033.85,48.9,0.6,662,103384.99999999999,280.92499999999995,0.0031070301730070247,0.19999999999999998,305.863
2014-01-14 15:00:00,0.0,6.175,1034.275,47.0,0.5,240,103427.50000000001,279.325,0.002674854768200626,0.16666666666666666,305.863
2014-01-14 16:00:00,0.0,5.3,1034.175,49.4,0.8,34,103417.5,278.45,0.0026463683054566783,0.26666666666666666,303.543
2014-01-14 17:00:00,0.0,5.125,1033.875,42.4,0.9,0,103387.5,278.275,0.0022445473044432123,0.3,303.543
2014-01-14 18:00:00,0.0,5.05,1033.975,39.1,1.0,0,103397.49999999999,278.2,0.00205887398569715,0.3333333333333333,303.543
2014-01-14 19:00:00,0.0,5.45,1033.825,36.6,0.7,0,103382.5,278.59999999999997,0.0019818771953080427,0.2333333333333333,277.398
2014-01-14 20:00:00,0.0,5.675,1033.925,34.5,0.8,0,103392.5,278.825,0.0018973633037090343,0.26666666666666666,277.334
2014-01-14 21:00:00,0.0,5.875,1033.525,35.0,0.7,0,103352.50000000001,279.025,0.0019524588893069397,0.2333333333333333,277.273
2014-01-14 22:00:00,0.0,5.975,1033.175,35.8,0.7,0,103317.5,279.125,0.0020116274932291843,0.2333333333333333,231.015
2014-01-14 23:00:00,0.0,6.25,1033.225,35.5,0.8,0,103322.49999999999,279.4,0.0020329155026040592,0.26666666666666666,231.015
2014-01-15 00:00:00,0.0,6.25,1032.9,32.6,0.7,0,103290.00000000001,279.4,0.0018674337484862222,0.2333333333333333,231.015
2014-01-15 01:00:00,0.0,6.075,1032.4499999999998,33.0,0.7,0,103244.99999999999,279.22499999999997,0.0018684630499057212,0.2333333333333333,222.53
2014-01-15 02:00:00,0.0,6.575,1032.725,33.4,0.7,0,103272.49999999999,279.72499999999997,0.00195691185500513,0.2333333333333333,222.53
2014-01-15 03:00:00,0.0,6.875,1032.525,29.9,0.9,0,103252.50000000001,280.025,0.001788682806659266,0.3,222.53
2014-01-15 04:00:00,0.0,7.05,1032.475,27.5,0.7,0,103247.49999999999,280.2,0.0016650553941732953,0.2333333333333333,211.81
2014-01-15 05:00:00,0.0,7.0,1032.425,25.8,0.7,0,103242.5,280.15,0.0015568547557899594,0.2333333333333333,211.81
2014-01-15 06:00:00,0.0,7.0,1032.25,24.0,0.7,0,103225.0,280.15,0.0014484825054742227,0.2333333333333333,211.81
2014-01-15 07:00:00,0.0,6.95,1032.1750000000002,23.6,0.8,0,103217.50000000001,280.09999999999997,0.0014195684662692083,0.26666666666666666,214.241
2014-01-15 08:00:00,0.0,7.725,1032.475,22.2,1.0,53,103247.49999999999,280.875,0.0014076267751333066,0.3333333333333333,214.241
2014-01-15 09:00:00,0.0,9.025,1032.775,22.8,0.8,144,103277.50000000001,282.17499999999995,0.0015784620770783366,0.26666666666666666,214.295
2014-01-15 10:00:00,0.0,10.975,1032.775,24.6,0.6,427,103277.50000000001,284.125,0.0019406055475848659,0.19999999999999998,225.13
2014-01-15 11:00:00,0.1,13.25,1032.5,22.3,0.4,1512,103250.0,286.4,0.002044030697363276,0.13333333333333333,225.125
2014-01-15 12:00:00,0.0,14.075,1031.775,16.2,0.4,1327,103177.50000000001,287.22499999999997,0.0015678826549766314,0.13333333333333333,225.092
2014-01-15 13:00:00,0.0,13.05,1030.975,14.9,0.4,548,103097.49999999999,286.2,0.0013500101457853723,0.13333333333333333,230.783
2014-01-15 14:00:00,0.0,11.15,1030.675,17.6,0.6,346,103067.5,284.29999999999995,0.0014074891559284948,0.19999999999999998,230.719
2014-01-15 15:00:00,0.0,9.525,1030.375,19.0,0.7,84,103037.5,282.67499999999995,0.0013635963279813891,0.2333333333333333,230.719
2014-01-15 16:00:00,0.0,8.575,1030.35,22.4,0.8,36,103034.99999999999,281.72499999999997,0.0015078509214664477,0.26666666666666666,226.081
2014-01-15 17:00:00,0.0,7.75,1029.975,24.5,0.9,0,102997.49999999999,280.9,0.0015598886248472251,0.3,225.942
2014-01-15 18:00:00,0.0,7.375,1030.025,25.7,0.8,0,103002.50000000001,280.525,0.0015948599307209124,0.26666666666666666,225.932
2014-01-15 19:00:00,0.0,7.425,1030.3,21.5,0.8,0,103030.0,280.575,0.0013384314594673422,0.26666666666666666,220.535
2014-01-15 20:00:00,0.0,7.75,1030.35,19.9,0.8,0,103034.99999999999,280.9,0.0012665504429900563,0.26666666666666666,220.541
2014-01-15 21:00:00,0.0,7.85,1030.425,22.4,0.8,0,103042.5,281.0,0.0014353068342896713,0.26666666666666666,220.541
2014-01-15 22:00:00,0.0,7.45,1030.3,19.0,0.8,0,103030.0,280.59999999999997,0.0011848221062888391,0.26666666666666666,219.496
2014-01-15 23:00:00,0.0,7.275,1030.45,19.3,0.7,0,103045.0,280.42499999999995,0.0011890426316995607,0.2333333333333333,219.496
2014-01-16 00:00:00,0.0,7.25,1030.275,18.6,0.7,0,103027.50000000001,280.4,0.0011441525050854974,0.2333333333333333,219.496
2014-01-16 01:00:00,0.0,7.15,1029.8,17.7,0.8,0,102980.0,280.29999999999995,0.0010818608394370021,0.26666666666666666,220.8
2014-01-16 02:00:00,0.0,7.3,1029.875,19.0,0.8,0,102987.5,280.45,0.001173218452265362,0.26666666666666666,220.8
2014-01-16 03:00:00,0.0,7.65,1029.525,17.6,0.9,0,102952.50000000001,280.79999999999995,0.001113444753940017,0.3,220.737
2014-01-16 04:00:00,0.0,7.45,1029.1,18.2,0.9,0,102909.99999999999,280.59999999999997,0.0011362582702919217,0.3,213.166
2014-01-16 05:00:00,0.0,7.575,1028.725,19.3,0.9,0,102872.49999999999,280.72499999999997,0.0012157055626290264,0.3,213.166
2014-01-16 06:00:00,0.0,7.8,1029.075,16.1,0.7,0,102907.5,280.95,0.0010294678741005056,0.2333333333333333,213.229
2014-01-16 07:00:00,0.0,7.9,1029.1,16.6,0.9,0,102909.99999999999,281.04999999999995,0.0010686665455146612,0.3,218.536
2014-01-16 08:00:00,0.0,8.075,1029.425,18.1,0.9,4,102942.5,281.22499999999997,0.0011788158854565474,0.3,218.621
2014-01-16 09:00:00,0.0,10.1,1029.45,21.1,1.0,103,102945.0,283.25,0.0015752494637014983,0.3333333333333333,218.739
2014-01-16 10:00:00,0.0,12.275,1029.35,19.8,0.6,546,102934.99999999999,285.42499999999995,0.0017077786283983827,0.19999999999999998,227.694
2014-01-16 11:00:00,0.0,13.65,1029.1,16.2,0.6,1485,102909.99999999999,286.79999999999995,0.0015291531949762807,0.19999999999999998,227.714
2014-01-16 12:00:00,0.0,14.7,1028.375,14.9,0.5,1358,102837.5,287.84999999999997,0.0015065339464662409,0.16666666666666666,227.661
2014-01-16 13:00:00,0.0,14.45,1027.5,15.1,0.6,558,102750.0,287.59999999999997,0.001503575510238553,0.19999999999999998,232.537
2014-01-16 14:00:00,0.0,12.9,1027.275,17.6,0.6,379,102727.50000000001,286.04999999999995,0.0015847609219790308,0.19999999999999998,232.537
2014-01-16 15:00:00,0.0,11.375,1026.95,21.2,0.7,80,102695.0,284.525,0.0017271042438866677,0.2333333333333333,232.413
2014-01-16 16:00:00,0.0,10.9,1027.35,23.1,0.9,36,102734.99999999999,284.04999999999995,0.0018227899577804223,0.3,225.434
2014-01-16 17:00:00,0.0,10.3,1026.775,24.5,1.0,0,102677.50000000001,283.45,0.0018585291123169587,0.3333333333333333,225.44
2014-01-16 18:00:00,0.0,9.575,1026.925,24.2,0.9,0,102692.5,282.72499999999997,0.001748490381924693,0.3,225.296
2014-01-16 19:00:00,0.0,9.5,1026.35,25.5,1.0,0,102634.99999999999,282.65,0.0018341822053608266,0.3333333333333333,227.208
2014-01-16 20:00:00,0.0,9.725,1026.55,26.1,0.8,0,102655.0,282.875,0.0019055518549455604,0.26666666666666666,227.144
2014-01-16 21:00:00,0.0,9.275,1026.325,25.3,1.0,0,102632.5,282.42499999999995,0.0017924998280931803,0.3333333333333333,227.089
2014-01-16 22:00:00,0.0,9.5,1026.475,23.5,0.9,0,102647.49999999999,282.65,0.0016901189365315615,0.3,223.494
2014-01-16 23:00:00,0.0,9.825,1026.3,18.8,1.0,0,102630.0,282.97499999999997,0.0013821553412957403,0.3333333333333333,223.494
2014-01-17 00:00:00,0.0,9.9,1025.575,17.7,1.0,0,102557.5,283.04999999999995,0.0013087671669650977,0.3333333333333333,223.494
2014-01-17 01:00:00,0.0,8.725,1025.45,18.6,1.1,0,102545.0,281.875,0.0012708729655058202,0.3666666666666667,223.045
2014-01-17 02:00:00,0.0,9.375,1025.575,21.2,1.0,0,102557.5,282.525,0.0015132660467946418,0.3333333333333333,223.045
2014-01-17 03:00:00,0.0,8.9,1025.2,19.1,1.0,0,102520.0,282.04999999999995,0.0013208853128529562,0.3333333333333333,223.045
2014-01-17 04:00:00,0.0,10.2,1024.875,21.1,0.9,0,102487.5,283.34999999999997,0.001592898329092596,0.3,222.817
2014-01-17 05:00:00,0.0,9.0,1024.775,17.9,0.9,0,102477.50000000001,282.15,0.00124680026261506,0.3,222.817
2014-01-17 06:00:00,0.0,9.7,1024.65,23.1,1.0,0,102465.00000000001,282.84999999999997,0.0016868179210139463,0.3333333333333333,222.817
2014-01-17 07:00:00,0.0,10.4,1024.5,19.4,0.9,0,102450.0,283.54999999999995,0.0014848005512870925,0.3,225.086
2014-01-17 08:00:00,0.0,10.675,1024.725,19.7,0.9,54,102472.49999999999,283.825,0.001535323458497298,0.3,225.166
2014-01-17 09:00:00,0.0,11.775,1024.9,20.2,1.0,131,102490.00000000001,284.92499999999995,0.0016931282750816525,0.3333333333333333,225.161
2014-01-17 10:00:00,0.0,12.825,1025.025,21.8,1.1,508,102502.50000000001,285.97499999999997,0.001957615630007895,0.3666666666666667,233.147
2014-01-17 11:00:00,0.0,15.725,1024.6750000000002,22.5,1.1,1589,102467.50000000001,288.875,0.0024386902945538504,0.3666666666666667,233.21
2014-01-17 12:00:00,0.0,15.825,1024.0,18.2,0.6,1392,102400.0,288.97499999999997,0.0019866044665312462,0.19999999999999998,233.23
2014-01-17 13:00:00,0.0,15.875,1023.275,21.1,0.7,507,102327.5,289.025,0.0023121665603193843,0.2333333333333333,235.219
2014-01-17 14:00:00,0.0,14.2,1023.325,21.4,0.6,428,102332.5,287.34999999999997,0.0021052451222583323,0.19999999999999998,235.155
2014-01-17 15:00:00,0.0,12.25,1023.325,25.3,0.6,118,102332.5,285.4,0.00219140296792213,0.19999999999999998,235.214
2014-01-17 16:00:00,0.0,11.025,1023.5,26.1,0.8,48,102350.0,284.17499999999995,0.0020845054416197216,0.26666666666666666,235.64
2014-01-17 17:00:00,0.0,10.0,1023.6,28.3,0.7,2,102360.0,283.15,0.0021106763903819417,0.2333333333333333,235.626
2014-01-17 18:00:00,0.0,9.425,1023.4,29.1,0.8,0,102340.0,282.575,0.0020885998081764355,0.26666666666666666,235.626
2014-01-17 19:00:00,0.0,8.975,1023.65,31.4,0.7,0,102365.0,282.125,0.0021858368461507433,0.2333333333333333,272.473
2014-01-17 20:00:00,0.0,8.525,1023.6,33.3,0.7,0,102360.0,281.67499999999995,0.0022487358576107268,0.2333333333333333,272.473
2014-01-17 21:00:00,0.0,8.5,1023.825,30.8,0.7,0,102382.5,281.65,0.002075935804178305,0.2333333333333333,272.473
2014-01-17 22:00:00,0.0,8.5,1023.575,30.3,0.7,0,102357.5,281.65,0.0020427343473013145,0.2333333333333333,275.812
2014-01-17 23:00:00,0.0,8.275,1023.725,31.2,0.9,0,102372.5,281.42499999999995,0.002071255341971871,0.3,275.812
2014-01-18 00:00:00,0.0,8.225,1023.3,32.9,1.0,0,102330.0,281.375,0.0021776149992178266,0.3333333333333333,275.812
2014-01-18 01:00:00,0.0,8.2,1023.375,34.3,1.0,0,102337.5,281.34999999999997,0.0022662623397073237,0.3333333333333333,274.31
2014-01-18 02:00:00,0.0,8.125,1023.525,33.7,1.0,0,102352.5,281.275,0.002214978429979452,0.3333333333333333,274.31
2014-01-18 03:00:00,0.0,7.575,1023.775,32.5,0.6,0,102377.5,280.72499999999997,0.0020570707547111575,0.19999999999999998,274.31
2014-01-18 04:00:00,0.0,7.3,1023.9,32.7,0.7,0,102390.0,280.45,0.00203095363755332,0.2333333333333333,286.627
2014-01-18 05:00:00,0.0,6.8,1023.7,34.5,0.7,0,102370.0,279.95,0.0020709652695499697,0.2333333333333333,286.627
2014-01-18 06:00:00,0.0,6.175,1023.575,39.1,0.7,0,102357.5,279.325,0.0022485133143874745,0.2333333333333333,286.627
2014-01-18 07:00:00,0.0,6.025,1023.8,41.4,0.7,0,102380.0,279.17499999999995,0.002355724671196006,0.2333333333333333,277.649
2014-01-18 08:00:00,0.0,6.85,1023.725,42.6,0.7,79,102372.5,280.0,0.0025659236330212295,0.2333333333333333,277.713
2014-01-18 09:00:00,0.0,9.0,1024.1999999999998,41.1,0.6,325,102419.99999999999,282.15,0.0028643720444509594,0.19999999999999998,277.788
2014-01-18 10:00:00,0.0,9.95,1024.275,42.1,0.5,462,102427.50000000001,283.09999999999997,0.003127352476167635,0.16666666666666666,260.766
2014-01-18 11:00:00,0.0,13.175,1024.35,37.1,0.4,1588,102434.99999999999,286.325,0.0034109200721493056,0.13333333333333333,260.766
2014-01-18 12:00:00,0.0,13.05,1023.525,29.6,0.4,1405,102352.5,286.2,0.0027014202705193738,0.13333333333333333,260.766
2014-01-18 13:00:00,0.0,13.3,1022.925,30.4,0.4,562,102292.5,286.45,0.002821755948353541,0.13333333333333333,255.177
2014-01-18 14:00:00,0.0,10.875,1022.125,25.7,0.4,411,102212.5,284.025,0.0020349338671316938,0.13333333333333333,255.177
2014-01-18 15:00:00,0.0,9.4,1022.2,27.2,0.6,79,102220.0,282.54999999999995,0.001951238491856441,0.19999999999999998,255.177
2014-01-18 16:00:00,0.0,8.575,1022.4,36.4,0.6,36,102240.0,281.72499999999997,0.0024693105144914422,0.19999999999999998,225.914
2014-01-18 17:00:00,0.0,7.7,1022.1,36.5,0.6,1,102210.0,280.84999999999997,0.0023338520283538926,0.19999999999999998,225.854
2014-01-18 18:00:00,0.0,7.175,1021.725,46.8,0.6,0,102172.5,280.325,0.002888060955021574,0.19999999999999998,225.776
2014-01-18 19:00:00,0.0,6.925,1021.4,45.8,0.6,0,102140.0,280.075,0.002779217042207232,0.19999999999999998,227.966
2014-01-18 20:00:00,0.0,7.025,1021.075,46.5,0.6,0,102107.5,280.17499999999995,0.0028420165639366844,0.19999999999999998,227.966
2014-01-18 21:00:00,0.0,7.3,1020.7,42.5,0.5,0,102070.0,280.45,0.0026478941193550645,0.16666666666666666,227.966
2014-01-18 22:00:00,0.0,7.05,1021.375,35.9,0.6,0,102137.5,280.2,0.002197276759973982,0.19999999999999998,252.498
2014-01-18 23:00:00,0.0,6.975,1021.0,36.9,0.7,0,102100.0,280.125,0.002247724030606745,0.2333333333333333,252.505
2014-01-19 00:00:00,0.0,6.9,1020.85,30.1,0.7,0,102085.0,280.04999999999995,0.0018243678770006344,0.2333333333333333,252.597
2014-01-19 01:00:00,0.0,6.625,1020.45,24.9,0.6,0,102045.0,279.775,0.0014815311996572698,0.19999999999999998,295.917
2014-01-19 02:00:00,0.0,6.025,1020.675,29.8,0.5,0,102067.5,279.17499999999995,0.0017008581719670458,0.16666666666666666,295.911
2014-01-19 03:00:00,0.0,5.85,1020.55,37.1,0.4,0,102055.0,279.0,0.0020922963146390037,0.13333333333333333,295.911
2014-01-19 04:00:00,0.0,6.2,1019.95,33.4,0.6,0,101995.0,279.34999999999997,0.0019308799763520903,0.19999999999999998,266.949
2014-01-19 05:00:00,0.0,6.125,1019.9,31.3,0.8,0,101990.0,279.275,0.0018002218784482302,0.26666666666666666,266.949
2014-01-19 06:00:00,0.0,5.375,1020.15,28.6,0.7,0,102015.0,278.525,0.0015612868790784015,0.2333333333333333,266.949
2014-01-19 07:00:00,0.0,5.25,1020.75,30.3,0.5,0,102075.0,278.4,0.0016388188934904724,0.16666666666666666,272.606
2014-01-19 08:00:00,0.0,5.15,1020.8,38.6,0.8,0,102080.0,278.29999999999995,0.002073162017399981,0.26666666666666666,272.657
2014-01-19 09:00:00,0.0,7.675,1021.175,36.8,0.7,59,102117.5,280.825,0.0023511540757961092,0.2333333333333333,272.68
2014-01-19 10:00:00,0.0,9.325,1021.55,27.8,0.5,572,102155.0,282.47499999999997,0.001985503412830458,0.16666666666666666,287.75
2014-01-19 11:00:00,0.0,11.025,1021.475,26.0,0.6,1577,102147.5,284.17499999999995,0.0020806353785011856,0.19999999999999998,287.811
2014-01-19 12:00:00,0.0,10.25,1021.3,24.8,0.7,1512,102130.0,283.4,0.001885064306521007,0.2333333333333333,287.811
2014-01-19 13:00:00,0.0,10.075,1021.25,28.9,0.5,655,102125.0,283.22499999999997,0.002171258186560902,0.16666666666666666,282.591
2014-01-19 14:00:00,0.0,8.925,1020.925,33.2,0.4,471,102092.5,282.075,0.0023094991824826354,0.13333333333333333,282.591
2014-01-19 15:00:00,0.0,7.0,1021.1,38.1,0.4,79,102110.0,280.15,0.0023245752181106447,0.13333333333333333,282.53
2014-01-19 16:00:00,0.0,6.325,1021.25,41.0,0.5,62,102125.0,279.47499999999997,0.00238772233880292,0.16666666666666666,231.431
2014-01-19 17:00:00,0.0,5.6,1021.075,35.1,0.6,1,102107.5,278.75,0.0019445182391071827,0.19999999999999998,231.431
2014-01-19 18:00:00,0.0,5.6,1021.425,38.8,0.5,0,102142.5,278.75,0.0021487594020799254,0.16666666666666666,231.431
2014-01-19 19:00:00,0.0,5.574999999999999,1021.675,44.0,0.6,0,102167.5,278.72499999999997,0.0024319213491557274,0.19999999999999998,233.138
2014-01-19 20:00:00,0.0,6.0,1021.95,45.7,0.6,0,102195.0,279.15,0.0026006116088316293,0.19999999999999998,233.138
2014-01-19 21:00:00,0.0,5.9750000000000005,1022.2,43.9,0.5,0,102220.0,279.125,0.002493257122889153,0.16666666666666666,233.138
2014-01-19 22:00:00,0.0,5.8,1022.525,45.2,0.8,0,102252.5,278.95,0.0025353917341115724,0.26666666666666666,233.486
2014-01-19 23:00:00,0.0,5.8,1022.75,42.6,0.6,0,102275.0,278.95,0.0023890249272089993,0.19999999999999998,233.512
2014-01-20 00:00:00,0.0,6.1,1022.525,42.0,0.7,0,102252.5,279.25,0.0024052757715125276,0.2333333333333333,233.512
2014-01-20 01:00:00,0.0,6.975,1022.3,39.4,0.8,0,102230.0,280.125,0.0023969569035661867,0.26666666666666666,253.705
2014-01-20 02:00:00,0.0,6.425,1022.875,55.5,0.6,0,102287.5,279.575,0.003249340550732562,0.19999999999999998,253.765
2014-01-20 03:00:00,0.0,6.65,1023.125,63.6,0.6,0,102312.5,279.79999999999995,0.0037807523262086175,0.19999999999999998,253.76
2014-01-20 04:00:00,0.0,6.45,1022.975,55.9,0.6,0,102297.5,279.59999999999997,0.0032780790248509795,0.19999999999999998,295.848
2014-01-20 05:00:00,0.0,6.525,1023.0,51.3,0.7,0,102300.0,279.67499999999995,0.0030238268918946856,0.2333333333333333,295.868
2014-01-20 06:00:00,0.0,6.8,1023.45,47.6,0.7,0,102345.0,279.95,0.0028580297578441566,0.2333333333333333,295.927
2014-01-20 07:00:00,0.0,6.6,1023.65,41.6,0.7,0,102365.0,279.75,0.0024631919171385595,0.2333333333333333,310.285
2014-01-20 08:00:00,0.0,6.825,1024.0,41.5,1.0,25,102400.0,279.97499999999997,0.002494710442399273,0.3333333333333333,310.349
2014-01-20 09:00:00,0.0,8.3,1024.6,40.4,0.9,103,102459.99999999999,281.45,0.0026842702698007693,0.3,310.349
2014-01-20 10:00:00,0.0,9.7,1025.175,36.8,0.9,491,102517.5,282.84999999999997,0.0026858489376620377,0.3,315.39
2014-01-20 11:00:00,0.0,11.375,1024.925,33.8,1.3,1550,102492.5,284.525,0.0027590311472476896,0.43333333333333335,315.39
2014-01-20 12:00:00,0.0,12.25,1024.325,31.9,1.2,1485,102432.5,285.4,0.0027603758497300335,0.39999999999999997,315.39
2014-01-20 13:00:00,0.0,12.95,1023.95,34.0,1.0,593,102395.0,286.09999999999997,0.0030814767117441793,0.3333333333333333,317.108
2014-01-20 14:00:00,0.0,12.35,1024.0,35.4,0.8,481,102400.0,285.5,0.0030844259940834163,0.26666666666666666,317.087
2014-01-20 15:00:00,0.0,10.35,1024.0,41.7,0.5,81,102400.0,283.5,0.003182473861145492,0.16666666666666666,317.087
2014-01-20 16:00:00,0.0,9.725,1023.95,48.6,0.7,38,102395.0,282.875,0.003557278687890394,0.2333333333333333,319.15
2014-01-20 17:00:00,0.0,9.85,1024.375,45.5,0.7,1,102437.5,283.0,0.0033570177968378564,0.2333333333333333,319.15
2014-01-20 18:00:00,0.0,9.25,1024.3,41.7,0.6,0,102430.0,282.4,0.002955297418477366,0.19999999999999998,319.15
2014-01-20 19:00:00,0.0,9.225,1024.675,40.2,0.6,0,102467.5,282.375,0.0028431572663149968,0.19999999999999998,323.351
2014-01-20 20:00:00,0.0,8.9,1025.0,37.6,0.8,0,102500.0,282.04999999999995,0.002600784217336513,0.26666666666666666,323.351
2014-01-20 21:00:00,0.0,9.225,1025.4,36.6,1.1,0,102540.00000000001,282.375,0.0025867159591675976,0.3666666666666667,323.345
2014-01-20 22:00:00,0.0,9.6,1025.525,31.7,1.4,0,102552.50000000001,282.75,0.0022973593864578437,0.4666666666666666,326.057
2014-01-20 23:00:00,0.0,8.649999999999999,1025.425,32.9,1.0,0,102542.5,281.79999999999995,0.0022366193449542726,0.3333333333333333,326.057
2014-01-21 00:00:00,0.0,7.95,1025.075,36.0,1.0,0,102507.5,281.09999999999997,0.0023346219152409566,0.3333333333333333,326.057
2014-01-21 01:00:00,0.0,7.075,1024.875,37.4,0.8,0,102487.5,280.22499999999997,0.002285179575857589,0.26666666666666666,322.044
2014-01-21 02:00:00,0.0,7.275,1025.1,40.7,0.7,0,102509.99999999999,280.42499999999995,0.0025205494158425023,0.2333333333333333,322.044
2014-01-21 03:00:00,0.0,7.1,1025.1,37.2,0.8,0,102509.99999999999,280.25,0.0022763565256140113,0.26666666666666666,322.044
2014-01-21 04:00:00,0.0,6.949999999999999,1025.1,36.2,0.8,0,102509.99999999999,280.09999999999997,0.0021925020773709315,0.26666666666666666,312.334
2014-01-21 05:00:00,0.0,6.35,1025.025,36.3,0.9,0,102502.50000000001,279.5,0.0021098550575447323,0.3,312.354
2014-01-21 06:00:00,0.0,6.225,1025.225,34.6,0.8,0,102522.49999999999,279.375,0.0019933968761417556,0.26666666666666666,312.354
2014-01-21 07:00:00,0.0,5.975,1025.225,33.9,0.6,0,102522.49999999999,279.125,0.0019196362176731184,0.19999999999999998,320.383
2014-01-21 08:00:00,0.0,6.6,1025.425,34.9,0.7,1,102542.5,279.75,0.002062898862963554,0.2333333333333333,320.322
2014-01-21 09:00:00,0.0,9.475,1025.6,33.2,0.7,68,102559.99999999999,282.625,0.002385766610836137,0.2333333333333333,320.322
2014-01-21 10:00:00,0.0,11.0,1025.65,27.3,0.6,514,102565.00000000001,284.15,0.0021721642363847797,0.19999999999999998,290.232
2014-01-21 11:00:00,0.0,11.95,1025.75,25.7,0.6,1625,102575.0,285.09999999999997,0.002177340090409548,0.19999999999999998,290.252
2014-01-21 12:00:00,0.0,11.95,1025.3,24.5,0.9,1559,102530.0,285.09999999999997,0.002076585410308724,0.3,290.313
2014-01-21 13:00:00,0.0,11.725,1024.75,24.5,1.0,760,102475.0,284.875,0.002047076690817567,0.3333333333333333,281.705
2014-01-21 14:00:00,0.0,10.325,1025.05,27.4,0.7,502,102505.0,283.47499999999997,0.002085495430918118,0.2333333333333333,281.705
2014-01-21 15:00:00,0.0,8.4,1025.375,28.2,0.9,88,102537.5,281.54999999999995,0.0018850012091623084,0.3,281.705
2014-01-21 16:00:00,0.0,6.1,1024.95,36.1,0.6,37,102495.0,279.25,0.0020625004090419528,0.19999999999999998,219.052
2014-01-21 17:00:00,0.0,5.175,1024.65,39.3,0.5,0,102465.00000000001,278.325,0.0021064886065762047,0.16666666666666666,219.111
2014-01-21 18:00:00,0.0,4.9,1024.775,39.9,0.6,0,102477.50000000001,278.04999999999995,0.002097816643592034,0.19999999999999998,218.903
2014-01-21 19:00:00,0.0,5.6,1025.125,42.2,0.5,0,102512.5,278.75,0.002328617590004045,0.16666666666666666,216.555
2014-01-21 20:00:00,0.0,4.85,1025.175,34.7,0.7,0,102517.5,278.0,0.001817356397560401,0.2333333333333333,216.561
2014-01-21 21:00:00,0.0,3.075,1025.575,39.2,0.5,0,102557.5,276.22499999999997,0.0018116070200652405,0.16666666666666666,216.561
2014-01-21 22:00:00,0.0,2.725,1025.6,52.9,0.4,0,102559.99999999999,275.875,0.002384793377691305,0.13333333333333333,209.795
2014-01-21 23:00:00,0.0,2.6,1025.425,55.8,0.6,0,102542.5,275.75,0.0024937260078563965,0.19999999999999998,209.801
2014-01-22 00:00:00,0.0,2.825,1025.125,53.2,0.7,0,102512.5,275.97499999999997,0.0024165112193886614,0.2333333333333333,209.738
2014-01-22 01:00:00,0.0,2.6750000000000003,1024.65,53.4,0.7,0,102465.00000000001,275.825,0.0024010290552253905,0.2333333333333333,205.971
2014-01-22 02:00:00,0.0,2.775,1024.325,48.2,0.4,0,102432.5,275.92499999999995,0.0021833488484156167,0.13333333333333333,205.848
2014-01-22 03:00:00,0.0,2.05,1024.3,47.0,0.5,0,102430.0,275.2,0.0020220039284628076,0.16666666666666666,205.827
2014-01-22 04:00:00,0.0,2.075,1024.475,53.8,0.5,0,102447.49999999999,275.22499999999997,0.002318285529962989,0.16666666666666666,198.79
2014-01-22 05:00:00,0.0,1.825,1024.625,57.0,0.3,0,102462.5,274.97499999999997,0.002412358102283611,0.09999999999999999,198.79
2014-01-22 06:00:00,0.0,2.05,1024.9499999999998,66.8,0.1,0,102494.99999999999,275.2,0.0028720043443355,0.03333333333333333,198.79
2014-01-22 07:00:00,0.0,0.9,1024.5,87.3,0.3,0,102450.0,274.04999999999995,0.0034578478714214593,0.09999999999999999,204.842
2014-01-22 08:00:00,0.0,0.825,1024.275,91.1,0.5,2,102427.50000000001,273.97499999999997,0.003589702121403205,0.16666666666666666,204.856
2014-01-22 09:00:00,0.0,3.6,1024.1,85.6,0.1,51,102409.99999999999,276.75,0.0041112881710554,0.03333333333333333,204.981
2014-01-22 10:00:00,0.0,4.425,1024.125,75.9,0.4,469,102412.5,277.575,0.0038627747861310464,0.13333333333333333,218.776
2014-01-22 11:00:00,0.0,5.95,1023.95,72.4,0.7,1602,102395.0,279.09999999999997,0.004097769921058936,0.2333333333333333,218.899
2014-01-22 12:00:00,0.0,7.075,1023.325,60.0,0.6,1546,102332.5,280.22499999999997,0.003671616368222515,0.19999999999999998,218.914
2014-01-22 13:00:00,0.0,7.7,1023.125,46.8,0.8,804,102312.5,280.84999999999997,0.002989447958503391,0.26666666666666666,224.785
2014-01-22 14:00:00,0.0,7.075,1022.975,46.5,0.5,540,102297.5,280.22499999999997,0.002846476243807289,0.16666666666666666,224.785
2014-01-22 15:00:00,0.0,5.85,1022.75,49.4,0.6,83,102275.0,279.0,0.002779975882708776,0.19999999999999998,224.785
2014-01-22 16:00:00,0.0,5.425,1022.8,53.9,0.6,34,102280.0,278.575,0.002945010794321331,0.19999999999999998,209.337
2014-01-22 17:00:00,0.0,4.725,1022.375,57.0,0.7,0,102237.5,277.875,0.002967456146118607,0.2333333333333333,209.283
2014-01-22 18:00:00,0.0,3.475,1022.35,60.9,0.9,0,102235.0,276.625,0.0029042687997384528,0.3,209.192
2014-01-22 19:00:00,0.0,3.825,1022.875,62.9,0.9,0,102287.5,276.97499999999997,0.003072940674674624,0.3,206.903
2014-01-22 20:00:00,0.0,3.2,1022.975,57.5,1.9,0,102297.5,276.34999999999997,0.0026877446426622513,0.6333333333333333,206.903
2014-01-22 21:00:00,0.0,2.7,1022.7,63.0,1.6,0,102270.0,275.84999999999997,0.0028431172596272824,0.5333333333333333,206.903
2014-01-22 22:00:00,0.0,2.95,1022.775,60.9,1.5,0,102277.5,276.09999999999997,0.0027972985504960716,0.5,208.95
2014-01-22 23:00:00,0.0,3.85,1022.575,58.5,1.5,0,102257.5,277.0,0.0028638509716999963,0.5,208.95
2014-01-23 00:00:00,0.0,3.725,1023.1,52.5,2.1,0,102310.0,276.875,0.0025463099711736286,0.7000000000000001,208.95
2014-01-23 01:00:00,0.0,2.0,1023.3,56.5,1.8,0,102330.0,275.15,0.002424414665060654,0.6,211.565
2014-01-23 02:00:00,0.0,1.475,1022.8,68.9,1.4,0,102280.0,274.625,0.0028489050939903026,0.4666666666666666,211.565
2014-01-23 03:00:00,0.0,1.775,1022.775,69.2,1.5,0,102277.5,274.92499999999995,0.00292351370680908,0.5,211.565
2014-01-23 04:00:00,0.0,1.65,1022.875,67.9,1.7,0,102287.5,274.79999999999995,0.0028427702944553135,0.5666666666666667,203.85
2014-01-23 05:00:00,0.0,1.5750000000000002,1023.05,68.9,2.4,0,102305.0,274.72499999999997,0.0028686942803497965,0.7999999999999999,203.85
2014-01-23 06:00:00,0.0,1.2,1022.975,72.9,1.1,0,102297.5,274.34999999999997,0.002954878979785264,0.3666666666666667,203.85
2014-01-23 07:00:00,0.0,1.125,1023.325,70.0,1.5,0,102332.5,274.275,0.002821112495803734,0.5,207.435
2014-01-23 08:00:00,0.0,1.8,1023.5,67.0,1.2,1,102350.0,274.95,0.002833626082986489,0.39999999999999997,207.574
2014-01-23 09:00:00,0.0,3.7,1023.475,61.4,0.9,61,102347.5,276.84999999999997,0.0029716440488942028,0.3,207.692
2014-01-23 10:00:00,0.0,5.125,1023.8,54.7,0.6,538,102380.0,278.275,0.0029241735270757177,0.19999999999999998,220.354
2014-01-23 11:00:00,0.0,7.125,1023.575,49.2,1.1,1640,102357.5,280.275,0.003020318939848814,0.3666666666666667,220.354
2014-01-23 12:00:00,0.0,8.025,1023.2,43.2,1.4,1624,102320.0,281.17499999999995,0.002821037146811008,0.4666666666666666,220.414
2014-01-23 13:00:00,0.0,8.675,1023.0,41.0,1.0,871,102300.0,281.825,0.0027986138841168385,0.3333333333333333,228.103
2014-01-23 14:00:00,0.0,7.825,1022.45,37.5,0.9,587,102245.0,280.97499999999997,0.0024174794876541212,0.3,228.103
2014-01-23 15:00:00,0.0,6.2,1022.75,42.0,0.5,83,102275.0,279.34999999999997,0.002421405343962963,0.16666666666666666,228.103
2014-01-23 16:00:00,0.0,7.525,1022.65,42.0,1.3,41,102265.0,280.67499999999995,0.0026522242594485585,0.43333333333333335,216.953
2014-01-23 17:00:00,0.0,6.9,1022.875,35.3,1.7,1,102287.5,280.04999999999995,0.0021353053855654633,0.5666666666666667,216.894
2014-01-23 18:00:00,0.0,6.525,1023.0,33.5,1.4,0,102300.0,279.67499999999995,0.0019746237988006233,0.4666666666666666,216.814
2014-01-23 19:00:00,0.0,6.6,1023.225,29.9,1.6,0,102322.5,279.75,0.0017711545401034228,0.5333333333333333,212.353
2014-01-23 20:00:00,0.0,5.7,1023.55,22.7,1.7,0,102355.0,278.84999999999997,0.0012632507391319905,0.5666666666666667,212.353
2014-01-23 21:00:00,0.0,4.675,1024.525,25.6,1.2,0,102452.50000000001,277.825,0.0013253190083840848,0.39999999999999997,212.332
2014-01-23 22:00:00,0.0,3.675,1024.875,26.9,1.3,0,102487.5,276.825,0.0012978439707401175,0.43333333333333335,209.992
2014-01-23 23:00:00,0.0,3.225,1025.675,31.0,0.8,0,102567.5,276.375,0.0014477867669161518,0.26666666666666666,209.992
2014-01-24 00:00:00,0.0,2.775,1026.2,32.6,0.9,0,102620.0,275.92499999999995,0.0014740066922643029,0.3,209.931
2014-01-24 01:00:00,0.0,2.65,1026.075,34.9,0.6,0,102607.5,275.79999999999995,0.0015642533424216336,0.19999999999999998,208.845
2014-01-24 02:00:00,0.0,2.825,1026.85,34.3,0.8,0,102684.99999999999,275.97499999999997,0.0015553965131612812,0.26666666666666666,208.845
2014-01-24 03:00:00,0.0,1.9,1026.9,37.7,0.8,0,102690.00000000001,275.04999999999995,0.0016005637180918403,0.26666666666666666,208.851
2014-01-24 04:00:00,0.0,0.825,1027.0749999999998,40.6,0.6,0,102707.49999999999,273.97499999999997,0.001595440024458007,0.19999999999999998,207.212
2014-01-24 05:00:00,0.0,1.3,1026.55,45.6,0.6,0,102655.0,274.45,0.0018551599080668974,0.19999999999999998,207.212
2014-01-24 06:00:00,0.0,3.225,1025.9,38.5,0.5,0,102590.00000000001,276.375,0.001797663409564344,0.16666666666666666,207.212
2014-01-24 07:00:00,0.0,4.55,1025.8,30.1,0.9,0,102580.0,277.7,0.0015428102473701365,0.3,210.306
2014-01-24 08:00:00,0.0,5.2250000000000005,1025.975,23.9,0.8,0,102597.49999999999,278.375,0.0012838485413812842,0.26666666666666666,210.445
2014-01-24 09:00:00,0.0,5.325,1026.725,23.6,0.7,70,102672.49999999999,278.47499999999997,0.0012756450151937414,0.2333333333333333,210.509
2014-01-24 10:00:00,0.0,5.9,1027.5,28.3,1.1,637,102750.0,279.04999999999995,0.0015907083730259007,0.3666666666666667,223.782
2014-01-24 11:00:00,0.0,8.2,1027.0,27.9,1.2,1706,102700.0,281.34999999999997,0.0018368962386115326,0.39999999999999997,223.964
2014-01-24 12:00:00,0.0,10.25,1026.7,23.5,1.1,1720,102670.0,283.4,0.0017768555433581735,0.3666666666666667,223.984
2014-01-24 13:00:00,0.0,11.075,1026.15,20.5,0.7,969,102615.00000000001,284.22499999999997,0.001638457997736807,0.2333333333333333,229.826
2014-01-24 14:00:00,0.0,9.8,1026.2,20.2,0.6,647,102620.0,282.95,0.0014827388595277772,0.19999999999999998,229.826
2014-01-24 15:00:00,0.0,8.524999999999999,1026.25,27.0,0.5,84,102625.0,281.67499999999995,0.0018185911897951794,0.16666666666666666,229.826
2014-01-24 16:00:00,0.0,7.4,1026.3249999999998,32.0,0.5,41,102632.49999999999,280.54999999999995,0.0019963855925530434,0.16666666666666666,224.68
2014-01-24 17:00:00,0.0,7.875,1026.15,33.6,0.5,2,102615.00000000001,281.025,0.0021656133212467478,0.16666666666666666,224.556
2014-01-24 18:00:00,0.0,8.025,1026.025,29.0,0.9,0,102602.50000000001,281.17499999999995,0.0018885376378340194,0.3,224.501
2014-01-24 19:00:00,0.0,8.025,1026.25,28.0,1.0,0,102625.0,281.17499999999995,0.0018230158758802872,0.3333333333333333,205.033
2014-01-24 20:00:00,0.0,7.525,1026.1,27.4,1.5,0,102609.99999999999,280.67499999999995,0.001724443027611411,0.5,205.039
2014-01-24 21:00:00,0.0,6.675,1026.7,30.4,1.3,0,102670.0,279.825,0.001803957518068385,0.43333333333333335,204.915
2014-01-24 22:00:00,0.0,6.475,1026.775,32.7,1.2,0,102677.50000000001,279.625,0.0019137833347066553,0.39999999999999997,197.55
2014-01-24 23:00:00,0.0,6.7,1026.9,32.3,1.0,0,102690.00000000001,279.84999999999997,0.0019196275711333027,0.3333333333333333,197.486
2014-01-25 00:00:00,0.0,7.05,1026.925,32.4,1.0,0,102692.5,280.2,0.0019723401737813005,0.3333333333333333,197.472
2014-01-25 01:00:00,0.0,7.425,1026.9,30.1,0.9,0,102690.00000000001,280.575,0.0018800080881925052,0.3,197.677
2014-01-25 02:00:00,0.0,7.275,1026.85,30.9,0.8,0,102684.99999999999,280.42499999999995,0.0019103745004603447,0.26666666666666666,197.614
2014-01-25 03:00:00,0.0,7.5,1026.75,32.5,0.8,0,102675.0,280.65,0.00204063436776268,0.26666666666666666,197.614
2014-01-25 04:00:00,0.0,7.15,1026.375,32.6,0.9,0,102637.5,280.29999999999995,0.0019992290641638938,0.3,193.549
2014-01-25 05:00:00,0.0,6.775,1026.125,34.4,0.6,0,102612.5,279.92499999999995,0.002056548083385656,0.19999999999999998,193.613
2014-01-25 06:00:00,0.0,6.9,1026.25,35.9,0.5,0,102625.0,280.04999999999995,0.0021644578487712784,0.16666666666666666,193.613
2014-01-25 07:00:00,0.0,6.825,1026.35,36.9,0.5,0,102634.99999999999,279.97499999999997,0.002213109407881174,0.16666666666666666,210.295
2014-01-25 08:00:00,0.0,7.725,1026.9,37.6,0.6,32,102690.00000000001,280.875,0.0023970317159866528,0.19999999999999998,210.437
2014-01-25 09:00:00,0.0,10.475,1027.05,36.0,0.4,81,102705.0,283.625,0.0027622476038135536,0.13333333333333333,210.498
2014-01-25 10:00:00,0.0,12.125,1027.225,28.3,0.5,567,102722.49999999999,285.275,0.002421939809170876,0.16666666666666666,222.902
2014-01-25 11:00:00,0.0,13.7,1026.75,24.6,0.5,1682,102675.0,286.84999999999997,0.002334944695054333,0.16666666666666666,222.963
2014-01-25 12:00:00,0.0,14.1,1026.45,23.4,0.5,1692,102645.0,287.25,0.002280161776607661,0.16666666666666666,223.046
2014-01-25 13:00:00,0.0,13.625,1026.075,25.4,0.3,977,102607.5,286.775,0.002400720732719969,0.09999999999999999,224.662
2014-01-25 14:00:00,0.0,11.75,1025.35,30.5,0.3,692,102534.99999999999,284.9,0.0025511191616892624,0.09999999999999999,224.662
2014-01-25 15:00:00,0.0,9.55,1025.4,37.4,0.4,93,102540.00000000001,282.7,0.0027016894870480587,0.13333333333333333,224.662
2014-01-25 16:00:00,0.0,8.5,1025.2,44.5,0.6,46,102520.0,281.65,0.002995300137024956,0.19999999999999998,215.391
2014-01-25 17:00:00,0.0,8.325,1024.825,45.0,0.6,2,102482.5,281.47499999999997,0.002994323750224636,0.19999999999999998,215.267
2014-01-25 18:00:00,0.0,8.675,1024.725,38.0,0.7,0,102472.49999999999,281.825,0.0025894708486609557,0.2333333333333333,215.253
2014-01-25 19:00:00,0.0,8.2,1024.6,34.0,0.5,0,102459.99999999999,281.34999999999997,0.0022437549843679714,0.16666666666666666,209.681
2014-01-25 20:00:00,0.0,7.975,1024.4,34.0,0.5,0,102440.00000000001,281.125,0.0022101300186307842,0.16666666666666666,209.681
2014-01-25 21:00:00,0.0,7.1,1024.35,34.7,0.5,0,102434.99999999999,280.25,0.002124930251649754,0.16666666666666666,209.622
2014-01-25 22:00:00,0.0,7.55,1023.975,37.6,0.7,0,102397.5,280.7,0.002375350748327021,0.2333333333333333,201.116
2014-01-25 23:00:00,0.0,7.6,1023.825,37.1,0.8,0,102382.5,280.75,0.0023521204293240968,0.26666666666666666,201.116
2014-01-26 00:00:00,0.0,7.975,1023.5,36.5,0.7,0,102350.0,281.125,0.002374725925302917,0.2333333333333333,201.116
2014-01-26 01:00:00,0.0,7.425,1023.025,32.5,0.8,0,102302.5,280.575,0.0020375979269141543,0.26666666666666666,192.932
2014-01-26 02:00:00,0.0,6.725,1023.075,35.6,0.7,0,102307.5,279.875,0.00212731260339343,0.2333333333333333,192.872
2014-01-26 03:00:00,0.0,6.975,1023.05,37.9,0.7,0,102305.0,280.125,0.0023040118842246,0.2333333333333333,192.872
2014-01-26 04:00:00,0.0,6.45,1022.45,36.6,0.8,0,102245.0,279.59999999999997,0.0021473935162814434,0.26666666666666666,191.923
2014-01-26 05:00:00,0.0,6.725,1022.05,39.3,0.7,0,102205.0,279.875,0.00235076488785943,0.2333333333333333,191.923
2014-01-26 06:00:00,0.0,6.725,1022.0,36.7,0.6,0,102200.0,279.875,0.0021953509460686284,0.19999999999999998,191.923
2014-01-26 07:00:00,0.0,7.7,1021.6,33.1,0.7,0,102160.0,280.84999999999997,0.0021174879650447593,0.2333333333333333,190.644
2014-01-26 08:00:00,0.0,9.575,1021.4,26.2,0.6,2,102140.0,282.72499999999997,0.0019032333808158307,0.19999999999999998,190.645
2014-01-26 09:00:00,0.0,11.6,1021.35,23.5,0.2,123,102135.0,284.75,0.001953852116528381,0.06666666666666667,190.665
2014-01-26 10:00:00,0.0,12.225,1021.275,28.1,0.3,567,102127.5,285.375,0.002434807570241173,0.09999999999999999,199.395
2014-01-26 11:00:00,0.0,13.525,1021.275,32.8,0.5,1730,102127.5,286.67499999999995,0.0030945014576930505,0.16666666666666666,199.409
2014-01-26 12:00:00,0.0,14.575,1020.4,31.2,0.4,1751,102040.0,287.72499999999997,0.0031537189524333416,0.13333333333333333,199.473
2014-01-26 13:00:00,0.0,14.6,1019.9,27.4,0.3,1019,101990.0,287.75,0.002775448355783677,0.09999999999999999,202.016
2014-01-26 14:00:00,0.0,12.475,1019.55,30.6,0.4,744,101955.0,285.625,0.0026999174431526544,0.13333333333333333,202.011
2014-01-26 15:00:00,0.0,10.7,1019.5,37.2,0.4,87,101950.0,283.84999999999997,0.0029189034031194077,0.13333333333333333,202.011
2014-01-26 16:00:00,0.0,9.15,1018.675,43.7,0.6,40,101867.5,282.29999999999995,0.003093227517974613,0.19999999999999998,195.561
2014-01-26 17:00:00,0.0,8.55,1019.025,50.2,0.6,5,101902.5,281.7,0.00341097689077523,0.19999999999999998,195.475
2014-01-26 18:00:00,0.0,7.7,1019.325,48.6,0.6,0,101932.5,280.84999999999997,0.003115999896186281,0.19999999999999998,195.475
2014-01-26 19:00:00,0.0,7.175,1018.95,48.3,0.6,0,101895.0,280.325,0.002988744426215374,0.19999999999999998,189.984
2014-01-26 20:00:00,0.0,7.3,1019.65,49.2,0.5,0,101965.0,280.45,0.0030684834059942173,0.16666666666666666,189.923
2014-01-26 21:00:00,0.0,6.825,1019.5,50.4,0.6,0,101950.0,279.97499999999997,0.0030430936035984926,0.19999999999999998,189.923
2014-01-26 22:00:00,0.0,6.225,1019.825,52.9,0.4,0,101982.5,279.375,0.003063845633804468,0.13333333333333333,190.609
2014-01-26 23:00:00,0.0,5.975,1019.95,52.1,0.4,0,101995.0,279.125,0.0029654954758714202,0.13333333333333333,190.609
2014-01-27 00:00:00,0.0,5.55,1019.6,51.6,0.5,0,101960.0,278.7,0.0028528333748193183,0.16666666666666666,190.609
2014-01-27 01:00:00,0.0,5.375,1019.375,47.2,0.6,0,101937.5,278.525,0.002578628218732493,0.19999999999999998,198.749
2014-01-27 02:00:00,0.0,5.6,1019.825,48.2,0.6,0,101982.5,278.75,0.0026735230443920743,0.19999999999999998,198.749
2014-01-27 03:00:00,0.0,5.75,1019.7,44.5,0.5,0,101970.0,278.9,0.002494391177260807,0.16666666666666666,198.749
2014-01-27 04:00:00,0.0,5.475,1019.775,47.3,0.5,0,101977.5,278.625,0.0026010766687688783,0.16666666666666666,184.678
2014-01-27 05:00:00,0.0,5.55,1020.075,47.3,0.5,0,102007.5,278.7,0.002613879534889064,0.16666666666666666,184.678
2014-01-27 06:00:00,0.0,5.3,1020.175,49.4,0.4,0,102017.5,278.45,0.0026826847769212737,0.13333333333333333,184.678
2014-01-27 07:00:00,0.0,5.325,1020.05,53.4,0.4,0,102005.0,278.47499999999997,0.002905305237912232,0.13333333333333333,190.82
2014-01-27 08:00:00,0.0,6.075,1020.85,55.0,0.6,94,102085.0,279.22499999999997,0.0031494909076997305,0.19999999999999998,190.939
2014-01-27 09:00:00,0.0,7.4,1021.125,53.5,0.2,238,102112.5,280.54999999999995,0.0033547041778467256,0.06666666666666667,191.022
2014-01-27 10:00:00,0.0,8.075,1021.45,52.0,0.1,457,102145.0,281.22499999999997,0.0034130947653537437,0.03333333333333333,203.797
2014-01-27 11:00:00,0.0,9.3,1021.725,50.3,0.3,639,102172.5,282.45,0.003585820346112528,0.09999999999999999,203.791
2014-01-27 12:00:00,0.0,8.95,1022.025,46.1,0.2,541,102202.5,282.09999999999997,0.0032088251672819203,0.06666666666666667,203.811
2014-01-27 13:00:00,0.0,8.425,1021.525,52.1,0.3,352,102152.5,281.575,0.0035016288594775223,0.09999999999999999,206.09
2014-01-27 14:00:00,0.0,8.025,1021.3,53.7,0.1,294,102130.0,281.17499999999995,0.003513229682365933,0.03333333333333333,206.15
2014-01-27 15:00:00,0.0,8.0,1021.375,48.9,0.1,224,102137.5,281.15,0.0031935280996926506,0.03333333333333333,206.15
2014-01-27 16:00:00,0.0,7.075,1021.5,45.7,0.1,21,102150.0,280.22499999999997,0.002801544080184641,0.03333333333333333,196.421
2014-01-27 17:00:00,0.0,6.825,1021.85,51.4,0.3,0,102185.0,279.97499999999997,0.003096335232779818,0.09999999999999999,196.391
2014-01-27 18:00:00,0.0,6.275,1021.85,64.9,0.5,0,102185.0,279.42499999999995,0.0037643699354526295,0.16666666666666666,196.336
2014-01-27 19:00:00,0.08,4.875,1022.1,70.3,0.4,0,102210.0,278.025,0.0036993711690537614,0.13333333333333333,191.66
2014-01-27 20:00:00,0.05,4.125,1021.95,86.4,0.7,0,102195.0,277.275,0.004314828192605818,0.2333333333333333,191.66
2014-01-27 21:00:00,0.37,4.1,1022.225,91.7,0.8,0,102222.5,277.25,0.004570253832157945,0.26666666666666666,191.66
2014-01-27 22:00:00,0.61,4.074999999999999,1021.975,94.6,0.8,0,102197.5,277.22499999999997,0.004707672743572434,0.26666666666666666,196.442
2014-01-27 23:00:00,0.05,4.025,1022.325,95.5,1.2,0,102232.5,277.17499999999995,0.004734184320631799,0.39999999999999997,196.442
2014-01-28 00:00:00,0.25,4.05,1022.475,93.9,1.2,0,102247.5,277.2,0.0046623627213431456,0.39999999999999997,196.442
2014-01-28 01:00:00,0.35,3.8,1022.375,94.2,0.9,0,102237.5,276.95,0.0045962431679664965,0.3,192.014
2014-01-28 02:00:00,0.24,3.8,1022.1,96.1,0.8,0,102210.0,276.95,0.0046902102895485425,0.26666666666666666,192.014
2014-01-28 03:00:00,0.14,4.0,1022.125,96.9,0.4,0,102212.5,277.15,0.004796097391555089,0.13333333333333333,191.994
2014-01-28 04:00:00,0.0,4.1,1022.075,98.1,0.3,0,102207.5,277.25,0.004889942199692795,0.09999999999999999,189.269
2014-01-28 05:00:00,0.06,4.2,1021.725,98.5,0.3,0,102172.5,277.34999999999997,0.004946140957832326,0.09999999999999999,189.269
2014-01-28 06:00:00,0.1,4.3,1021.8,98.9,0.1,0,102180.0,277.45,0.005000794488741266,0.03333333333333333,189.269
2014-01-28 07:00:00,0.09,4.75,1021.825,99.3,0.2,0,102182.5,277.9,0.005181440282104028,0.06666666666666667,189.767
2014-01-28 08:00:00,0.0,5.0,1022.2,99.4,0.2,65,102220.0,278.15,0.005275952365674242,0.06666666666666667,189.838
2014-01-28 09:00:00,0.02,5.6,1022.05,99.5,0.2,176,102205.0,278.75,0.005506979830329232,0.06666666666666667,189.916
2014-01-28 10:00:00,0.08,6.2,1022.275,99.1,0.2,280,102227.5,279.34999999999997,0.005716018275527569,0.06666666666666667,199.543
2014-01-28 11:00:00,0.0,7.025,1021.875,98.7,0.3,397,102187.5,280.17499999999995,0.006027686731674448,0.09999999999999999,199.563
2014-01-28 12:00:00,0.0,7.449999999999999,1021.35,96.3,0.4,405,102135.0,280.59999999999997,0.00605780014641789,0.13333333333333333,199.567
2014-01-28 13:00:00,0.0,7.9,1020.15,93.9,0.2,403,102015.0,281.04999999999995,0.00609808203688331,0.06666666666666667,203.786
2014-01-28 14:00:00,0.03,7.425,1019.8,93.1,0.4,128,101980.0,280.575,0.0058553930015171575,0.13333333333333333,203.786
2014-01-28 15:00:00,1.78,7.1,1019.875,96.0,0.1,74,101987.5,280.25,0.005904564394041135,0.03333333333333333,203.786
2014-01-28 16:00:00,4.12,6.475,1019.55,97.5,0.2,13,101955.0,279.625,0.005746671715983383,0.06666666666666667,199.421
2014-01-28 17:00:00,4.92,6.975,1019.425,98.7,0.2,0,101942.5,280.125,0.006021493715448002,0.06666666666666667,199.427
2014-01-28 18:00:00,3.72,6.55,1018.65,99.0,0.5,0,101865.0,279.7,0.005870466587154726,0.16666666666666666,199.219
2014-01-28 19:00:00,4.07,6.675,1018.525,99.4,0.3,0,101852.5,279.825,0.005945809293037294,0.09999999999999999,195.199
2014-01-28 20:00:00,3.83,6.9,1018.4,99.6,0.6,0,101840.0,280.04999999999995,0.006051301642623412,0.19999999999999998,195.253
2014-01-28 21:00:00,5.33,6.95,1018.05,99.7,0.9,0,101805.0,280.09999999999997,0.006080282063110043,0.3,195.253
2014-01-28 22:00:00,5.48,6.95,1017.775,99.8,0.7,0,101777.5,280.09999999999997,0.006088025164181577,0.2333333333333333,194.076
2014-01-28 23:00:00,6.32,7.0,1016.825,99.9,0.8,0,101682.5,280.15,0.006120771642979743,0.26666666666666666,194.076
2014-01-29 00:00:00,6.4,7.15,1016.225,100.0,0.6,0,101622.5,280.29999999999995,0.006193856611240949,0.19999999999999998,194.076
2014-01-29 01:00:00,6.6,7.2,1015.2,100.0,1.0,0,101520.0,280.34999999999997,0.006221373356169513,0.3333333333333333,192.924
2014-01-29 02:00:00,7.5,7.074999999999999,1014.5,100.0,1.0,0,101450.0,280.22499999999997,0.006172592114360612,0.3333333333333333,192.924
2014-01-29 03:00:00,6.6,7.0,1013.725,100.0,1.1,0,101372.5,280.15,0.006145634772233455,0.3666666666666667,192.924
2014-01-29 04:00:00,4.9,6.175,1013.875,100.0,1.8,0,101387.5,279.325,0.005805691593776149,0.6,194.013
2014-01-29 05:00:00,5.9,4.925,1013.75,100.0,1.5,0,101375.0,278.075,0.00532413814450549,0.5,194.013
2014-01-29 06:00:00,4.6,3.925,1013.725,100.0,1.3,0,101372.5,277.075,0.00496431704894487,0.43333333333333335,194.013
2014-01-29 07:00:00,4.7,2.95,1014.05,100.0,1.8,0,101405.0,276.09999999999997,0.004632786241619887,0.6,193.994
2014-01-29 08:00:00,3.0,3.025,1013.375,100.0,1.9,0,101337.5,276.17499999999995,0.004660560462028621,0.6333333333333333,194.112
2014-01-29 09:00:00,0.3,2.675,1013.55,100.0,1.7,0,101355.0,275.825,0.004545550896655,0.5666666666666667,194.193
2014-01-29 10:00:00,0.0,2.025,1013.875,100.0,2.2,13,101387.5,275.17499999999995,0.004338624193987083,0.7333333333333334,204.642
2014-01-29 11:00:00,0.0,1.7,1013.0,100.0,1.3,56,101300.0,274.84999999999997,0.004242671655100761,0.43333333333333335,204.662
2014-01-29 12:00:00,0.1,1.75,1012.025,100.0,1.6,63,101202.5,274.9,0.0042619789710106075,0.5333333333333333,204.657
2014-01-29 13:00:00,0.7000000000000001,2.0,1011.475,100.0,1.3,70,101147.5,275.15,0.004341164826984805,0.43333333333333335,209.14
2014-01-29 14:00:00,1.8,1.925,1011.2,100.0,1.6,23,101120.0,275.075,0.0043191507456355185,0.5333333333333333,209.076
2014-01-29 15:00:00,4.300000000000001,1.725,1011.25,100.0,1.7,3,101125.0,274.875,0.004257623460667381,0.5666666666666667,209.076
2014-01-29 16:00:00,4.5,1.475,1011.525,100.0,1.8,8,101152.5,274.625,0.004180929633769473,0.6,204.984
2014-01-29 17:00:00,4.8,1.0750000000000002,1011.35,100.0,1.9,0,101135.0,274.22499999999997,0.0040632434532908695,0.6333333333333333,204.984
2014-01-29 18:00:00,4.1,1.0,1012.075,100.0,1.5,0,101207.5,274.15,0.004038480497174739,0.5,204.846
2014-01-29 19:00:00,2.2,1.0,1012.975,100.0,1.3,0,101297.5,274.15,0.004034892420028258,0.43333333333333335,199.818
2014-01-29 20:00:00,0.3,0.925,1013.625,100.0,1.0,0,101362.5,274.075,0.004010590302563518,0.3333333333333333,199.818
2014-01-29 21:00:00,0.1,0.275,1013.55,100.0,1.3,0,101355.0,273.42499999999995,0.003826978419021891,0.43333333333333335,199.818
2014-01-29 22:00:00,0.1,-0.35,1013.875,100.0,1.2,0,101387.5,272.79999999999995,0.0036560623466140893,0.39999999999999997,198.903
2014-01-29 23:00:00,0.2,-0.775,1014.175,100.0,1.3,0,101417.5,272.375,0.003543471817731345,0.43333333333333335,198.903
2014-01-30 00:00:00,0.5,-1.05,1013.55,100.0,0.8,0,101355.0,272.09999999999997,0.0034750788534774505,0.26666666666666666,198.903
2014-01-30 01:00:00,1.5,-1.125,1013.375,100.0,1.0,0,101337.5,272.025,0.0034566447706644563,0.3333333333333333,199.704
2014-01-30 02:00:00,0.3,-1.45,1013.55,100.0,1.2,0,101355.0,271.7,0.003374644989332807,0.39999999999999997,199.704
2014-01-30 03:00:00,0.5,-1.875,1013.3,100.0,1.1,0,101330.0,271.275,0.0032715714873190723,0.3666666666666667,199.704
2014-01-30 04:00:00,0.2,-2.05,1013.2,100.0,1.0,0,101320.0,271.09999999999997,0.0032299374050121865,0.3333333333333333,195.772
2014-01-30 05:00:00,0.4,-2.3,1012.55,100.0,0.7,0,101255.0,270.84999999999997,0.0031728629542117862,0.2333333333333333,195.772
2014-01-30 06:00:00,0.1,-2.575,1012.55,100.0,0.6,0,101255.0,270.575,0.0031089120899878125,0.19999999999999998,195.772
2014-01-30 07:00:00,0.1,-2.75,1012.85,100.0,0.6,0,101285.0,270.4,0.0030679055616367806,0.19999999999999998,204.263
2014-01-30 08:00:00,0.0,-2.45,1013.0,100.0,0.4,25,101300.0,270.7,0.0031364434600204493,0.13333333333333333,204.387
2014-01-30 09:00:00,0.2,-1.875,1013.175,100.0,0.2,315,101317.5,271.275,0.0032719751159478033,0.06666666666666667,204.402
2014-01-30 10:00:00,1.4,-1.425,1013.725,100.0,0.6,249,101372.5,271.72499999999997,0.003380262145461689,0.19999999999999998,223.929
2014-01-30 11:00:00,1.1,-0.75,1013.5,100.0,0.3,612,101350.0,272.4,0.003552310926848785,0.09999999999999999,223.989
2014-01-30 12:00:00,0.3,0.0499999999999999,1012.95,100.0,0.0,912,101295.0,273.2,0.0037673128407091343,0.0,223.983
2014-01-30 13:00:00,0.5,-0.425,1012.625,98.2,0.2,440,101262.5,272.72499999999997,0.003575112061211648,0.06666666666666667,231.528
2014-01-30 14:00:00,0.7,-1.025,1012.575,97.2,0.6,258,101257.5,272.125,0.0033872211027943405,0.19999999999999998,231.528
2014-01-30 15:00:00,0.1,-0.875,1012.625,97.9,0.5,351,101262.5,272.275,0.003449077338308509,0.16666666666666666,231.528
2014-01-30 16:00:00,0.2,-1.75,1013.05,96.9,0.6,55,101305.0,271.4,0.003200266002630749,0.19999999999999998,211.053
2014-01-30 17:00:00,0.0,-2.475,1012.95,97.6,0.3,0,101295.0,270.67499999999995,0.0030556573556958623,0.09999999999999999,210.935
2014-01-30 18:00:00,0.0,-2.6500000000000004,1012.825,98.6,0.3,0,101282.5,270.5,0.0030475597210619736,0.09999999999999999,210.86
2014-01-30 19:00:00,0.0,-2.525,1013.025,99.0,0.5,0,101302.5,270.625,0.0030878006000330466,0.16666666666666666,208.691
2014-01-30 20:00:00,0.0,-2.55,1013.075,99.6,0.4,0,101307.5,270.59999999999997,0.003100611771498678,0.13333333333333333,208.697
2014-01-30 21:00:00,2.0,-2.475,1013.3,99.8,0.6,0,101330.0,270.67499999999995,0.0031234556446548,0.19999999999999998,208.697
2014-01-30 22:00:00,0.7999999999999999,-2.6,1013.6,100.0,0.6,0,101360.0,270.54999999999995,0.0030999409368249386,0.19999999999999998,212.877
2014-01-30 23:00:00,1.0,-2.8,1013.85,100.0,0.4,0,101385.0,270.34999999999997,0.0030535223825968027,0.13333333333333333,212.877
2014-01-31 00:00:00,0.2,-2.9,1013.975,100.0,0.5,0,101397.5,270.25,0.0030305464412141536,0.16666666666666666,212.877
2014-01-31 01:00:00,0.1,-3.1750000000000003,1014.2,100.0,0.8,0,101420.0,269.97499999999997,0.0029685032468580886,0.26666666666666666,217.279
2014-01-31 02:00:00,0.0,-3.3,1014.1,100.0,0.7,0,101410.0,269.84999999999997,0.0029412643129680827,0.2333333333333333,217.339
2014-01-31 03:00:00,0.0,-3.325,1014.525,100.0,0.9,0,101452.5,269.825,0.0029345554342335416,0.3,217.339
2014-01-31 04:00:00,0.4,-3.275,1014.4,100.0,0.6,0,101440.0,269.875,0.0029458809518819375,0.19999999999999998,224.291
2014-01-31 05:00:00,0.6000000000000001,-3.3,1014.525,100.0,0.6,0,101452.5,269.84999999999997,0.0029400321724757233,0.19999999999999998,224.291
2014-01-31 06:00:00,0.6,-3.3,1014.85,100.0,0.5,0,101485.0,269.84999999999997,0.0029390906437216664,0.16666666666666666,224.291
2014-01-31 07:00:00,0.4,-3.225,1015.2,100.0,0.3,0,101520.0,269.92499999999995,0.002954551138637662,0.09999999999999999,242.193
2014-01-31 08:00:00,0.0,-2.875,1015.5,100.0,0.5,65,101550.0,270.275,0.0030316228398216704,0.16666666666666666,242.166
2014-01-31 09:00:00,0.1,-2.25,1016.2,100.0,0.3,138,101620.0,270.9,0.0031731765079989495,0.09999999999999999,242.273
2014-01-31 10:00:00,1.7,-1.35,1016.475,99.7,0.4,429,101647.5,271.79999999999995,0.003379557300862611,0.13333333333333333,274.856
2014-01-31 11:00:00,0.6,-0.8250000000000001,1016.825,97.7,0.4,424,101682.5,272.325,0.0034403613504736526,0.13333333333333333,274.829
2014-01-31 12:00:00,0.4,-0.4,1016.675,95.1,0.3,562,101667.5,272.75,0.0034547430251101203,0.09999999999999999,274.854
2014-01-31 13:00:00,0.0,-0.35,1016.675,93.7,0.0,550,101667.5,272.79999999999995,0.003416295697580779,0.0,312.085
2014-01-31 14:00:00,0.0,-0.5,1016.875,93.6,0.0,597,101687.5,272.65,0.0033749119011380955,0.0,312.085
2014-01-31 15:00:00,0.7,-1.025,1016.975,94.4,0.0,313,101697.5,272.125,0.0032754139888003086,0.0,312.085
2014-01-31 16:00:00,1.0,-1.325,1017.575,95.3,0.0,86,101757.5,271.825,0.0032328417073405687,0.0,326.349
2014-01-31 17:00:00,0.0,-2.25,1017.675,97.1,0.0,4,101767.5,270.9,0.0030766886190317193,0.0,326.349
2014-01-31 18:00:00,0.0,-2.675,1017.65,97.6,0.0,0,101765.0,270.47499999999997,0.002996785808872332,0.0,326.349
2014-01-31 19:00:00,0.0,-2.775,1017.675,98.6,0.0,0,101767.5,270.375,0.0030050303250907296,0.0,297.305
2014-01-31 20:00:00,0.0,-2.9,1017.925,99.3,0.0,0,101792.5,270.25,0.0029976550722656484,0.0,297.184
2014-01-31 21:00:00,0.0,-3.0,1017.925,99.7,0.0,0,101792.5,270.15,0.0029874336142056133,0.0,297.123
2014-01-31 22:00:00,0.0,-3.1500000000000004,1018.275,99.6,0.0,0,101827.5,270.0,0.00295028618811475,0.0,271.932
2014-01-31 23:00:00,0.0,-3.35,1018.1,99.7,0.0,0,101810.0,269.79999999999995,0.0029100460293715945,0.0,271.932
2014-02-01 00:00:00,0.0,-3.325,1018.125,99.6,0.0,0,101812.5,269.825,0.0029124823892038017,0.0,271.938
2014-02-01 01:00:00,0.0,-3.2,1018.225,99.8,0.0,0,101822.5,269.95,0.0029453641542309286,0.0,262.364
2014-02-01 02:00:00,0.0,-3.1,1018.5,99.9,0.0,0,101850.0,270.04999999999995,0.002969554829970249,0.0,262.364
2014-02-01 03:00:00,0.0,-3.2,1018.35,100.0,0.0,0,101835.0,269.95,0.002950904426756776,0.0,262.364
2014-02-01 04:00:00,0.0,-3.3,1018.225,100.0,0.0,0,101822.5,269.84999999999997,0.0029293487586544557,0.0,246.247
2014-02-01 05:00:00,0.0,-3.7,1018.5,100.0,0.0,0,101850.0,269.45,0.0028423483388409355,0.0,246.247
2014-02-01 06:00:00,0.0,-3.75,1018.35,100.0,0.0,0,101835.0,269.4,0.002832149400407567,0.0,246.247
2014-02-01 07:00:00,0.0,-3.85,1017.975,100.0,0.0,0,101797.5,269.29999999999995,0.0028120553563704288,0.0,258.528
2014-02-01 08:00:00,0.0,-3.925,1017.95,99.9,0.0,3,101795.0,269.22499999999997,0.0027935667393252073,0.0,258.502
2014-02-01 09:00:00,0.0,-1.3,1018.075,99.3,0.0,83,101807.5,271.84999999999997,0.003373058628750922,0.0,258.451
2014-02-01 10:00:00,0.0,-0.425,1018.125,89.8,0.0,394,101812.5,272.72499999999997,0.0032516369621226585,0.0,266.133
2014-02-01 11:00:00,0.0,0.125,1017.925,87.9,0.0,669,101792.5,273.275,0.003313254078525217,0.0,266.191
2014-02-01 12:00:00,0.2,1.5,1017.375,86.8,0.1,1000,101737.5,274.65,0.0036146519633841866,0.03333333333333333,266.191
2014-02-01 13:00:00,0.0,2.225,1016.575,81.8,0.3,1149,101657.5,275.375,0.0035904162867000165,0.09999999999999999,269.052
2014-02-01 14:00:00,0.0,0.775,1016.05,81.9,0.4,1395,101605.0,273.92499999999995,0.003241604046165269,0.13333333333333333,269.052
2014-02-01 15:00:00,0.0,0.725,1016.075,84.0,0.5,532,101607.5,273.875,0.003312672939115996,0.16666666666666666,269.052
2014-02-01 16:00:00,0.0,0.5,1015.725,87.0,0.1,278,101572.5,273.65,0.0033768575315407303,0.03333333333333333,262.094
2014-02-01 17:00:00,0.0,-1.1,1015.25,90.8,0.1,9,101525.0,272.04999999999995,0.00313857795032153,0.03333333333333333,262.094
2014-02-01 18:00:00,0.0,-2.125,1015.275,96.9,0.2,0,101527.5,271.025,0.003106166045591949,0.06666666666666667,262.121
2014-02-01 19:00:00,0.0,-2.525,1014.325,99.0,0.4,0,101432.5,270.625,0.0030838431497286147,0.13333333333333333,266.394
2014-02-01 20:00:00,0.0,-2.55,1014.15,99.5,0.5,0,101415.0,270.59999999999997,0.003094215355786869,0.16666666666666666,266.394
2014-02-01 21:00:00,0.0,-2.35,1014.075,99.7,0.7,0,101407.5,270.79999999999995,0.0031469263527845502,0.2333333333333333,266.394
2014-02-01 22:00:00,0.0,-2.5,1013.975,99.6,0.6,0,101397.5,270.65,0.003109357832636359,0.19999999999999998,257.678
2014-02-01 23:00:00,0.0,-2.35,1013.85,99.6,0.5,0,101385.0,270.79999999999995,0.0031444676425441366,0.16666666666666666,257.678
2014-02-02 00:00:00,0.0,-2.375,1013.525,99.5,0.5,0,101352.5,270.775,0.0031365102781586635,0.16666666666666666,257.678
2014-02-02 01:00:00,0.0,-2.4,1013.4,99.4,0.5,0,101340.0,270.75,0.003127951571879277,0.16666666666666666,238.593
2014-02-02 02:00:00,0.0,-2.35,1013.275,99.4,0.7,0,101327.5,270.79999999999995,0.003139934248629576,0.2333333333333333,238.516
2014-02-02 03:00:00,0.0,-2.45,1012.85,99.1,0.7,0,101285.0,270.7,0.003108675786124015,0.2333333333333333,238.516
2014-02-02 04:00:00,0.0,-2.45,1012.65,99.0,0.6,0,101265.0,270.7,0.0031061522270781692,0.19999999999999998,198.16
2014-02-02 05:00:00,0.0,-2.375,1012.425,98.9,0.6,0,101242.5,270.775,0.003120983917830386,0.19999999999999998,198.16
2014-02-02 06:00:00,0.0,-2.3,1012.025,99.1,0.4,0,101202.5,270.84999999999997,0.003145938334357906,0.13333333333333333,198.16
2014-02-02 07:00:00,0.0,-2.2,1012.425,99.4,0.4,0,101242.5,270.95,0.003177619619276358,0.13333333333333333,237.556
2014-02-02 08:00:00,0.0,-1.825,1012.675,98.0,0.6,44,101267.5,271.325,0.0032199596569647214,0.19999999999999998,237.626
2014-02-02 09:00:00,0.0,-1.025,1012.275,95.2,0.3,167,101227.5,272.125,0.0033185083842441074,0.09999999999999999,237.626
2014-02-02 10:00:00,0.0,0.175,1012.725,91.6,0.2,421,101272.5,273.325,0.003483047654937351,0.06666666666666667,234.47
2014-02-02 11:00:00,0.0,0.6,1012.6,87.5,0.2,507,101260.0,273.75,0.0034314454722306357,0.06666666666666667,234.47
2014-02-02 12:00:00,0.0,1.45,1012.025,87.7,0.4,922,101202.5,274.59999999999997,0.0036583000921046136,0.13333333333333333,234.496
2014-02-02 13:00:00,0.0,1.325,1011.525,83.0,0.3,714,101152.5,274.47499999999997,0.0034330295702173818,0.09999999999999999,270.25
2014-02-02 14:00:00,0.0,1.225,1011.075,87.8,0.3,600,101107.5,274.375,0.0036071851090523823,0.09999999999999999,270.25
2014-02-02 15:00:00,0.0,0.175,1011.325,87.8,0.3,167,101132.5,273.325,0.003343176047757147,0.09999999999999999,270.25
2014-02-02 16:00:00,2.3,-0.675,1011.35,92.6,0.5,3,101135.0,272.47499999999997,0.003314528640268994,0.16666666666666666,253.819
2014-02-02 17:00:00,1.9,-1.15,1010.95,98.0,0.5,0,101095.0,272.0,0.0033894250857469084,0.16666666666666666,253.819
2014-02-02 18:00:00,1.2,-1.35,1011.375,99.7,0.5,0,101137.5,271.79999999999995,0.003396599191589986,0.16666666666666666,253.819
2014-02-02 19:00:00,1.0,-1.925,1011.075,100.0,0.5,0,101107.5,271.22499999999997,0.003266708906333564,0.16666666666666666,250.39
2014-02-02 20:00:00,0.9,-2.575,1010.675,100.0,0.5,0,101067.5,270.575,0.0031146797305930786,0.16666666666666666,250.39
2014-02-02 21:00:00,0.4,-2.5,1010.8,100.0,0.4,0,101080.0,270.65,0.003131651167737284,0.13333333333333333,250.39
2014-02-02 22:00:00,0.0,-2.875,1011.225,100.0,0.7,0,101122.5,270.275,0.0030444391642205307,0.2333333333333333,242.187
2014-02-02 23:00:00,0.2,-3.275,1011.8,100.0,1.0,0,101180.0,269.875,0.002953450916771138,0.3333333333333333,242.187
2014-02-03 00:00:00,0.0,-3.675,1012.2,100.0,0.6,0,101220.0,269.47499999999997,0.0028653936949048176,0.19999999999999998,242.213
2014-02-03 01:00:00,0.0,-3.825,1012.075,100.0,0.3,0,101207.5,269.325,0.0028337504209922136,0.09999999999999999,250.97
2014-02-03 02:00:00,1.1,-3.8,1012.35,99.7,0.3,0,101235.0,269.34999999999997,0.0028297750488675225,0.09999999999999999,250.97
2014-02-03 03:00:00,1.8,-3.775,1012.475,99.6,0.2,0,101247.5,269.375,0.002831883931273257,0.06666666666666667,250.97
2014-02-03 04:00:00,0.3,-3.925,1012.55,99.7,0.6,0,101255.0,269.22499999999997,0.002802842473612032,0.19999999999999998,243.716
2014-02-03 05:00:00,0.1,-4.225,1012.825,99.9,0.6,0,101282.5,268.92499999999995,0.0027451868468241964,0.19999999999999998,243.716
2014-02-03 06:00:00,0.2,-4.425000000000001,1012.975,99.9,0.4,0,101297.5,268.72499999999997,0.0027037996624311076,0.13333333333333333,243.716
2014-02-03 07:00:00,0.6000000000000001,-4.65,1013.45,99.7,0.3,0,101345.0,268.5,0.0026517817715440485,0.09999999999999999,258.495
2014-02-03 08:00:00,0.3,-4.75,1014.05,99.6,0.4,33,101405.0,268.4,0.002627653581337764,0.13333333333333333,258.495
2014-02-03 09:00:00,0.1,-4.2,1014.525,99.4,0.4,283,101452.5,268.95,0.00273199772043171,0.13333333333333333,258.492
2014-02-03 10:00:00,0.6,-4.025,1015.0,98.4,0.6,300,101500.0,269.125,0.0027390001940243653,0.19999999999999998,281.057
2014-02-03 11:00:00,0.5,-3.55,1014.925,97.5,0.5,424,101492.5,269.59999999999997,0.00281242051982277,0.16666666666666666,281.117
2014-02-03 12:00:00,1.3,-3.4,1014.525,96.4,0.8,384,101452.5,269.75,0.002813125093814133,0.26666666666666666,281.117
2014-02-03 13:00:00,0.2,-3.35,1013.85,95.6,0.6,473,101385.0,269.79999999999995,0.002802072219076798,0.19999999999999998,292.074
2014-02-03 14:00:00,0.0,-2.9,1013.55,94.9,0.7,826,101355.0,270.25,0.0028771945271726953,0.2333333333333333,292.074
2014-02-03 15:00:00,0.1,-3.275,1013.9,90.4,0.6,355,101390.0,269.875,0.002664389664050193,0.19999999999999998,292.054
2014-02-03 16:00:00,0.0,-3.85,1014.175,92.2,0.4,83,101417.5,269.29999999999995,0.0026024296510877257,0.13333333333333333,226.688
2014-02-03 17:00:00,0.0,-4.325,1014.1,94.8,0.5,0,101410.0,268.825,0.0025822792859855814,0.16666666666666666,226.667
2014-02-03 18:00:00,1.4,-4.425000000000001,1014.35,97.0,0.4,0,101435.0,268.72499999999997,0.0026217522487831314,0.13333333333333333,226.667
2014-02-03 19:00:00,2.2,-4.6,1014.575,98.2,0.4,0,101457.5,268.54999999999995,0.0026188441672079675,0.13333333333333333,229.057
2014-02-03 20:00:00,0.1,-4.7,1014.8,98.7,0.2,0,101480.0,268.45,0.0026118220379364315,0.06666666666666667,229.057
2014-02-03 21:00:00,0.3,-4.825,1015.0,99.1,0.3,0,101500.0,268.325,0.002597265478888713,0.09999999999999999,229.036
2014-02-03 22:00:00,0.0,-5.1,1014.875,99.3,0.1,0,101487.5,268.04999999999995,0.002549261295928093,0.03333333333333333,290.236
2014-02-03 23:00:00,0.0,-5.8500000000000005,1015.375,99.2,0.2,0,101537.5,267.29999999999995,0.002404509151302617,0.06666666666666667,290.231
2014-02-04 00:00:00,0.0,-5.8,1015.6,99.0,0.2,0,101560.0,267.34999999999997,0.0024082839010748287,0.06666666666666667,290.231
2014-02-04 01:00:00,0.0,-5.625,1015.5,98.8,0.2,0,101550.0,267.525,0.002435878109143879,0.06666666666666667,269.92
2014-02-04 02:00:00,0.0,-6.0,1015.5,98.6,0.4,0,101550.0,267.15,0.0023625019845027414,0.13333333333333333,269.92
2014-02-04 03:00:00,0.0,-5.9,1015.75,98.5,0.1,0,101575.0,267.25,0.0023775846051898694,0.03333333333333333,269.92
2014-02-04 04:00:00,0.0,-5.8,1015.8,98.5,0.3,0,101580.0,267.34999999999997,0.0023956490808683625,0.09999999999999999,268.906
2014-02-04 05:00:00,0.0,-5.875,1015.975,98.5,0.1,0,101597.5,267.275,0.0023815911103028096,0.03333333333333333,268.906
2014-02-04 06:00:00,0.0,-5.875,1016.125,98.7,0.3,0,101612.5,267.275,0.002386074544839717,0.09999999999999999,268.906
2014-02-04 07:00:00,0.0,-6.2,1016.025,98.4,0.2,0,101602.5,266.95,0.002320784177286264,0.06666666666666667,263.971
2014-02-04 08:00:00,0.8,-6.05,1016.75,97.8,0.2,23,101675.0,267.09999999999997,0.0023315413908486173,0.06666666666666667,264.056
2014-02-04 09:00:00,0.1,-5.1,1017.0,97.4,0.2,306,101700.0,268.04999999999995,0.002495259181234911,0.06666666666666667,264.056
2014-02-04 10:00:00,0.1,-4.025,1017.375,94.5,0.4,631,101737.5,269.125,0.002624301652190867,0.13333333333333333,265.362
2014-02-04 11:00:00,0.0,-3.6,1017.525,90.1,0.5,715,101752.5,269.54999999999995,0.002582653952131256,0.16666666666666666,265.362
2014-02-04 12:00:00,0.0,-3.525,1017.225,87.3,0.4,654,101722.5,269.625,0.0025172021584002574,0.13333333333333333,265.427
2014-02-04 13:00:00,1.4,-3.775,1016.95,88.5,0.4,531,101695.0,269.375,0.002505209726989539,0.13333333333333333,261.305
2014-02-04 14:00:00,0.1,-3.975,1016.5,91.5,0.7,340,101650.0,269.17499999999995,0.0025527339795750406,0.2333333333333333,261.305
2014-02-04 15:00:00,0.2,-4.175,1016.475,94.2,0.4,185,101647.5,268.97499999999997,0.002588967508694678,0.13333333333333333,261.368
2014-02-04 16:00:00,0.1,-4.5,1016.575,95.2,0.5,119,101657.5,268.65,0.002553010175340323,0.16666666666666666,226.34
2014-02-04 17:00:00,0.0,-4.925,1016.95,95.7,0.5,0,101695.0,268.22499999999997,0.002484502571411281,0.16666666666666666,226.259
2014-02-04 18:00:00,0.4,-5.0,1016.8,97.2,0.1,0,101680.0,268.15,0.0025095440413696194,0.03333333333333333,226.318
2014-02-04 19:00:00,0.4,-5.1,1016.775,98.3,0.1,0,101677.5,268.04999999999995,0.002518873263763745,0.03333333333333333,201.643
2014-02-04 20:00:00,0.3999999999999999,-5.425,1017.125,98.5,0.2,0,101712.5,267.72499999999997,0.002461725222546946,0.06666666666666667,201.643
2014-02-04 21:00:00,0.4,-6.625,1017.7,98.5,0.3,0,101770.0,266.525,0.0022450816765610367,0.09999999999999999,201.643
2014-02-04 22:00:00,0.1,-7.45,1017.75,98.0,0.4,0,101775.0,265.7,0.0020961858230118483,0.13333333333333333,202.369
2014-02-04 23:00:00,0.0,-8.025,1018.125,97.2,0.3,0,101812.5,265.125,0.0019878319479377632,0.09999999999999999,202.369
2014-02-05 00:00:00,0.0,-8.5,1018.3,96.7,0.3,0,101830.0,264.65,0.0019055720143479587,0.09999999999999999,202.369
2014-02-05 01:00:00,0.0,-8.575,1018.35,96.4,0.1,0,101835.0,264.575,0.001888495968337965,0.03333333333333333,204.093
2014-02-05 02:00:00,0.0,-9.275,1018.4,93.7,0.2,0,101840.0,263.875,0.0017377442572470683,0.06666666666666667,204.093
2014-02-05 03:00:00,0.0,-10.1,1018.6,92.4,0.3,0,101860.0,263.04999999999995,0.0016055860035124189,0.09999999999999999,204.093
2014-02-05 04:00:00,0.0,-10.4,1018.5,91.2,0.3,0,101850.0,262.75,0.001547730234475148,0.09999999999999999,202.277
2014-02-05 05:00:00,0.0,-10.75,1018.4,90.2,0.3,0,101840.0,262.4,0.0014890007697273364,0.09999999999999999,202.277
2014-02-05 06:00:00,0.0,-11.325,1018.425,89.1,0.4,0,101842.5,261.825,0.0014049873031521628,0.13333333333333333,202.277
2014-02-05 07:00:00,0.0,-12.15,1018.65,89.4,0.2,0,101865.0,261.0,0.0013192764777361498,0.06666666666666667,240.223
2014-02-05 08:00:00,0.0,-11.525,1018.45,91.5,0.2,2,101845.0,261.625,0.0014199275575686907,0.06666666666666667,240.365
2014-02-05 09:00:00,0.1,-9.375,1018.65,87.3,0.1,100,101865.0,263.775,0.0016060031507365217,0.03333333333333333,240.426
2014-02-05 10:00:00,0.0,-9.5,1018.775,76.9,0.4,687,101877.5,263.65,0.0014006889424193123,0.13333333333333333,269.083
2014-02-05 11:00:00,0.0,-8.525,1018.5,74.2,0.4,1956,101850.0,264.625,0.0014590544777702105,0.13333333333333333,269.07
2014-02-05 12:00:00,0.0,-7.675,1018.45,70.3,0.4,2002,101845.0,265.47499999999997,0.0014767521723278883,0.13333333333333333,269.07
2014-02-05 13:00:00,0.4,-7.525,1017.375,67.5,0.6,1238,101737.5,265.625,0.0014359903568919902,0.19999999999999998,305.337
2014-02-05 14:00:00,0.0,-7.775,1017.025,72.6,0.6,1175,101702.5,265.375,0.0015154289022306993,0.19999999999999998,305.337
2014-02-05 15:00:00,0.0,-9.0,1016.875,76.7,0.3,127,101687.5,264.15,0.001455620483553755,0.09999999999999999,305.342
2014-02-05 16:00:00,0.0,-9.9,1016.375,81.3,0.1,8,101637.5,263.25,0.0014383227550187818,0.03333333333333333,273.732
2014-02-05 17:00:00,0.0,-11.025,1015.95,86.2,0.2,0,101595.0,262.125,0.001395547758569583,0.06666666666666667,273.654
2014-02-05 18:00:00,0.0,-11.425,1015.85,87.8,0.2,0,101585.0,261.72499999999997,0.001376958029020703,0.06666666666666667,273.611
2014-02-05 19:00:00,0.0,-12.025,1015.575,89.3,0.2,0,101557.5,261.125,0.001335132758706288,0.06666666666666667,227.684
2014-02-05 20:00:00,0.0,-12.3,1015.175,86.8,0.2,0,101517.5,260.84999999999997,0.0012698775045185252,0.06666666666666667,227.676
2014-02-05 21:00:00,0.0,-11.55,1014.8,87.4,0.3,0,101480.0,261.59999999999997,0.0013584622408610416,0.09999999999999999,227.69
2014-02-05 22:00:00,0.0,-11.025,1014.55,82.0,0.7,0,101455.0,262.125,0.0013293831493777024,0.2333333333333333,216.081
2014-02-05 23:00:00,0.0,-10.725,1013.95,83.3,1.0,0,101395.0,262.42499999999995,0.0013838769904217939,0.3333333333333333,216.081
2014-02-06 00:00:00,0.0,-10.6,1013.55,84.3,0.8,0,101355.0,262.54999999999995,0.0014150112820600215,0.26666666666666666,216.081
2014-02-06 01:00:00,0.0,-10.525,1012.525,89.7,0.8,0,101252.5,262.625,0.0015161670785009684,0.26666666666666666,212.758
2014-02-06 02:00:00,0.0,-9.725,1012.2,91.3,0.9,0,101220.0,263.42499999999995,0.0016444182792482633,0.3,212.758
2014-02-06 03:00:00,0.0,-9.5,1011.425,91.6,0.7,0,101142.5,263.65,0.0016805654430882987,0.2333333333333333,212.758
2014-02-06 04:00:00,0.0,-8.825,1010.9,89.2,0.9,0,101090.0,264.325,0.001726311785016711,0.3,206.113
2014-02-06 05:00:00,0.1,-8.825,1010.475,88.5,0.6,0,101047.5,264.325,0.0017134848741650417,0.19999999999999998,206.113
2014-02-06 06:00:00,0.0,-8.125,1009.575,87.9,0.6,0,100957.5,265.025,0.001798843396164255,0.19999999999999998,206.113
2014-02-06 07:00:00,0.0,-8.325000000000001,1009.15,92.3,0.7,0,100915.0,264.825,0.0018605338476147789,0.2333333333333333,213.365
2014-02-06 08:00:00,0.0,-7.899999999999999,1008.825,93.7,0.9,2,100882.5,265.25,0.0019527584500982353,0.3,213.446
2014-02-06 09:00:00,0.0,-7.2,1008.25,93.7,1.0,105,100825.0,265.95,0.0020624874549023866,0.3333333333333333,213.387
2014-02-06 10:00:00,0.1,-6.35,1008.1,94.2,0.8,314,100810.0,266.79999999999995,0.002213658587967799,0.26666666666666666,229.37
2014-02-06 11:00:00,0.2,-5.725,1007.425,93.7,0.8,302,100742.5,267.42499999999995,0.0023110091785390127,0.26666666666666666,229.431
2014-02-06 12:00:00,0.8,-4.375,1006.625,94.6,0.8,338,100662.5,268.775,0.0025862200161987413,0.26666666666666666,229.494
2014-02-06 13:00:00,0.8,-3.85,1005.125,94.7,0.9,171,100512.5,269.29999999999995,0.0026970617014569574,0.3,232.495
2014-02-06 14:00:00,1.9,-3.9,1004.3,96.1,0.8,23,100430.0,269.25,0.0027289385769417446,0.26666666666666666,232.495
2014-02-06 15:00:00,5.4,-3.775,1003.8,97.6,0.7,2,100380.0,269.375,0.002799000947920302,0.2333333333333333,232.495
2014-02-06 16:00:00,4.6,-3.825,1003.125,98.2,0.8,0,100312.5,269.325,0.002807570875109116,0.26666666666666666,217.064
2014-02-06 17:00:00,2.7,-2.975,1002.775,98.7,0.7,0,100277.5,270.17499999999995,0.003007738800356276,0.2333333333333333,216.973
2014-02-06 18:00:00,2.6,-2.275,1002.925,99.7,1.0,0,100292.5,270.875,0.0031996125446690886,0.3333333333333333,216.855
2014-02-06 19:00:00,2.1,-2.85,1003.575,99.6,0.9,0,100357.5,270.29999999999995,0.0030610564715805163,0.3,208.407
2014-02-06 20:00:00,0.6000000000000001,-3.1,1003.85,99.9,1.7,0,100385.0,270.04999999999995,0.0030128919602776297,0.5666666666666667,208.46
2014-02-06 21:00:00,0.9,-3.3,1003.225,99.9,1.4,0,100322.5,269.84999999999997,0.002970174590586511,0.4666666666666666,208.4
2014-02-06 22:00:00,0.5,-3.35,1003.65,100.0,1.3,0,100365.0,269.79999999999995,0.0029608257468097215,0.43333333333333335,207.733
2014-02-06 23:00:00,0.9,-3.325,1003.85,100.0,1.5,0,100385.0,269.825,0.002965761669488254,0.5,207.733
2014-02-07 00:00:00,1.7,-3.425,1004.7,100.0,1.5,0,100470.0,269.72499999999997,0.0029412227888537296,0.5,207.793
2014-02-07 01:00:00,1.1,-3.925,1005.5,99.8,2.1,0,100550.0,269.22499999999997,0.0028253254146951554,0.7000000000000001,208.039
2014-02-07 02:00:00,1.9,-4.175,1005.875,99.5,1.8,0,100587.5,268.97499999999997,0.002763449072852428,0.6,208.039
2014-02-07 03:00:00,0.4,-4.7,1006.525,99.3,1.5,0,100652.5,268.45,0.002649302626672215,0.5,208.093
2014-02-07 04:00:00,0.0,-5.175,1006.85,98.9,2.0,0,100685.0,267.97499999999997,0.0025447348559642555,0.6666666666666666,209.085
2014-02-07 05:00:00,0.1,-5.2,1006.775,98.6,1.3,0,100677.5,267.95,0.00253240379796126,0.43333333333333335,209.085
2014-02-07 06:00:00,0.3,-5.3,1007.225,98.7,0.9,0,100722.5,267.84999999999997,0.0025147056865440173,0.3,209.148
2014-02-07 07:00:00,2.1,-5.3,1007.55,98.7,0.4,0,100755.0,267.84999999999997,0.0025138945314170987,0.13333333333333333,220.595
2014-02-07 08:00:00,1.5,-5.05,1007.825,98.8,0.1,0,100782.5,268.09999999999997,0.0025638525113627275,0.03333333333333333,220.713
2014-02-07 09:00:00,1.1,-4.05,1007.85,99.0,0.4,64,100785.0,269.09999999999997,0.00277005011003601,0.13333333333333333,220.788
2014-02-07 10:00:00,1.1,-3.5,1007.525,99.2,0.2,207,100752.5,269.65,0.0028932624668514136,0.06666666666666667,227.514
2014-02-07 11:00:00,1.7000000000000002,-3.3,1007.275,98.8,0.4,225,100727.5,269.84999999999997,0.002925659135889962,0.13333333333333333,227.508
2014-02-07 12:00:00,1.4,-2.825,1006.425,98.5,0.5,243,100642.5,270.325,0.003024288536667185,0.16666666666666666,227.568
2014-02-07 13:00:00,1.5,-2.075,1005.175,98.9,0.6,300,100517.5,271.075,0.003213975028654141,0.19999999999999998,230.242
2014-02-07 14:00:00,2.0,-1.675,1004.7,99.1,0.5,155,100470.0,271.47499999999997,0.0033183919749084495,0.16666666666666666,230.242
2014-02-07 15:00:00,4.1,-1.4249999999999998,1004.225,99.4,0.5,30,100422.5,271.72499999999997,0.0033917660941997084,0.16666666666666666,230.242
2014-02-07 16:00:00,2.9,-1.2,1003.325,99.9,0.6,0,100332.5,271.95,0.0034686654120286296,0.19999999999999998,217.85
2014-02-07 17:00:00,4.5,-1.025,1002.525,100.0,0.6,0,100252.5,272.125,0.003519729358433719,0.19999999999999998,217.795
2014-02-07 18:00:00,3.9,-0.775,1001.825,100.0,0.5,0,100182.5,272.375,0.0035871539747437797,0.16666666666666666,217.593
2014-02-07 19:00:00,3.1,-0.6499999999999999,1001.05,100.0,0.6,0,100105.0,272.5,0.0036228360971707185,0.19999999999999998,209.178
2014-02-07 20:00:00,5.1000000000000005,-0.6749999999999999,1001.025,100.0,0.1,0,100102.5,272.47499999999997,0.0036163240889061144,0.03333333333333333,209.184
2014-02-07 21:00:00,2.2,-0.375,1002.075,100.0,0.0,0,100207.5,272.775,0.0036923898266948128,0.0,209.164
2014-02-07 22:00:00,2.1,-0.375,1003.65,100.0,0.0,0,100365.0,272.775,0.003686595462148363,0.0,206.195
2014-02-07 23:00:00,2.2,-0.425,1004.75,100.0,0.0,0,100475.0,272.72499999999997,0.0036691781765579327,0.0,206.135
2014-02-08 00:00:00,2.2,-0.3,1006.225,100.0,0.0,0,100622.5,272.84999999999997,0.0036972846323699675,0.0,206.14
2014-02-08 01:00:00,2.9000000000000004,-0.325,1007.325,100.0,0.0,0,100732.5,272.825,0.003686535895713894,0.0,205.506
2014-02-08 02:00:00,2.8,-0.325,1007.875,100.0,0.0,0,100787.5,272.825,0.00368452414351978,0.0,205.506
2014-02-08 03:00:00,4.0,-0.575,1008.825,100.0,0.0,0,100882.5,272.575,0.003614632975678632,0.0,205.506
2014-02-08 04:00:00,3.0,-0.95,1009.1,100.0,0.0,0,100910.0,272.2,0.0035160352018623166,0.0,200.031
2014-02-08 05:00:00,3.1,-1.1,1009.725,100.0,0.0,0,100972.5,272.04999999999995,0.003475497334745517,0.0,200.031
2014-02-08 06:00:00,1.8,-1.2,1009.75,100.0,0.0,0,100975.0,271.95,0.0034500444733157267,0.0,200.031
2014-02-08 07:00:00,1.8,-1.2,1009.95,100.0,0.0,0,100995.0,271.95,0.003449361262369974,0.0,229.172
2014-02-08 08:00:00,1.9,-0.925,1010.125,100.0,0.0,3,101012.5,272.22499999999997,0.0035188948228851726,0.0,229.247
2014-02-08 09:00:00,1.8,-0.275,1010.175,100.0,0.0,86,101017.5,272.875,0.003689530626922829,0.0,229.247
2014-02-08 10:00:00,3.0,-0.15,1010.775,100.0,0.0,80,101077.5,273.0,0.0037209989371094145,0.0,239.214
2014-02-08 11:00:00,2.5,-0.1,1010.9,100.0,0.0,114,101090.0,273.04999999999995,0.0037340766359756357,0.0,239.268
2014-02-08 12:00:00,1.5,-0.025,1009.225,100.0,0.0,123,100922.5,273.125,0.003760696511148106,0.0,239.289
2014-02-08 13:00:00,1.7,0.125,1007.875,100.0,0.0,184,100787.5,273.275,0.0038069307252968547,0.0,247.627
2014-02-08 14:00:00,0.4,0.575,1006.7,100.0,0.3,239,100670.0,273.72499999999997,0.003937520323030038,0.09999999999999999,247.627
2014-02-08 15:00:00,0.2,0.775,1006.2,100.0,0.9,206,100620.0,273.92499999999995,0.003996748597166701,0.3,247.627
2014-02-08 16:00:00,0.1,0.9,1006.3,100.0,0.9,27,100630.0,274.04999999999995,0.00403251627492648,0.3,217.15
2014-02-08 17:00:00,0.2,0.8,1006.55,100.0,0.9,3,100655.0,273.95,0.004002566929571681,0.3,217.155
2014-02-08 18:00:00,0.0,2.175,1006.625,100.0,1.0,0,100662.5,275.325,0.004416879392310982,0.3333333333333333,217.017
2014-02-08 19:00:00,0.3,2.6,1007.2,100.0,0.8,0,100720.0,275.75,0.004549909098231346,0.26666666666666666,200.45
2014-02-08 20:00:00,0.6000000000000001,3.525,1007.65,100.0,1.2,0,100765.0,276.67499999999995,0.004855576875487751,0.39999999999999997,200.386
2014-02-08 21:00:00,1.7,3.1,1008.475,100.0,1.6,0,100847.5,276.25,0.004708130518697858,0.5333333333333333,200.386
2014-02-08 22:00:00,2.5,2.475,1010.225,100.0,1.2,0,101022.5,275.625,0.004496159896636829,0.39999999999999997,194.515
2014-02-08 23:00:00,3.2,2.7,1011.95,100.0,1.4,0,101195.0,275.84999999999997,0.004560825157496209,0.4666666666666666,194.515
2014-02-09 00:00:00,3.9,2.4,1012.775,100.0,1.8,0,101277.5,275.54999999999995,0.004460975698032733,0.6,194.515
2014-02-09 01:00:00,2.7,2.0,1013.8,100.0,1.8,0,101380.0,275.15,0.004331209009049571,0.6,190.462
2014-02-09 02:00:00,2.6,1.575,1014.55,100.0,1.8,0,101455.0,274.72499999999997,0.004198444824482815,0.6,190.462
2014-02-09 03:00:00,1.6,1.375,1014.675,100.0,1.4,0,101467.5,274.525,0.004138162595914715,0.4666666666666666,190.402
2014-02-09 04:00:00,1.4,1.25,1014.725,100.0,1.4,0,101472.5,274.4,0.00410099142351133,0.4666666666666666,206.188
2014-02-09 05:00:00,1.2,1.0,1014.9,100.0,1.2,0,101490.0,274.15,0.004027239283848777,0.39999999999999997,206.188
2014-02-09 06:00:00,0.8,1.1,1015.025,100.0,1.1,0,101502.5,274.25,0.004055818171602081,0.3666666666666667,206.188
2014-02-09 07:00:00,0.7000000000000001,0.925,1015.55,100.0,1.0,0,101555.0,274.075,0.004002988130014225,0.3333333333333333,212.935
2014-02-09 08:00:00,0.8,1.05,1015.6,100.0,1.0,31,101560.0,274.2,0.004038969546237901,0.3333333333333333,213.059
2014-02-09 09:00:00,1.3,1.375,1015.675,100.0,0.8,253,101567.5,274.525,0.00413408829793956,0.26666666666666666,213.074
2014-02-09 10:00:00,0.3999999999999999,1.7999999999999998,1015.95,100.0,0.9,401,101595.0,274.95,0.0042607225146035245,0.3,227.635
2014-02-09 11:00:00,1.7000000000000002,1.85,1016.15,100.0,0.7,439,101615.0,275.0,0.004275138347885628,0.2333333333333333,227.602
2014-02-09 12:00:00,0.5,2.525,1015.95,100.0,0.7,796,101595.0,275.67499999999995,0.004486745401277402,0.2333333333333333,227.657
2014-02-09 13:00:00,0.0,3.725,1015.15,100.0,0.8,1338,101515.0,276.875,0.004888097197003942,0.26666666666666666,235.252
2014-02-09 14:00:00,0.1,3.45,1014.975,98.8,0.9,1010,101497.5,276.59999999999997,0.004737560531460448,0.3,235.252
2014-02-09 15:00:00,0.1,3.525,1015.2,97.9,0.8,750,101520.0,276.67499999999995,0.004718257363844507,0.26666666666666666,235.246
2014-02-09 16:00:00,0.0,2.925,1015.35,96.7,0.7,238,101535.0,276.075,0.004466250935034762,0.2333333333333333,236.21
2014-02-09 17:00:00,0.0,1.675,1015.2,97.6,0.2,31,101520.0,274.825,0.004124487588458269,0.06666666666666667,236.066
2014-02-09 18:00:00,0.3,0.4,1015.7,99.2,0.3,0,101570.0,273.54999999999995,0.0038227502906381977,0.09999999999999999,236.052
2014-02-09 19:00:00,0.1,0.225,1015.9,100.0,0.6,0,101590.0,273.375,0.003804325732615551,0.19999999999999998,260.593
2014-02-09 20:00:00,0.1,0.775,1016.45,100.0,0.6,0,101645.0,273.92499999999995,0.003956444919542658,0.19999999999999998,260.593
2014-02-09 21:00:00,0.0,1.0,1016.6,100.0,0.4,0,101660.0,274.15,0.004020504769996188,0.13333333333333333,260.593
2014-02-09 22:00:00,0.0,0.225,1017.025,100.0,0.4,0,101702.5,273.375,0.0038001175111370307,0.13333333333333333,260.718
2014-02-09 23:00:00,0.0,-0.1,1017.275,100.0,0.4,0,101727.5,273.04999999999995,0.0037106761409724707,0.13333333333333333,260.739
2014-02-10 00:00:00,0.0,-0.175,1017.25,100.0,0.4,0,101725.0,272.97499999999997,0.003690603618694043,0.13333333333333333,260.739
2014-02-10 01:00:00,0.0,-0.075,1017.675,100.0,0.4,0,101767.5,273.075,0.0037159577498722157,0.13333333333333333,286.907
2014-02-10 02:00:00,0.0,0.65,1018.125,100.0,0.4,0,101812.5,273.79999999999995,0.003914475497736754,0.13333333333333333,286.97
2014-02-10 03:00:00,0.0,0.85,1018.525,100.0,0.4,0,101852.5,274.0,0.003969788831734583,0.13333333333333333,286.995
2014-02-10 04:00:00,0.0,0.95,1018.6,100.0,0.2,0,101860.0,274.09999999999997,0.0039981933480331055,0.06666666666666667,294.274
2014-02-10 05:00:00,0.0,0.85,1018.975,100.0,0.3,0,101897.5,274.0,0.0039680356925758395,0.09999999999999999,294.274
2014-02-10 06:00:00,0.0,1.325,1019.525,100.0,0.2,0,101952.5,274.47499999999997,0.004103724461827561,0.06666666666666667,294.274
2014-02-10 07:00:00,0.0,1.55,1019.75,100.0,0.5,0,101975.0,274.7,0.004169560914226766,0.16666666666666666,264.894
2014-02-10 08:00:00,0.1,1.4,1020.1,100.0,0.6,59,102010.0,274.54999999999995,0.004123545053749842,0.19999999999999998,264.955
2014-02-10 09:00:00,0.1,1.8,1020.3,100.0,0.2,150,102030.0,274.95,0.004242557128992895,0.06666666666666667,265.03
2014-02-10 10:00:00,0.5,2.225,1020.825,99.8,0.3,189,102082.5,275.375,0.004362246176646118,0.09999999999999999,265.553
2014-02-10 11:00:00,0.4,2.35,1021.45,98.9,0.9,182,102145.0,275.5,0.0043588962967385835,0.3,265.553
2014-02-10 12:00:00,2.1,2.45,1020.975,98.6,1.0,228,102097.5,275.59999999999997,0.0043787432437651696,0.3333333333333333,265.553
2014-02-10 13:00:00,2.1,2.7,1021.15,99.4,1.0,232,102115.0,275.84999999999997,0.004492616222905076,0.3333333333333333,268.905
2014-02-10 14:00:00,0.4,2.775,1020.95,99.8,1.1,186,102095.0,275.92499999999995,0.004535654168682735,0.3666666666666667,268.905
2014-02-10 15:00:00,3.4,2.85,1020.775,100.0,1.0,56,102077.5,276.0,0.0045697645080280316,0.3333333333333333,268.845
2014-02-10 16:00:00,2.4,2.525,1020.825,100.0,1.0,2,102082.5,275.67499999999995,0.004465318727918866,0.3333333333333333,256.929
2014-02-10 17:00:00,1.0,2.375,1020.75,100.0,1.0,0,102075.0,275.525,0.004418255063170593,0.3333333333333333,256.869
2014-02-10 18:00:00,1.8,2.15,1020.975,100.0,1.0,0,102097.5,275.29999999999995,0.004347044353727246,0.3333333333333333,256.79
2014-02-10 19:00:00,0.3,1.75,1021.1,100.0,1.3,0,102110.0,274.9,0.0042241007424708744,0.43333333333333335,252.155
2014-02-10 20:00:00,0.0,1.0,1021.0,100.0,1.4,0,102100.0,274.15,0.004003178402720984,0.4666666666666666,252.092
2014-02-10 21:00:00,0.0,0.6499999999999999,1021.225,100.0,1.1,0,102122.5,273.79999999999995,0.0039025928332475533,0.3666666666666667,252.028
2014-02-10 22:00:00,0.0,0.6499999999999999,1021.4,100.0,1.0,0,102140.0,273.79999999999995,0.003901924188499347,0.3333333333333333,248.673
2014-02-10 23:00:00,0.0,0.8500000000000001,1021.425,100.0,0.8,0,102142.5,274.0,0.003958517923335013,0.26666666666666666,248.673
2014-02-11 00:00:00,0.0,0.7,1021.3,100.0,1.0,0,102130.0,273.84999999999997,0.003916412385069767,0.3333333333333333,248.679
2014-02-11 01:00:00,0.0,0.575,1020.9,100.0,0.9,0,102090.0,273.72499999999997,0.0038827521884556176,0.3,239.731
2014-02-11 02:00:00,0.1,0.55,1020.7,99.3,1.1,0,102070.0,273.7,0.003849370865070696,0.3666666666666667,239.731
2014-02-11 03:00:00,0.9,0.275,1020.9,99.0,1.2,0,102090.0,273.42499999999995,0.0037614317140108153,0.39999999999999997,239.785
2014-02-11 04:00:00,1.6,0.1,1020.475,99.5,1.1,0,102047.5,273.25,0.003734351569924289,0.3666666666666667,232.157
2014-02-11 05:00:00,2.3000000000000003,0.075,1020.85,100.0,0.7,0,102085.0,273.22499999999997,0.0037449432470090535,0.2333333333333333,232.165
2014-02-11 06:00:00,1.8,-0.05,1020.725,100.0,0.9,0,102072.5,273.09999999999997,0.003711584987492101,0.3,232.165
2014-02-11 07:00:00,1.0,-0.1,1020.65,100.0,0.9,0,102065.0,273.04999999999995,0.0036984059876625387,0.3,225.983
2014-02-11 08:00:00,0.4,0.025,1020.525,100.0,0.5,26,102052.5,273.17499999999995,0.0037325738211730166,0.16666666666666666,225.95
2014-02-11 09:00:00,0.5,0.275,1020.525,100.0,0.5,193,102052.5,273.42499999999995,0.0038008221029368584,0.16666666666666666,226.005
2014-02-11 10:00:00,0.5,0.625,1020.7,100.0,0.4,321,102070.0,273.775,0.003897559841370122,0.13333333333333333,233.022
2014-02-11 11:00:00,0.3,1.2,1020.625,100.0,0.1,285,102062.5,274.34999999999997,0.004062664774076954,0.03333333333333333,233.022
2014-02-11 12:00:00,0.1,1.4249999999999998,1020.05,99.9,0.5,213,102005.0,274.575,0.004127017791561002,0.16666666666666666,233.083
2014-02-11 13:00:00,0.0,1.7000000000000002,1019.175,99.7,0.1,309,101917.5,274.84999999999997,0.004204315164183991,0.03333333333333333,237.823
2014-02-11 14:00:00,0.0,2.25,1018.6,99.2,0.2,279,101860.0,275.4,0.004353239167202583,0.06666666666666667,237.823
2014-02-11 15:00:00,0.5,1.875,1018.475,98.6,0.1,123,101847.5,275.025,0.004213184756913326,0.03333333333333333,237.823
2014-02-11 16:00:00,0.7000000000000001,1.875,1017.45,99.4,0.2,46,101745.0,275.025,0.004251647698199399,0.06666666666666667,216.23
2014-02-11 17:00:00,0.4,1.425,1016.65,99.6,0.3,0,101665.0,274.575,0.004128384953377784,0.09999999999999999,216.156
2014-02-11 18:00:00,0.2,1.475,1015.8,100.0,0.5,0,101580.0,274.625,0.004163334167945133,0.16666666666666666,216.081
2014-02-11 19:00:00,2.6,1.175,1015.375,100.0,0.5,0,101537.5,274.325,0.004076340650747686,0.16666666666666666,210.448
2014-02-11 20:00:00,2.7,0.625,1014.025,100.0,0.6,0,101402.5,273.775,0.003923216222565009,0.19999999999999998,210.428
2014-02-11 21:00:00,1.8,0.35,1013.5,100.0,0.7,0,101350.0,273.5,0.003847999730255596,0.2333333333333333,210.364
2014-02-11 22:00:00,2.3,0.6,1012.5,100.0,1.0,0,101250.0,273.75,0.0039220392919147706,0.3333333333333333,210.478
2014-02-11 23:00:00,4.1,1.25,1011.825,100.0,1.1,0,101182.5,274.4,0.004112745308944269,0.3666666666666667,210.478
2014-02-12 00:00:00,5.6000000000000005,2.6,1011.6,100.0,1.3,0,101160.0,275.75,0.004530119062612309,0.43333333333333335,210.478
2014-02-12 01:00:00,4.9,3.3,1011.25,100.0,1.8,0,101125.0,276.45,0.004762069253014757,0.6,210.763
2014-02-12 02:00:00,7.4,3.65,1011.55,100.0,1.8,0,101155.0,276.79999999999995,0.004879654155714037,0.6,210.763
2014-02-12 03:00:00,8.5,3.85,1011.275,100.0,1.4,0,101127.5,277.0,0.004950173811448776,0.4666666666666666,210.763
2014-02-12 04:00:00,7.9,3.975,1011.425,100.0,1.2,0,101142.5,277.125,0.004993118162991992,0.39999999999999997,217.011
2014-02-12 05:00:00,6.8,3.95,1011.7,100.0,1.1,0,101170.0,277.09999999999997,0.004983000430104646,0.3666666666666667,217.011
2014-02-12 06:00:00,5.8,3.9,1012.05,100.0,1.0,0,101205.0,277.04999999999995,0.004963802989463688,0.3333333333333333,217.032
2014-02-12 07:00:00,6.0,3.95,1012.175,100.0,1.2,0,101217.5,277.09999999999997,0.004980661975584134,0.39999999999999997,217.354
2014-02-12 08:00:00,6.2,3.95,1012.85,100.0,1.1,0,101285.0,277.09999999999997,0.004977342681677317,0.3666666666666667,217.429
2014-02-12 09:00:00,4.9,4.225,1013.375,100.0,1.1,0,101337.5,277.375,0.005071721609184808,0.3666666666666667,217.507
2014-02-12 10:00:00,5.5,4.3,1013.75,100.0,1.5,25,101375.0,277.45,0.005096567104832144,0.5,227.079
2014-02-12 11:00:00,3.6,4.65,1014.35,100.0,1.1,134,101435.0,277.79999999999995,0.005219833287087144,0.3666666666666667,227.079
2014-02-12 12:00:00,3.2,4.825,1014.675,100.0,1.4,210,101467.5,277.97499999999997,0.005282313699884268,0.4666666666666666,227.073
2014-02-12 13:00:00,3.0,4.95,1014.05,100.0,1.3,211,101405.0,278.09999999999997,0.005331847148797866,0.43333333333333335,229.601
2014-02-12 14:00:00,3.6,5.0,1013.75,100.0,1.2,154,101375.0,278.15,0.0053520417282409225,0.39999999999999997,229.541
2014-02-12 15:00:00,2.9,5.025,1014.025,100.0,0.9,149,101402.5,278.17499999999995,0.005359917639217335,0.3,229.541
2014-02-12 16:00:00,2.8,5.0,1013.8,100.0,0.5,71,101380.0,278.15,0.005351777768794866,0.16666666666666666,225.733
2014-02-12 17:00:00,4.8,4.725,1014.05,100.0,0.4,5,101405.0,277.875,0.005248803395431055,0.13333333333333333,225.61
2014-02-12 18:00:00,2.7,4.675,1014.15,100.0,0.4,0,101415.0,277.825,0.005229989619788988,0.13333333333333333,225.595
2014-02-12 19:00:00,4.5,4.55,1014.275,100.0,0.5,0,101427.5,277.7,0.005183856762824585,0.16666666666666666,213.101
2014-02-12 20:00:00,3.0,5.0,1014.175,100.0,0.7,0,101417.5,278.15,0.005349798902560441,0.2333333333333333,213.08
2014-02-12 21:00:00,5.0,5.05,1013.8,100.0,1.2,0,101380.0,278.2,0.005370451022339817,0.39999999999999997,213.08
2014-02-12 22:00:00,4.3,5.0,1014.15,100.0,1.4,0,101415.0,278.15,0.005349930781446763,0.4666666666666666,207.753
2014-02-12 23:00:00,4.6,4.425,1014.625,100.0,1.2,0,101462.5,277.575,0.005136946242684868,0.39999999999999997,207.753
2014-02-13 00:00:00,1.1,4.35,1014.925,100.0,1.6,0,101492.5,277.5,0.005108529554125094,0.5333333333333333,207.753
2014-02-13 01:00:00,2.6,4.125,1014.775,100.0,1.8,0,101477.5,277.275,0.005029324452776791,0.6,206.826
2014-02-13 02:00:00,3.6,3.775,1014.8,100.0,2.0,0,101480.0,276.92499999999995,0.004907021081130573,0.6666666666666666,206.826
2014-02-13 03:00:00,1.5,3.325,1015.675,100.0,1.8,0,101567.5,276.47499999999997,0.004749701922502052,0.6,206.826
2014-02-13 04:00:00,0.2,2.0,1016.175,100.0,1.6,0,101617.5,275.15,0.004321086125297764,0.5333333333333333,204.129
2014-02-13 05:00:00,0.0,1.25,1017.225,100.0,1.2,0,101722.5,274.4,0.004090912553488692,0.39999999999999997,204.129
2014-02-13 06:00:00,0.2,1.275,1017.175,100.0,0.9,0,101717.5,274.42499999999995,0.0040984658443773865,0.3,204.129
2014-02-13 07:00:00,0.0,1.2,1017.9,100.0,1.1,0,101790.0,274.34999999999997,0.004073540853759987,0.3666666666666667,207.505
2014-02-13 08:00:00,0.0,0.925,1018.6,100.0,0.8,59,101860.0,274.075,0.0039910019589985725,0.26666666666666666,207.624
2014-02-13 09:00:00,0.0,1.15,1019.575,100.0,0.6,151,101957.5,274.29999999999995,0.004052260387188329,0.19999999999999998,207.702
2014-02-13 10:00:00,0.0,1.5499999999999998,1020.05,100.0,0.9,259,102005.0,274.7,0.004168334632893235,0.3,224.34
2014-02-13 11:00:00,0.1,2.325,1020.05,100.0,0.8,822,102005.0,275.47499999999997,0.004405578317771629,0.26666666666666666,224.34
2014-02-13 12:00:00,0.0,2.875,1020.05,99.3,0.7,930,102005.0,276.025,0.004549056328518146,0.2333333333333333,224.302
2014-02-13 13:00:00,0.0,3.525,1019.65,95.4,0.7,1006,101965.0,276.67499999999995,0.004577704923071948,0.2333333333333333,233.091
2014-02-13 14:00:00,0.07,3.775,1018.75,90.1,0.6,917,101875.0,276.92499999999995,0.004404083571839319,0.19999999999999998,233.091
2014-02-13 15:00:00,0.09,3.625,1019.05,88.8,0.6,557,101905.0,276.775,0.004293673418275609,0.19999999999999998,233.155
2014-02-13 16:00:00,0.0,2.275,1018.3,90.4,0.2,182,101830.0,275.42499999999995,0.003975306857685152,0.06666666666666667,222.108
2014-02-13 17:00:00,0.03,1.6,1016.95,95.7,0.4,3,101695.0,274.75,0.004015613930140128,0.13333333333333333,222.05
2014-02-13 18:00:00,0.0,1.825,1016.425,96.1,0.8,0,101642.5,274.97499999999997,0.004099962823174627,0.26666666666666666,221.912
2014-02-13 19:00:00,0.0,1.425,1015.9,95.7,0.5,0,101590.0,274.575,0.003969659811258924,0.16666666666666666,213.877
2014-02-13 20:00:00,0.0,1.85,1015.425,96.9,0.6,0,101542.5,275.0,0.004145566827097676,0.19999999999999998,213.816
2014-02-13 21:00:00,0.0,2.125,1014.625,97.0,0.6,0,101462.5,275.275,0.004235465257770241,0.19999999999999998,213.816
2014-02-13 22:00:00,0.0,2.55,1013.425,97.6,0.6,0,101342.5,275.7,0.004397781829626075,0.19999999999999998,213.479
2014-02-13 23:00:00,0.97,2.4,1012.375,97.1,0.5,0,101237.5,275.54999999999995,0.004333318866388861,0.16666666666666666,213.479
2014-02-14 00:00:00,4.32,2.625,1011.225,99.0,1.2,0,101122.5,275.775,0.004494455440777242,0.39999999999999997,213.479
2014-02-14 01:00:00,4.94,3.35,1010.625,99.7,0.9,0,101062.5,276.5,0.004767524797294637,0.3,214.547
2014-02-14 02:00:00,4.99,4.2,1011.325,99.9,1.7,0,101132.5,277.34999999999997,0.005068028209232063,0.5666666666666667,214.547
2014-02-14 03:00:00,6.75,4.325,1010.5,99.7,1.5,0,101050.0,277.47499999999997,0.005106556653885308,0.5,214.487
2014-02-14 04:00:00,6.22,4.7,1010.45,100.0,1.2,0,101045.0,277.84999999999997,0.005258314971236104,0.39999999999999997,219.818
2014-02-14 05:00:00,7.28,4.575,1010.25,100.0,1.4,0,101025.0,277.72499999999997,0.005213615778129674,0.4666666666666666,219.818
2014-02-14 06:00:00,4.0,4.725,1011.225,100.0,1.5,0,101122.5,277.875,0.005263466669768707,0.5,219.818
2014-02-14 07:00:00,7.8,4.275,1011.2,100.0,2.1,0,101120.0,277.42499999999995,0.005100475896795436,0.7000000000000001,222.49
2014-02-14 08:00:00,6.2,3.5250000000000004,1012.325,100.0,1.5,0,101232.5,276.67499999999995,0.004833153422651057,0.5,222.57
2014-02-14 09:00:00,4.7,2.975,1012.925,100.0,1.5,0,101292.5,276.125,0.004646151829066812,0.5,222.648
2014-02-14 10:00:00,0.9,2.9,1013.375,100.0,1.6,3,101337.5,276.04999999999995,0.004619477591456666,0.5333333333333333,235.485
2014-02-14 11:00:00,0.6000000000000001,2.75,1014.325,100.0,1.7,4,101432.5,275.9,0.004566320915688765,0.5666666666666667,235.505
2014-02-14 12:00:00,0.4,2.25,1014.675,100.0,1.5,76,101467.5,275.4,0.004405321082184021,0.5,235.565
2014-02-14 13:00:00,3.0,1.75,1014.625,100.0,1.8,37,101462.5,274.9,0.004251057551447096,0.6,244.929
2014-02-14 14:00:00,2.2,1.525,1014.5,100.0,1.3,5,101450.0,274.67499999999995,0.004183636645674439,0.43333333333333335,244.929
2014-02-14 15:00:00,4.2,1.15,1015.225,100.0,1.3,0,101522.5,274.29999999999995,0.004069623368482397,0.43333333333333335,244.929
2014-02-14 16:00:00,4.6,0.075,1015.2,100.0,0.8,0,101520.0,273.22499999999997,0.003765785375994082,0.26666666666666666,235.243
2014-02-14 17:00:00,4.6,-0.1,1015.675,100.0,0.0,0,101567.5,273.04999999999995,0.00371652159530142,0.0,235.249
2014-02-14 18:00:00,1.9,-0.1,1015.325,100.0,0.0,0,101532.5,273.04999999999995,0.0037178027442521066,0.0,235.174
2014-02-14 19:00:00,2.0,-0.15,1015.4,100.0,0.0,0,101540.0,273.0,0.0037040503256418836,0.0,241.219
2014-02-14 20:00:00,0.7,-0.2,1014.8,100.0,0.0,0,101480.0,272.95,0.003692797942130645,0.0,241.225
2014-02-14 21:00:00,0.5,-0.075,1014.85,100.0,0.0,0,101485.0,273.075,0.003726301722521759,0.0,241.225
2014-02-14 22:00:00,0.4,0.1,1014.125,100.0,0.0,0,101412.5,273.25,0.0037766175071769427,0.0,266.589
2014-02-14 23:00:00,0.1,0.275,1013.875,100.0,0.0,0,101387.5,273.42499999999995,0.003825751672148576,0.0,266.589
2014-02-15 00:00:00,0.5,0.075,1013.3,100.0,0.0,0,101330.0,273.22499999999997,0.0037728464558464347,0.0,266.589
2014-02-15 01:00:00,0.9,0.175,1012.225,100.0,0.0,0,101222.5,273.325,0.003804332036860762,0.0,266.488
2014-02-15 02:00:00,0.7,0.5,1011.575,100.0,0.0,0,101157.5,273.65,0.0038973691205039696,0.0,266.488
2014-02-15 03:00:00,0.5,0.5,1010.45,100.0,0.0,0,101045.0,273.65,0.003901708316169828,0.0,266.493
2014-02-15 04:00:00,2.3,0.775,1009.875,100.0,0.1,0,100987.5,273.92499999999995,0.0039822041722679885,0.03333333333333333,257.052
2014-02-15 05:00:00,2.1,1.85,1009.2,100.0,0.1,0,100920.0,275.0,0.004304579698973425,0.03333333333333333,257.052
2014-02-15 06:00:00,2.5,2.5,1008.55,100.0,0.7,0,100855.0,275.65,0.004511640171407721,0.2333333333333333,257.052
2014-02-15 07:00:00,1.0,2.925,1008.05,100.0,0.6,0,100805.0,276.075,0.004652113964373295,0.19999999999999998,296.385
2014-02-15 08:00:00,2.5,3.125,1007.675,100.0,0.6,6,100767.5,276.275,0.004720209421710618,0.19999999999999998,296.379
2014-02-15 09:00:00,0.8,3.425,1006.475,100.0,0.9,74,100647.5,276.575,0.004827075373251323,0.3,296.399
2014-02-15 10:00:00,0.5,4.075,1005.25,100.0,0.9,190,100525.0,277.22499999999997,0.005059193832918866,0.3,294.714
2014-02-15 11:00:00,0.1,4.425,1004.375,99.6,1.1,287,100437.5,277.575,0.0051686131028333025,0.3666666666666667,294.633
2014-02-15 12:00:00,0.0,5.5,1003.275,99.3,0.7,621,100327.5,278.65,0.005560056042616979,0.2333333333333333,294.633
2014-02-15 13:00:00,0.0,5.475,1002.575,96.6,1.0,505,100257.5,278.625,0.005403269497022745,0.3333333333333333,286.89
2014-02-15 14:00:00,0.5,5.05,1002.075,95.8,0.9,208,100207.5,278.2,0.005205091026217885,0.3,286.89
2014-02-15 15:00:00,0.6000000000000001,5.0,1001.775,95.7,1.3,224,100177.5,278.15,0.0051831300571665824,0.43333333333333335,286.89
2014-02-15 16:00:00,1.6,4.125,1001.05,95.7,1.6,70,100105.0,277.275,0.004879053508355433,0.5333333333333333,276.721
2014-02-15 17:00:00,6.0,3.9,1001.95,98.4,1.5,0,100195.0,277.04999999999995,0.004933618390577313,0.5,276.643
2014-02-15 18:00:00,3.0,2.15,1003.6,99.1,1.9,0,100360.0,275.29999999999995,0.00438250258725115,0.6333333333333333,276.643
2014-02-15 19:00:00,4.4,1.125,1005.025,99.7,2.0,0,100502.5,274.275,0.004091233267024702,0.6666666666666666,275.052
2014-02-15 20:00:00,2.1,0.4,1006.375,100.0,2.0,0,100637.5,273.54999999999995,0.003889285913392062,0.6666666666666666,275.052
2014-02-15 21:00:00,1.7,-0.925,1008.025,100.0,1.6,0,100802.5,272.22499999999997,0.0035262256719494904,0.5333333333333333,275.052
2014-02-15 22:00:00,0.0,-1.8,1008.7,100.0,1.5,0,100870.0,271.34999999999997,0.0033047009661626553,0.5,258.478
2014-02-15 23:00:00,0.0,-1.75,1008.975,100.0,1.5,0,100897.5,271.4,0.0033159866707804984,0.5,258.478
2014-02-16 00:00:00,0.0,-1.85,1009.375,100.0,1.3,0,100937.5,271.29999999999995,0.0032903491817924966,0.43333333333333335,258.478
2014-02-16 01:00:00,5.6,-2.375,1010.0,100.0,1.1,0,101000.0,270.775,0.003163273376457296,0.3666666666666667,205.74
2014-02-16 02:00:00,0.4,-3.05,1011.15,100.0,1.8,0,101115.0,270.09999999999997,0.003005298672243177,0.6,205.74
2014-02-16 03:00:00,0.1,-2.975,1010.725,100.0,1.6,0,101072.5,270.17499999999995,0.003023385011884584,0.5333333333333333,205.753
2014-02-16 04:00:00,0.7000000000000001,-3.1,1010.675,100.0,1.2,0,101067.5,270.04999999999995,0.002995541705729474,0.39999999999999997,216.611
2014-02-16 05:00:00,3.8,-3.1,1011.85,100.0,1.5,0,101185.0,270.04999999999995,0.0029920631649336723,0.5,216.487
2014-02-16 06:00:00,4.5,-2.975,1012.725,100.0,1.3,0,101272.5,270.17499999999995,0.00301741422018519,0.43333333333333335,216.487
2014-02-16 07:00:00,3.3,-3.1500000000000004,1013.75,100.0,1.6,0,101375.0,270.0,0.0029753565861003043,0.5333333333333333,228.535
2014-02-16 08:00:00,1.0,-3.1,1015.55,100.0,1.1,52,101555.0,270.04999999999995,0.0029811620436592354,0.3666666666666667,228.619
2014-02-16 09:00:00,0.3,-3.0,1016.0,100.0,1.4,132,101600.0,270.15,0.0030021001604619455,0.4666666666666666,228.62
2014-02-16 10:00:00,0.1,-2.2,1016.875,100.0,1.4,438,101687.5,270.95,0.003182810735880177,0.4666666666666666,224.202
2014-02-16 11:00:00,0.0,-1.35,1017.725,100.0,0.4,949,101772.5,271.79999999999995,0.0033855631178034556,0.13333333333333333,224.197
2014-02-16 12:00:00,0.1,-0.325,1017.85,100.0,0.5,1439,101785.0,272.825,0.0036484155535196723,0.16666666666666666,224.26
2014-02-16 13:00:00,0.0,-0.175,1017.6,100.0,1.0,867,101760.0,272.97499999999997,0.003689334248345632,0.3333333333333333,222.558
2014-02-16 14:00:00,0.0,-0.15,1016.925,100.0,0.8,809,101692.5,273.0,0.0036984956615844513,0.26666666666666666,222.558
2014-02-16 15:00:00,0.0,-0.075,1016.775,100.0,0.9,625,101677.5,273.075,0.0037192469357539347,0.3,222.558
2014-02-16 16:00:00,0.0,-0.1,1016.975,100.0,1.0,234,101697.5,273.04999999999995,0.0037117707626124243,0.3333333333333333,217.106
2014-02-16 17:00:00,0.2,-0.225,1016.875,100.0,0.9,8,101687.5,272.92499999999995,0.0036785712570695708,0.3,217.025
2014-02-16 18:00:00,0.0,-0.475,1016.8,100.0,0.8,0,101680.0,272.67499999999995,0.003612515108088265,0.26666666666666666,217.031
2014-02-16 19:00:00,0.0,-1.125,1016.5,100.0,0.7,0,101650.0,272.025,0.00344601809588991,0.2333333333333333,219.62
2014-02-16 20:00:00,0.0,-1.65,1016.2,100.0,0.6,0,101620.0,271.5,0.0033167290507227247,0.19999999999999998,219.556
2014-02-16 21:00:00,0.0,-1.475,1016.075,100.0,0.6,0,101607.5,271.67499999999995,0.0033600835042760357,0.19999999999999998,219.498
2014-02-16 22:00:00,0.0,-1.2,1015.6,100.0,1.0,0,101560.0,271.95,0.003430171727974158,0.3333333333333333,245.973
2014-02-16 23:00:00,0.0,-1.05,1014.775,100.0,1.1,0,101477.5,272.09999999999997,0.0034708838628681924,0.3666666666666667,245.993
2014-02-17 00:00:00,0.0,-0.825,1014.95,99.9,1.1,0,101495.0,272.325,0.0035243298811379665,0.3666666666666667,245.993
2014-02-17 01:00:00,0.0,-0.625,1014.45,98.8,1.3,0,101445.0,272.525,0.0035385291646979383,0.43333333333333335,253.227
2014-02-17 02:00:00,0.0,-0.6499999999999999,1013.575,98.0,1.1,0,101357.5,272.5,0.0035065064485324646,0.3666666666666667,253.227
2014-02-17 03:00:00,0.1,-0.5,1013.0,99.3,1.1,0,101300.0,272.65,0.003594131519618372,0.3666666666666667,253.227
2014-02-17 04:00:00,0.0,-0.35,1012.975,99.5,1.1,0,101297.5,272.79999999999995,0.003641014102633326,0.3666666666666667,294.855
2014-02-17 05:00:00,0.0,-0.3,1012.375,98.7,1.3,0,101237.5,272.84999999999997,0.003627051563133016,0.43333333333333335,294.855
2014-02-17 06:00:00,0.6000000000000001,-0.2,1011.65,99.7,1.4,0,101165.0,272.95,0.003693183410882376,0.4666666666666666,294.855
2014-02-17 07:00:00,0.0,-0.15,1011.6,100.0,1.5,0,101160.0,273.0,0.0037179643146073235,0.5,243.694
2014-02-17 08:00:00,0.3,-0.05,1011.8,100.0,1.8,0,101180.0,273.09999999999997,0.003744324556590112,0.6,243.694
2014-02-17 09:00:00,2.4,0.1,1011.825,100.0,1.4,3,101182.5,273.25,0.0037852022132936203,0.4666666666666666,243.668
2014-02-17 10:00:00,4.1000000000000005,-0.15,1013.3,100.0,1.6,80,101330.0,273.0,0.003711726735080202,0.5333333333333333,240.499
2014-02-17 11:00:00,3.4,-0.1,1013.975,100.0,1.2,149,101397.5,273.04999999999995,0.0037227526036714615,0.39999999999999997,240.58
2014-02-17 12:00:00,2.5,-0.1,1013.775,100.0,1.1,125,101377.5,273.04999999999995,0.0037234870373680255,0.3666666666666667,240.574
2014-02-17 13:00:00,4.1,-0.1,1013.175,100.0,1.0,111,101317.5,273.04999999999995,0.0037256920781777777,0.3333333333333333,241.718
2014-02-17 14:00:00,5.0,-0.15,1013.025,100.0,0.6,112,101302.5,273.0,0.0037127343359312634,0.19999999999999998,241.718
2014-02-17 15:00:00,5.8,-0.3,1013.125,100.0,0.6,34,101312.5,272.84999999999997,0.0036721038659656715,0.19999999999999998,241.718
2014-02-17 16:00:00,4.1,-0.675,1013.0,100.0,0.0,1,101300.0,272.47499999999997,0.003573574354488888,0.0,217.485
2014-02-17 17:00:00,3.2,-0.95,1013.475,100.0,0.0,0,101347.5,272.2,0.0035008570731387195,0.0,217.491
2014-02-17 18:00:00,2.4,-1.275,1013.4,100.0,0.0,0,101340.0,271.875,0.0034187693058819768,0.0,217.342
2014-02-17 19:00:00,2.5,-0.75,1014.125,100.0,0.0,0,101412.5,272.4,0.0035501216559706583,0.0,208.618
2014-02-17 20:00:00,4.1,-0.6,1014.975,100.0,0.0,0,101497.5,272.54999999999995,0.0035861875468640152,0.0,208.597
2014-02-17 21:00:00,1.7000000000000002,-0.775,1016.025,100.0,0.0,0,101602.5,272.375,0.0035370197886348143,0.0,208.603
2014-02-17 22:00:00,2.9,-0.475,1016.45,100.0,0.0,0,101645.0,272.67499999999995,0.003613759025927638,0.0,206.511
2014-02-17 23:00:00,1.6,-0.475,1016.7,100.0,0.0,0,101670.0,272.67499999999995,0.0036128704257933977,0.0,206.511
2014-02-18 00:00:00,1.5,-0.25,1016.725,100.0,0.0,0,101672.5,272.9,0.0036724324688705624,0.0,206.511
2014-02-18 01:00:00,0.7,-0.2,1016.8,100.0,0.0,0,101680.0,272.95,0.0036855343741878234,0.0,206.061
2014-02-18 02:00:00,0.6,-0.175,1017.275,100.0,0.0,0,101727.5,272.97499999999997,0.0036905129204163234,0.0,205.977
2014-02-18 03:00:00,0.0,-0.15,1017.225,100.0,0.0,0,101722.5,273.0,0.0036974049012330292,0.0,205.977
2014-02-18 04:00:00,1.2,-0.175,1017.175,100.0,0.0,0,101717.5,272.97499999999997,0.0036908757402772537,0.0,205.922
2014-02-18 05:00:00,0.0,-0.025,1016.5,100.0,0.0,0,101650.0,273.125,0.0037337815410363475,0.0,205.916
2014-02-18 06:00:00,0.0,-0.025,1016.25,100.0,0.0,0,101625.0,273.125,0.003734700060480637,0.0,205.916
2014-02-18 07:00:00,0.0,-0.025,1015.675,100.0,0.0,0,101567.5,273.125,0.003736814371194966,0.0,213.36
2014-02-18 08:00:00,0.2,0.175,1015.075,100.0,0.0,4,101507.5,273.325,0.0037936507115349954,0.0,213.435
2014-02-18 09:00:00,0.9,0.2,1014.35,100.0,0.5,25,101435.0,273.34999999999997,0.0038032450762020523,0.16666666666666666,213.435
2014-02-18 10:00:00,0.9,0.575,1014.05,100.0,0.8,53,101405.0,273.72499999999997,0.003908980532709768,0.26666666666666666,239.818
2014-02-18 11:00:00,0.4,0.575,1013.375,100.0,1.5,53,101337.5,273.72499999999997,0.003911584269588593,0.5,239.812
2014-02-18 12:00:00,0.1,0.825,1011.725,100.0,1.3,125,101172.5,273.97499999999997,0.003989276382494579,0.43333333333333335,239.812
2014-02-18 13:00:00,0.1,1.075,1010.2,100.0,1.4,116,101020.0,274.22499999999997,0.0040678690026586025,0.4666666666666666,267.569
2014-02-18 14:00:00,1.4,1.425,1009.25,100.0,1.6,22,100925.0,274.575,0.004175356429783065,0.5333333333333333,267.569
2014-02-18 15:00:00,3.7,1.6,1009.2,100.0,1.6,0,100920.0,274.75,0.004228266703129539,0.5333333333333333,267.569
2014-02-18 16:00:00,5.0,0.975,1010.325,100.0,1.6,0,101032.5,274.125,0.0040382021529492135,0.5333333333333333,273.596
2014-02-18 17:00:00,6.3,-0.05,1010.825,100.0,2.1,0,101082.5,273.09999999999997,0.0037479361772392596,0.7000000000000001,273.472
2014-02-18 18:00:00,5.5,-0.65,1011.875,100.0,1.5,0,101187.5,272.5,0.0035840791353405786,0.5,273.457
2014-02-18 19:00:00,1.1,-1.45,1012.575,100.0,0.8,0,101257.5,271.7,0.003377894406773095,0.26666666666666666,272.522
2014-02-18 20:00:00,0.3,-2.1,1012.75,100.0,0.0,0,101275.0,271.04999999999995,0.0032194676485328864,0.0,272.522
2014-02-18 21:00:00,0.1,-2.375,1013.375,100.0,0.0,0,101337.5,270.775,0.0031527382363112067,0.0,272.502
2014-02-18 22:00:00,0.0,-2.725,1014.0,100.0,0.0,0,101400.0,270.42499999999995,0.0030701179865746343,0.0,275.973
2014-02-18 23:00:00,0.0,-3.4,1014.6,100.0,0.0,0,101460.0,269.75,0.002917963843856647,0.0,275.973
2014-02-19 00:00:00,0.0,-3.725,1014.575,100.0,0.0,0,101457.5,269.42499999999995,0.0028480113039805522,0.0,275.973
2014-02-19 01:00:00,1.2,-3.95,1014.9,100.0,0.0,0,101490.0,269.2,0.002799514759110377,0.0,260.205
2014-02-19 02:00:00,0.6,-3.825,1015.125,100.0,0.0,0,101512.5,269.325,0.0028252362589096854,0.0,260.211
2014-02-19 03:00:00,0.1,-3.85,1015.225,100.0,0.0,0,101522.5,269.29999999999995,0.002819672537024982,0.0,260.211
2014-02-19 04:00:00,5.2,-3.8,1015.4,100.0,0.0,0,101540.0,269.34999999999997,0.002829764426943462,0.0,222.626
2014-02-19 05:00:00,2.2,-3.575,1015.7,100.0,0.0,0,101570.0,269.575,0.0028769524684108118,0.0,222.563
2014-02-19 06:00:00,3.3,-3.5,1016.825,100.0,0.0,0,101682.5,269.65,0.0028899197086781738,0.0,222.439
2014-02-19 07:00:00,2.0,-3.5,1017.3,100.0,0.0,0,101730.0,269.65,0.0028885703408794688,0.0,213.895
2014-02-19 08:00:00,0.6000000000000001,-3.55,1018.125,100.0,0.0,60,101812.5,269.59999999999997,0.002875467682693362,0.0,213.973
2014-02-19 09:00:00,2.0,-2.975,1018.8,100.0,0.0,234,101880.0,270.17499999999995,0.002999421688395216,0.0,214.033
2014-02-19 10:00:00,2.2,-2.75,1019.475,100.0,0.0,341,101947.5,270.4,0.003047968952749026,0.0,226.789
2014-02-19 11:00:00,1.3,-2.25,1020.175,100.0,0.0,510,102017.5,270.9,0.0031608125737530644,0.0,226.852
2014-02-19 12:00:00,0.3,-1.95,1020.3,100.0,0.0,784,102030.0,271.2,0.00323121122794006,0.0,226.906
2014-02-19 13:00:00,0.4,-1.0,1020.675,100.0,0.0,993,102067.5,272.15,0.0034634704073245397,0.0,229.324
2014-02-19 14:00:00,0.1,-1.425,1020.5,99.9,0.0,1102,102050.0,271.72499999999997,0.0033544630937430114,0.0,229.324
2014-02-19 15:00:00,2.1,-2.175,1020.375,99.3,0.0,171,102037.5,270.97499999999997,0.0031555135977025823,0.0,229.324
2014-02-19 16:00:00,0.5,-2.45,1020.25,99.6,0.0,60,102025.0,270.7,0.003101698952316307,0.0,224.763
2014-02-19 17:00:00,1.2,-2.5,1020.275,99.9,0.0,0,102027.5,270.65,0.003099465857095879,0.0,224.703
2014-02-19 18:00:00,0.7,-2.725,1020.65,100.0,0.0,0,102065.0,270.42499999999995,0.0030501147684188303,0.0,224.688
2014-02-19 19:00:00,0.8,-2.725,1020.85,100.0,0.0,0,102085.0,270.42499999999995,0.003049517204669324,0.0,215.552
2014-02-19 20:00:00,1.1,-2.6,1021.05,100.0,0.0,0,102105.0,270.54999999999995,0.003077322495045059,0.0,215.498
2014-02-19 21:00:00,0.3,-2.8,1021.5,100.0,0.0,0,102150.0,270.34999999999997,0.0030306545938284563,0.0,215.498
2014-02-19 22:00:00,1.2,-2.725,1021.575,100.0,0.0,0,102157.5,270.42499999999995,0.0030473529974663427,0.0,214.424
2014-02-19 23:00:00,1.0,-2.625,1021.475,100.0,0.0,0,102147.5,270.525,0.003070345252349935,0.0,214.43
2014-02-20 00:00:00,1.1,-2.75,1021.475,100.0,0.0,0,102147.5,270.4,0.003042001172915454,0.0,214.43
2014-02-20 01:00:00,0.9,-2.725,1021.2,100.0,0.0,0,102120.0,270.42499999999995,0.003048472031322639,0.0,212.305
2014-02-20 02:00:00,1.6,-2.625,1021.275,100.0,0.0,0,102127.5,270.525,0.0030709465292346823,0.0,212.244
2014-02-20 03:00:00,0.9,-2.55,1021.1,100.0,0.0,0,102110.0,270.59999999999997,0.0030885979235825128,0.0,212.244
2014-02-20 04:00:00,1.0,-2.425,1021.1,100.0,0.0,0,102110.0,270.72499999999997,0.0031173282080168775,0.0,210.598
2014-02-20 05:00:00,1.7,-2.275,1021.125,100.0,0.0,0,102112.5,270.875,0.003152040438968757,0.0,210.598
2014-02-20 06:00:00,1.8,-2.05,1021.05,100.0,0.0,0,102105.0,271.09999999999997,0.0032051051160651755,0.0,210.598
2014-02-20 07:00:00,2.1,-1.85,1020.625,100.0,0.0,4,102062.5,271.29999999999995,0.003254080789096682,0.0,216.813
2014-02-20 08:00:00,1.2,-1.275,1021.3,100.0,0.0,146,102130.0,271.875,0.003392324306844997,0.0,216.876
2014-02-20 09:00:00,1.6,-0.6,1021.4,100.0,0.0,358,102140.0,272.54999999999995,0.0035636290438401256,0.0,216.951
2014-02-20 10:00:00,3.5,0.0,1021.675,100.0,0.0,557,102167.5,273.15,0.003721615355980417,0.0,240.593
2014-02-20 11:00:00,2.6,0.05,1022.1,100.0,0.0,453,102210.0,273.2,0.0037335872634735525,0.0,240.587
2014-02-20 12:00:00,1.9,-0.05,1022.2,100.0,0.0,505,102220.0,273.09999999999997,0.0037062292959869642,0.0,240.587
2014-02-20 13:00:00,1.1,0.125,1022.35,100.0,0.0,544,102235.0,273.275,0.0037530300824165576,0.0,271.523
2014-02-20 14:00:00,0.5,0.15,1021.925,100.0,0.2,373,102192.5,273.29999999999995,0.003761400841644653,0.06666666666666667,271.549
2014-02-20 15:00:00,1.4,0.125,1021.8,100.0,0.3,376,102180.0,273.275,0.0037550502101767157,0.09999999999999999,271.549
2014-02-20 16:00:00,0.5,-0.125,1021.5,100.0,0.4,98,102150.0,273.025,0.0036886244499360643,0.13333333333333333,290.7
2014-02-20 17:00:00,0.7,-0.25,1021.275,100.0,0.2,11,102127.5,272.9,0.0036560709915668377,0.06666666666666667,290.792
2014-02-20 18:00:00,0.7,-0.275,1021.775,100.0,0.2,0,102177.5,272.875,0.0036476441496922207,0.06666666666666667,290.808
2014-02-20 19:00:00,1.0,-0.2,1021.725,100.0,0.1,0,102172.5,272.95,0.0036677690686575926,0.03333333333333333,213.159
2014-02-20 20:00:00,1.3,-0.2,1022.1,100.0,0.0,0,102210.0,272.95,0.0036664233946523614,0.0,213.159
2014-02-20 21:00:00,0.7,-0.2,1021.8,100.0,0.0,0,102180.0,272.95,0.003667499854838695,0.0,213.159
2014-02-20 22:00:00,0.4,-0.2,1021.725,100.0,0.0,0,102172.5,272.95,0.0036677690686575926,0.0,221.485
2014-02-20 23:00:00,1.0,-0.175,1021.95,100.0,0.0,0,102195.0,272.97499999999997,0.0036736303450428253,0.0,221.485
2014-02-21 00:00:00,0.2,-0.125,1021.75,100.0,0.0,0,102175.0,273.025,0.0036877219237677413,0.0,221.485
2014-02-21 01:00:00,0.1,-0.1,1022.15,100.0,0.0,0,102215.0,273.04999999999995,0.003692978595419234,0.0,261.604
2014-02-21 02:00:00,0.1,-0.125,1021.825,100.0,0.0,0,102182.5,273.025,0.0036874512520340464,0.0,261.604
2014-02-21 03:00:00,0.1,-0.175,1021.975,100.0,0.0,0,102197.5,272.97499999999997,0.0036735404790885443,0.0,261.604
2014-02-21 04:00:00,0.4,-0.15,1022.075,100.0,0.0,0,102207.5,273.0,0.00367985979566741,0.0,267.249
2014-02-21 05:00:00,0.5,-0.175,1021.8,100.0,0.0,0,102180.0,272.97499999999997,0.0036741696331146164,0.0,267.249
2014-02-21 06:00:00,1.3,-0.2,1021.675,100.0,0.0,0,102167.5,272.95,0.003667948566495391,0.0,267.249
2014-02-21 07:00:00,0.1,-0.125,1021.5,100.0,0.1,17,102150.0,273.025,0.0036886244499360643,0.03333333333333333,270.412
2014-02-21 08:00:00,0.1,0.1,1021.85,100.0,0.0,142,102185.0,273.25,0.003748066966253185,0.0,270.412
2014-02-21 09:00:00,0.1,0.7000000000000001,1021.95,100.0,0.0,383,102195.0,273.84999999999997,0.00391392139426758,0.0,270.352
2014-02-21 10:00:00,0.0,1.05,1022.475,100.0,0.0,600,102247.5,274.2,0.004011811996537042,0.0,261.64
2014-02-21 11:00:00,0.34,1.425,1022.45,100.0,0.3,1013,102245.0,274.575,0.00412145188200749,0.09999999999999999,261.64
2014-02-21 12:00:00,0.0,1.775,1021.95,99.5,0.5,1059,102195.0,274.92499999999995,0.004207000625043656,0.16666666666666666,261.64
2014-02-21 13:00:00,0.0,2.225,1021.6,97.1,0.4,1027,102160.0,275.375,0.004241009764860383,0.13333333333333333,276.02
2014-02-21 14:00:00,0.0,1.825,1021.4,91.8,0.4,926,102140.0,274.97499999999997,0.0038974333509683187,0.13333333333333333,276.02
2014-02-21 15:00:00,0.0,1.15,1021.0,94.1,0.3,248,102100.0,274.29999999999995,0.00380785500939839,0.09999999999999999,276.02
2014-02-21 16:00:00,0.0,1.075,1020.775,96.9,0.4,244,102077.5,274.22499999999997,0.0039009292618105494,0.13333333333333333,275.456
2014-02-21 17:00:00,0.0,0.15,1020.6,97.8,0.2,24,102060.0,273.29999999999995,0.003683425852327613,0.06666666666666667,275.456
2014-02-21 18:00:00,0.0,-0.175,1020.65,99.2,0.4,0,102065.0,272.97499999999997,0.0036488829656273775,0.13333333333333333,275.399
2014-02-21 19:00:00,0.01,-0.275,1020.25,100.0,0.3,0,102025.0,272.875,0.0036530963989725744,0.09999999999999999,276.136
2014-02-21 20:00:00,0.0,-0.5,1020.275,100.0,0.3,0,102027.5,272.65,0.0035936594305475723,0.09999999999999999,276.163
2014-02-21 21:00:00,0.0,-0.875,1020.275,100.0,0.1,0,102027.5,272.275,0.0034966457922662487,0.03333333333333333,276.163
2014-02-21 22:00:00,0.0,-0.9,1019.85,100.0,0.2,0,101985.0,272.25,0.0034917161176037637,0.06666666666666667,265.057
2014-02-21 23:00:00,0.02,-1.35,1019.9,100.0,0.2,0,101990.0,271.79999999999995,0.00337834319449605,0.06666666666666667,265.057
2014-02-22 00:00:00,0.02,-1.675,1019.725,100.0,0.1,0,101972.5,271.47499999999997,0.003299190290085599,0.03333333333333333,265.063
2014-02-22 01:00:00,0.0,-1.925,1019.725,100.0,0.3,0,101972.5,271.22499999999997,0.0032389984627926235,0.09999999999999999,264.57
2014-02-22 02:00:00,0.0,-2.325,1019.45,100.0,0.2,0,101945.0,270.825,0.0031455659686073474,0.06666666666666667,264.57
2014-02-22 03:00:00,0.0,-3.0,1019.4,100.0,0.5,0,101940.0,270.15,0.0029920872699915014,0.16666666666666666,264.57
2014-02-22 04:00:00,0.0,-3.225,1019.175,100.0,0.2,0,101917.5,269.92499999999995,0.002943027758672411,0.06666666666666667,265.955
2014-02-22 05:00:00,0.0,-3.475,1018.975,100.0,0.5,0,101897.5,269.67499999999995,0.0028892119973332278,0.16666666666666666,265.955
2014-02-22 06:00:00,0.0,-3.825,1018.85,100.0,0.6,0,101885.0,269.325,0.002814906961108794,0.19999999999999998,265.955
2014-02-22 07:00:00,0.0,-4.05,1018.825,100.0,0.5,0,101882.5,269.09999999999997,0.0027678894343278614,0.16666666666666666,275.785
2014-02-22 08:00:00,0.0,-2.3,1018.675,100.0,0.6,41,101867.5,270.84999999999997,0.0031537854411732343,0.19999999999999998,275.845
2014-02-22 09:00:00,0.0,1.2,1018.975,98.5,0.4,205,101897.5,274.34999999999997,0.004008204692476908,0.13333333333333333,275.839
2014-02-22 10:00:00,0.0,2.925,1019.15,87.6,0.5,1492,101915.0,276.075,0.004030866516258622,0.16666666666666666,275.366
2014-02-22 11:00:00,0.0,5.05,1018.875,75.3,0.4,2265,101887.5,278.2,0.004023806771758483,0.13333333333333333,275.361
2014-02-22 12:00:00,0.0,5.175,1018.6,65.9,0.4,2408,101860.0,278.325,0.0035532343448248216,0.13333333333333333,275.361
2014-02-22 13:00:00,0.0,5.800000000000001,1018.075,61.3,0.4,2005,101807.5,278.95,0.003453514404965325,0.13333333333333333,269.383
2014-02-22 14:00:00,0.0,3.875,1017.825,65.6,0.4,1992,101782.5,277.025,0.0032320934940492643,0.13333333333333333,269.383
2014-02-22 15:00:00,0.0,1.675,1017.325,85.8,0.6,644,101732.5,274.825,0.0036182566021453243,0.19999999999999998,269.368
2014-02-22 16:00:00,0.0,0.5,1017.325,94.8,0.7,114,101732.5,273.65,0.003673823161068454,0.2333333333333333,244.3
2014-02-22 17:00:00,0.0,0.15,1016.95,98.3,0.7,16,101695.0,273.29999999999995,0.0037155452801623,0.2333333333333333,244.279
2014-02-22 18:00:00,0.0,-0.25,1017.025,99.7,0.8,0,101702.5,272.9,0.0036603351345411224,0.26666666666666666,244.279
2014-02-22 19:00:00,0.0,-0.325,1016.925,100.0,0.8,0,101692.5,272.825,0.0036517341703173768,0.26666666666666666,248.463
2014-02-22 20:00:00,0.0,-0.425,1016.7,100.0,0.7,0,101670.0,272.72499999999997,0.0036260517093504308,0.2333333333333333,248.463
2014-02-22 21:00:00,0.0,-0.525,1016.725,100.0,0.6,0,101672.5,272.625,0.0035996431500240917,0.19999999999999998,248.463
2014-02-22 22:00:00,0.0,-0.525,1016.825,100.0,0.8,0,101682.5,272.625,0.003599289141895847,0.26666666666666666,255.88
2014-02-22 23:00:00,0.0,-0.525,1016.45,100.0,0.8,0,101645.0,272.625,0.003600617031539421,0.26666666666666666,255.88
2014-02-23 00:00:00,0.0,-0.625,1016.35,100.0,0.7,0,101635.0,272.525,0.0035748118576335846,0.2333333333333333,255.88
2014-02-23 01:00:00,0.0,-0.7,1016.175,100.0,0.6,0,101617.5,272.45,0.0035559153242455126,0.19999999999999998,250.104
2014-02-23 02:00:00,0.0,-0.775,1016.35,100.0,0.6,0,101635.0,272.375,0.0035358887496902518,0.19999999999999998,250.104
2014-02-23 03:00:00,0.0,-0.9,1016.05,100.0,0.6,0,101605.0,272.25,0.0035047750430964994,0.19999999999999998,250.104
2014-02-23 04:00:00,0.0,-1.0,1015.75,100.0,0.6,0,101575.0,272.15,0.0034802635077489288,0.19999999999999998,267.748
2014-02-23 05:00:00,0.0,-1.125,1015.75,100.0,0.7,0,101575.0,272.025,0.003448562534552885,0.2333333333333333,267.753
2014-02-23 06:00:00,0.0,-1.25,1015.5,100.0,0.9,0,101550.0,271.9,0.0034179592901002398,0.3,267.753
2014-02-23 07:00:00,0.0,-1.025,1015.425,100.0,0.9,0,101542.5,272.125,0.0034750145752406765,0.3,255.183
2014-02-23 08:00:00,0.0,0.65,1015.5,100.0,0.9,75,101550.0,273.79999999999995,0.003924594156704316,0.3,255.183
2014-02-23 09:00:00,0.0,3.15,1015.475,95.6,0.6,544,101547.5,276.29999999999995,0.004485784160531606,0.19999999999999998,255.183
2014-02-23 10:00:00,0.0,5.5,1015.325,84.9,0.6,1405,101532.5,278.65,0.004697345681962606,0.19999999999999998,227.138
2014-02-23 11:00:00,0.0,6.775,1015.35,70.7,0.5,2219,101535.0,279.92499999999995,0.004271538595521888,0.16666666666666666,227.138
2014-02-23 12:00:00,0.0,7.425000000000001,1015.1,66.3,0.7,2340,101510.0,280.575,0.004189151594059659,0.2333333333333333,227.216
2014-02-23 13:00:00,0.0,5.85,1014.425,70.1,0.6,1272,101442.5,279.0,0.003977238564800567,0.19999999999999998,236.37
2014-02-23 14:00:00,0.0,4.625,1014.725,76.8,0.7,606,101472.5,277.775,0.004000355773106258,0.2333333333333333,236.37
2014-02-23 15:00:00,0.0,3.625,1015.125,74.7,1.0,222,101512.5,276.775,0.003625873216008367,0.3333333333333333,236.362
2014-02-23 16:00:00,0.0,1.575,1015.525,78.6,0.9,88,101552.5,274.72499999999997,0.0032968093415619757,0.3,242.408
2014-02-23 17:00:00,1.03,0.65,1015.975,94.3,0.6,6,101597.5,273.79999999999995,0.0036991620071986403,0.19999999999999998,242.408
2014-02-23 18:00:00,0.72,0.4499999999999999,1015.45,97.6,0.4,0,101545.0,273.59999999999997,0.003775645963621893,0.13333333333333333,242.328
2014-02-23 19:00:00,0.25,1.225,1015.375,99.5,0.3,0,101537.5,274.375,0.004070557558757859,0.09999999999999999,194.0
2014-02-23 20:00:00,0.41,1.775,1015.5,99.8,0.7,0,101550.0,274.92499999999995,0.004246486593663381,0.2333333333333333,194.0
2014-02-23 21:00:00,0.98,1.7999999999999998,1016.225,100.0,0.4,0,101622.5,274.95,0.00425956952319757,0.13333333333333333,193.977
2014-02-23 22:00:00,0.94,1.725,1016.55,100.0,0.3,0,101655.0,274.875,0.0042354254336726075,0.09999999999999999,164.791
2014-02-23 23:00:00,0.19,1.9,1016.7,100.0,0.2,0,101670.0,275.04999999999995,0.004288120175844591,0.06666666666666667,164.731
2014-02-24 00:00:00,0.1,2.05,1016.925,100.0,0.3,0,101692.5,275.2,0.004333336207924398,0.09999999999999999,164.731
2014-02-24 01:00:00,0.13,2.6,1017.35,100.0,0.4,0,101735.0,275.75,0.004504515106638436,0.13333333333333333,152.274
2014-02-24 02:00:00,0.08,2.6500000000000004,1016.8,100.0,0.4,0,101680.0,275.79999999999995,0.004522985895199272,0.13333333333333333,152.254
2014-02-24 03:00:00,0.12,2.7,1016.275,100.0,0.5,0,101627.5,275.84999999999997,0.004541415481172211,0.16666666666666666,152.254
2014-02-24 04:00:00,0.1,2.55,1016.65,100.0,0.4,0,101665.0,275.7,0.004491630389555707,0.13333333333333333,150.128
2014-02-24 05:00:00,0.01,2.925,1016.3,100.0,0.6,0,101630.0,276.075,0.0046143495835742395,0.19999999999999998,150.128
2014-02-24 06:00:00,0.05,3.125,1016.175,100.0,0.7,0,101617.5,276.275,0.004680726281420275,0.2333333333333333,150.108
2014-02-24 07:00:00,0.02,3.375,1016.4,100.0,0.5,0,101640.0,276.525,0.00476310054553258,0.16666666666666666,152.63
2014-02-24 08:00:00,0.39,3.95,1016.8,100.0,0.5,23,101680.0,277.09999999999997,0.004958007017247119,0.16666666666666666,152.688
2014-02-24 09:00:00,0.43,4.65,1017.1,100.0,0.1,166,101710.0,277.79999999999995,0.005205720081365495,0.03333333333333333,152.708
2014-02-24 10:00:00,0.29,5.875,1017.4,100.0,0.2,427,101740.0,279.025,0.005666868133255512,0.06666666666666667,168.084
2014-02-24 11:00:00,0.12,7.6,1017.6,99.9,0.1,769,101760.0,280.75,0.006372352098628003,0.03333333333333333,168.079
2014-02-24 12:00:00,0.47,7.775,1017.625,97.6,0.3,662,101762.5,280.92499999999995,0.006300226943673163,0.09999999999999999,168.099
2014-02-24 13:00:00,0.44,8.025,1017.05,95.9,0.2,758,101705.0,281.17499999999995,0.006300309617010812,0.06666666666666667,178.414
2014-02-24 14:00:00,0.08,8.75,1017.15,95.1,0.4,826,101715.0,281.9,0.006561957968124888,0.13333333333333333,178.408
2014-02-24 15:00:00,0.0,8.75,1017.1,92.5,0.2,829,101710.0,281.9,0.006382870145777823,0.06666666666666667,178.408
2014-02-24 16:00:00,0.0,7.6,1016.7,92.5,0.1,358,101670.0,280.75,0.005905549085425118,0.03333333333333333,176.404
2014-02-24 17:00:00,0.0,5.875,1016.925,95.7,0.3,120,101692.5,279.025,0.005425725946659654,0.09999999999999999,176.404
2014-02-24 18:00:00,0.0,5.05,1016.6,98.1,0.7,0,101660.0,278.2,0.0052539017752956845,0.2333333333333333,176.261
2014-02-24 19:00:00,0.0,5.075,1016.725,99.4,0.8,0,101672.5,278.22499999999997,0.005332146160191478,0.26666666666666666,199.981
2014-02-24 20:00:00,0.02,5.4,1016.525,99.8,0.8,0,101652.5,278.54999999999995,0.005477057886600958,0.26666666666666666,200.042
2014-02-24 21:00:00,0.19,4.675,1017.1,99.7,0.8,0,101710.0,277.825,0.005199176080021902,0.26666666666666666,200.042
2014-02-24 22:00:00,0.11,4.5,1017.325,100.0,0.9,0,101732.5,277.65,0.005150272435809964,0.3,212.611
2014-02-24 23:00:00,0.01,4.7,1016.925,100.0,0.9,0,101692.5,277.84999999999997,0.0052248340464493654,0.3,212.611
2014-02-25 00:00:00,0.02,4.775,1017.25,100.0,0.9,0,101725.0,277.92499999999995,0.005250588933271116,0.3,212.611
2014-02-25 01:00:00,0.03,5.1,1016.95,100.0,1.0,0,101695.0,278.25,0.005372488902346621,0.3333333333333333,242.274
2014-02-25 02:00:00,0.0,4.95,1016.825,99.4,0.9,0,101682.5,278.09999999999997,0.00528539231788267,0.3,242.274
2014-02-25 03:00:00,0.0,5.05,1016.6,99.1,1.0,0,101660.0,278.2,0.005307458368316028,0.3333333333333333,242.274
2014-02-25 04:00:00,0.0,5.25,1016.3,97.9,1.0,0,101630.0,278.4,0.005318246812709474,0.3333333333333333,273.076
2014-02-25 05:00:00,0.0,5.3,1015.825,95.9,0.9,0,101582.5,278.45,0.0052301853864248835,0.3,273.076
2014-02-25 06:00:00,0.0,5.875,1016.175,94.4,0.8,0,101617.5,279.025,0.00535597237385569,0.26666666666666666,273.195
2014-02-25 07:00:00,0.0,6.15,1016.05,89.9,1.0,51,101605.0,279.29999999999995,0.005199164032699332,0.3333333333333333,271.661
2014-02-25 08:00:00,0.05,8.05,1016.15,86.5,0.9,298,101615.0,281.2,0.005697472164110815,0.3,271.661
2014-02-25 09:00:00,0.0,10.175,1016.7,73.9,0.6,361,101670.0,283.325,0.0056143856506899355,0.19999999999999998,271.725
2014-02-25 10:00:00,0.0,11.15,1016.5,64.7,0.5,1401,101650.0,284.29999999999995,0.005246274728926861,0.16666666666666666,270.886
2014-02-25 11:00:00,0.0,12.025,1016.525,59.7,0.7,2155,101652.5,285.17499999999995,0.005129062447708004,0.2333333333333333,270.941
2014-02-25 12:00:00,0.0,12.6,1015.95,57.3,0.9,2311,101595.0,285.75,0.005115439244973762,0.3,270.961
2014-02-25 13:00:00,0.0,13.275,1015.3,54.8,1.0,2041,101530.0,286.42499999999995,0.005116433996851621,0.3333333333333333,255.17
2014-02-25 14:00:00,0.0,12.275,1014.9,53.2,0.8,1984,101490.0,285.42499999999995,0.004653908417943737,0.26666666666666666,255.17
2014-02-25 15:00:00,0.0,10.475,1014.65,58.8,0.6,561,101465.0,283.625,0.004566808051161773,0.19999999999999998,255.17
2014-02-25 16:00:00,0.0,8.95,1014.3,62.3,0.5,155,101430.0,282.09999999999997,0.004369465054089604,0.16666666666666666,200.672
2014-02-25 17:00:00,0.0,8.025,1014.325,67.2,0.7,33,101432.5,281.17499999999995,0.004426675969036697,0.2333333333333333,200.672
2014-02-25 18:00:00,0.0,6.675,1013.85,69.1,0.7,0,101385.0,279.825,0.004152413805654709,0.2333333333333333,200.672
2014-02-25 19:00:00,0.0,6.6,1013.975,74.1,0.8,0,101397.5,279.75,0.004429425193569754,0.26666666666666666,193.485
2014-02-25 20:00:00,0.0,5.9,1014.175,73.8,0.8,0,101417.5,279.04999999999995,0.004202709998226291,0.26666666666666666,193.427
2014-02-25 21:00:00,0.0,5.975,1014.2,76.8,0.8,0,101420.0,279.125,0.0043961857950166406,0.26666666666666666,193.453
2014-02-25 22:00:00,0.0,6.199999999999999,1014.0,75.8,0.8,0,101400.0,279.34999999999997,0.00440777020563984,0.26666666666666666,178.621
2014-02-25 23:00:00,0.0,6.35,1014.0,75.5,0.9,0,101400.0,279.5,0.004435978684563878,0.3,178.566
2014-02-26 00:00:00,0.0,6.725,1014.025,72.8,0.9,0,101402.5,279.875,0.004389059864528587,0.3,178.566
2014-02-26 01:00:00,0.0,7.074999999999999,1013.375,70.3,0.9,0,101337.5,280.22499999999997,0.00434414957356679,0.3,172.765
2014-02-26 02:00:00,0.0,6.675,1013.15,68.9,0.9,0,101315.0,279.825,0.004143255900821171,0.3,172.765
2014-02-26 03:00:00,0.0,6.5,1012.875,69.4,0.9,0,101287.5,279.65,0.004124501262970096,0.3,172.686
2014-02-26 04:00:00,0.0,6.05,1012.675,69.6,1.0,0,101267.5,279.2,0.0040107785586695355,0.3333333333333333,170.099
2014-02-26 05:00:00,0.0,5.775,1012.575,72.0,1.0,0,101257.5,278.92499999999995,0.004071309713247094,0.3333333333333333,170.099
2014-02-26 06:00:00,0.0,5.275,1012.4,73.9,1.2,0,101240.0,278.42499999999995,0.004036964451977819,0.39999999999999997,170.099
2014-02-26 07:00:00,0.0,5.425,1012.575,75.9,1.0,41,101257.5,278.575,0.004188933060434388,0.3333333333333333,174.004
2014-02-26 08:00:00,0.0,5.775,1012.725,72.3,1.0,272,101272.5,278.92499999999995,0.004087667968133721,0.3333333333333333,173.945
2014-02-26 09:00:00,0.0,6.475,1012.725,71.2,0.6,427,101272.5,279.625,0.004224825387607283,0.19999999999999998,174.083
2014-02-26 10:00:00,0.0,6.875,1012.35,67.3,0.7,573,101235.0,280.025,0.004106266168532877,0.2333333333333333,186.578
2014-02-26 11:00:00,0.0,6.925,1012.3,64.6,1.0,513,101230.0,280.075,0.003955269869134021,0.3333333333333333,186.572
2014-02-26 12:00:00,0.0,7.4,1011.5,63.9,1.0,494,101150.0,280.54999999999995,0.004044960897349247,0.3333333333333333,186.632
2014-02-26 13:00:00,0.0,8.0,1010.275,61.2,1.2,887,101027.5,281.15,0.00404072153479447,0.39999999999999997,193.242
2014-02-26 14:00:00,0.0,9.875,1009.625,60.1,1.4,1689,100962.5,283.025,0.004506541058018752,0.4666666666666666,193.263
2014-02-26 15:00:00,0.0,8.725,1008.975,58.6,1.5,638,100897.5,281.875,0.004069311136485925,0.5,193.317
2014-02-26 16:00:00,0.0,8.275,1008.675,62.9,1.3,425,100867.5,281.42499999999995,0.004238007735935429,0.43333333333333335,185.649
2014-02-26 17:00:00,0.0,7.55,1008.125,64.8,0.9,81,100812.5,280.7,0.004158051625942853,0.3,185.528
2014-02-26 18:00:00,0.0,6.875,1007.65,66.4,1.0,0,100765.0,280.025,0.004070250047750265,0.3333333333333333,185.453
2014-02-26 19:00:00,0.0,6.35,1007.475,69.3,0.9,0,100747.5,279.5,0.004098070359296584,0.3,180.856
2014-02-26 20:00:00,0.0,5.875,1006.875,71.8,0.7,0,100687.5,279.025,0.004111343152466637,0.2333333333333333,180.856
2014-02-26 21:00:00,0.0,6.075,1006.85,73.3,0.8,0,100685.0,279.22499999999997,0.004255776408620625,0.26666666666666666,180.856
2014-02-26 22:00:00,0.0,6.55,1006.15,72.3,1.0,0,100615.0,279.7,0.004340482216641124,0.3333333333333333,178.818
2014-02-26 23:00:00,0.0,5.9,1005.55,73.0,1.6,0,100555.0,279.04999999999995,0.004192809704364812,0.5333333333333333,178.877
2014-02-27 00:00:00,0.0,5.425,1005.175,78.4,1.2,0,100517.5,278.575,0.004358762734386796,0.39999999999999997,178.877
2014-02-27 01:00:00,0.0,4.825,1004.95,81.0,1.0,0,100495.0,277.97499999999997,0.004320079247005677,0.3333333333333333,178.685
2014-02-27 02:00:00,0.05,4.1,1004.725,89.0,1.0,0,100472.5,277.25,0.0045129475051365,0.3333333333333333,178.685
2014-02-27 03:00:00,0.18,3.975,1004.425,92.6,0.8,0,100442.5,277.125,0.004655850224946478,0.26666666666666666,178.685
2014-02-27 04:00:00,0.73,4.1,1004.55,93.6,0.5,0,100455.0,277.25,0.004747027794818944,0.16666666666666666,192.753
2014-02-27 05:00:00,1.54,3.325,1004.525,94.1,0.4,0,100452.5,276.47499999999997,0.004519079608401157,0.13333333333333333,192.785
2014-02-27 06:00:00,2.21,2.975,1004.8,97.6,0.4,0,100480.0,276.125,0.0045713121628806926,0.13333333333333333,192.785
2014-02-27 07:00:00,3.23,2.55,1005.825,99.0,0.3,0,100582.5,275.7,0.004494570999116537,0.09999999999999999,213.24
2014-02-27 08:00:00,2.79,2.025,1006.525,99.7,0.4,15,100652.5,275.17499999999995,0.004357195436640538,0.13333333333333333,213.24
2014-02-27 09:00:00,2.35,1.7,1007.125,99.9,0.4,169,100712.5,274.84999999999997,0.004263153590895325,0.13333333333333333,213.342
2014-02-27 10:00:00,1.72,1.75,1007.65,99.7,0.6,250,100765.0,274.9,0.004267642118128913,0.19999999999999998,234.858
2014-02-27 11:00:00,0.44,2.6,1007.875,99.2,0.4,433,100787.5,275.75,0.004510487010977257,0.13333333333333333,234.902
2014-02-27 12:00:00,0.26,2.825,1007.75,97.3,0.4,362,100775.0,275.97499999999997,0.00449587307400327,0.13333333333333333,234.902
2014-02-27 13:00:00,0.0,3.375,1007.45,97.6,0.4,472,100745.0,276.525,0.004690085091083241,0.13333333333333333,296.972
2014-02-27 14:00:00,0.0,4.449999999999999,1007.25,96.3,0.3,767,100725.0,277.59999999999997,0.004991826981504059,0.09999999999999999,296.972
2014-02-27 15:00:00,0.0,4.4,1007.425,91.9,0.3,539,100742.5,277.54999999999995,0.004746279187233801,0.09999999999999999,296.992
2014-02-27 16:00:00,0.0,4.725,1007.5,92.2,0.3,463,100750.0,277.875,0.004870858813550556,0.09999999999999999,307.479
2014-02-27 17:00:00,0.0,3.775,1007.475,92.7,0.2,70,100747.5,276.92499999999995,0.004581881345574551,0.06666666666666667,307.36
2014-02-27 18:00:00,0.0,2.5,1007.625,96.5,0.2,0,100762.5,275.65,0.004357729493167292,0.06666666666666667,307.36
2014-02-27 19:00:00,0.5399999999999999,2.7,1007.7,99.0,0.4,0,100770.0,275.84999999999997,0.004534259946360033,0.13333333333333333,306.99
2014-02-27 20:00:00,0.16,2.175,1008.175,99.7,0.3,0,100817.5,275.325,0.0043968584765841125,0.09999999999999999,307.053
2014-02-27 21:00:00,0.0,2.325,1007.925,100.0,0.5,0,100792.5,275.47499999999997,0.004458575948649899,0.16666666666666666,307.053
2014-02-27 22:00:00,0.0,2.425,1008.125,100.0,0.5,0,100812.5,275.575,0.0044895306957774975,0.16666666666666666,309.06
2014-02-27 23:00:00,0.23,1.625,1007.575,100.0,0.2,0,100757.5,274.775,0.004242675174783081,0.06666666666666667,309.08
2014-02-28 00:00:00,0.0,1.575,1006.4,100.0,0.5,0,100640.0,274.72499999999997,0.004232444551549126,0.16666666666666666,309.08
2014-02-28 01:00:00,0.0,1.475,1005.6,100.0,0.6,0,100560.0,274.625,0.004205563691128347,0.19999999999999998,309.581
2014-02-28 02:00:00,0.0,1.5,1005.15,100.0,0.7,0,100515.0,274.65,0.004214993865977299,0.2333333333333333,309.581
2014-02-28 03:00:00,0.0,1.5,1004.65,99.5,0.7,0,100465.0,274.65,0.004196006150365945,0.2333333333333333,309.581
2014-02-28 04:00:00,0.0,1.575,1004.05,98.6,0.7,0,100405.0,274.72499999999997,0.0041829577669693085,0.2333333333333333,286.984
2014-02-28 05:00:00,0.0,2.175,1003.25,96.8,1.1,0,100325.0,275.325,0.004289922451333088,0.3666666666666667,286.984
2014-02-28 06:00:00,0.0,2.375,1002.35,92.1,1.3,0,100235.0,275.525,0.0041439108905358445,0.43333333333333335,286.984
2014-02-28 07:00:00,0.0,2.625,1002.0,87.8,1.2,9,100200.0,275.775,0.00402268917450127,0.39999999999999997,283.033
2014-02-28 08:00:00,0.0,4.575,1001.525,83.3,1.5,233,100152.5,277.72499999999997,0.00438077641406818,0.5,283.007
2014-02-28 09:00:00,0.06,7.0,1001.25,70.7,1.5,281,100125.0,280.15,0.004399099537482176,0.5,283.007
2014-02-28 10:00:00,0.0,7.3,1001.55,61.8,1.1,1461,100155.0,280.45,0.00392396964956715,0.3666666666666667,299.266
2014-02-28 11:00:00,0.0,6.95,1001.175,64.5,1.5,1242,100117.5,280.09999999999997,0.003999883982414164,0.5,299.266
2014-02-28 12:00:00,0.0,8.0,1000.8,61.5,1.4,1583,100080.0,281.15,0.004098971751303462,0.4666666666666666,299.261
2014-02-28 13:00:00,0.0,7.275,1000.275,58.3,1.4,1191,100027.5,280.42499999999995,0.0037001231668736465,0.4666666666666666,294.398
2014-02-28 14:00:00,0.0,6.95,999.475,63.2,1.8,845,99947.5,280.09999999999997,0.0039259324179784965,0.6,294.398
2014-02-28 15:00:00,0.0,6.55,999.525,66.7,1.2,467,99952.5,279.7,0.004030830984380655,0.39999999999999997,294.398
2014-02-28 16:00:00,0.0,4.35,999.15,72.4,0.9,111,99915.0,277.5,0.003756970059540187,0.3,303.814
2014-02-28 17:00:00,0.0,3.35,999.15,88.8,1.0,28,99915.0,276.5,0.004295068678447003,0.3333333333333333,303.814
2014-02-28 18:00:00,0.0,3.075,999.05,93.7,0.5,0,99905.0,276.22499999999997,0.004445265657523613,0.16666666666666666,303.814
2014-02-28 19:00:00,0.5800000000000001,2.4,999.4,95.4,0.2,0,99940.0,275.54999999999995,0.004312725923650838,0.06666666666666667,295.46
2014-02-28 20:00:00,0.03,2.425,999.625,98.4,0.2,0,99962.5,275.575,0.004455262726080079,0.06666666666666667,295.454
2014-02-28 21:00:00,0.7500000000000001,2.6,999.825,98.8,0.4,0,99982.5,275.75,0.004528468904472031,0.13333333333333333,295.578
2014-02-28 22:00:00,1.22,2.35,1000.0,98.4,0.3,0,100000.0,275.5,0.0044298850438288856,0.09999999999999999,311.116
2014-02-28 23:00:00,0.5,2.225,1000.175,99.3,0.2,0,100017.5,275.375,0.004430004632557889,0.06666666666666667,311.136
2014-03-01 00:00:00,0.94,2.05,1000.225,99.9,0.0,0,100022.5,275.2,0.004401280957104928,0.0,311.136
2014-03-01 01:00:00,0.74,1.95,1000.9,100.0,0.0,0,100090.0,275.09999999999997,0.004371396767822245,0.0,310.903
2014-03-01 02:00:00,1.37,1.575,1001.45,100.0,0.1,0,100145.0,274.72499999999997,0.004253364817693384,0.03333333333333333,310.839
2014-03-01 03:00:00,1.71,0.75,1001.575,100.0,0.0,0,100157.5,273.9,0.004007972162451637,0.0,310.839
2014-03-01 04:00:00,1.28,0.05,1002.25,100.0,0.0,0,100225.0,273.2,0.0038075325936605814,0.0,313.981
2014-03-01 05:00:00,0.16,0.175,1002.9,100.0,0.0,0,100290.0,273.325,0.003839704851940757,0.0,313.981
2014-03-01 06:00:00,0.98,0.1,1003.025,100.0,0.0,0,100302.5,273.25,0.0038184115345737315,0.0,313.981
2014-03-01 07:00:00,0.49,0.35,1004.225,100.0,0.0,0,100422.5,273.5,0.0038835397710812285,0.0,319.979
2014-03-01 08:00:00,1.18,0.6749999999999999,1005.1,100.0,0.0,16,100510.0,273.825,0.003972363851450297,0.0,319.974
2014-03-01 09:00:00,1.4,1.125,1005.65,100.0,0.0,190,100565.0,274.275,0.004100993593011424,0.0,319.974
2014-03-01 10:00:00,0.8,1.925,1006.175,100.0,0.1,340,100617.5,275.075,0.00434072128008213,0.03333333333333333,332.857
2014-03-01 11:00:00,0.8,1.825,1006.4,100.0,0.5,331,100640.0,274.97499999999997,0.004308848667741098,0.16666666666666666,332.917
2014-03-01 12:00:00,1.9,2.2,1006.65,100.0,0.8,299,100665.0,275.34999999999997,0.004424647431248291,0.26666666666666666,332.917
2014-03-01 13:00:00,1.5,2.275,1006.6,99.7,0.7,345,100660.0,275.42499999999995,0.004435230584625155,0.2333333333333333,324.27
2014-03-01 14:00:00,1.0,2.6,1006.25,98.7,0.6,194,100625.0,275.75,0.004495000003945353,0.19999999999999998,324.27
2014-03-01 15:00:00,0.5,2.9,1006.65,99.4,0.5,166,100665.0,276.04999999999995,0.004622436324061933,0.16666666666666666,324.27
2014-03-01 16:00:00,0.6,3.075,1006.75,99.7,0.9,74,100675.0,276.22499999999997,0.004693738319898336,0.3,324.495
2014-03-01 17:00:00,3.6,2.95,1006.975,99.9,0.6,0,100697.5,276.09999999999997,0.004660670832370547,0.19999999999999998,324.435
2014-03-01 18:00:00,0.7,2.825,1007.525,99.9,0.6,0,100752.5,275.97499999999997,0.00461704030126685,0.19999999999999998,324.351
2014-03-01 19:00:00,0.5,2.95,1007.55,100.0,0.9,0,100755.0,276.09999999999997,0.004662673701865561,0.3,313.12
2014-03-01 20:00:00,2.5,2.825,1007.375,100.0,0.8,0,100737.5,275.97499999999997,0.004622350137241232,0.26666666666666666,313.12
2014-03-01 21:00:00,1.1,2.85,1007.575,100.0,0.5,0,100757.5,276.0,0.004629631904009442,0.16666666666666666,313.1
2014-03-01 22:00:00,2.2,2.875,1007.675,100.0,0.6,0,100767.5,276.025,0.004637383817273859,0.19999999999999998,312.864
2014-03-01 23:00:00,1.4,2.9,1008.45,100.0,0.7,0,100845.0,276.04999999999995,0.004642037884121572,0.2333333333333333,312.864
2014-03-02 00:00:00,0.0,3.225,1008.35,100.0,0.8,0,100835.0,276.375,0.004750522466938881,0.26666666666666666,312.869
2014-03-02 01:00:00,0.1,3.3,1008.475,100.0,1.1,0,100847.5,276.45,0.004775172941432532,0.3666666666666667,321.242
2014-03-02 02:00:00,0.8,3.175,1008.325,100.0,1.0,0,100832.5,276.325,0.004733877238898708,0.3333333333333333,321.242
2014-03-02 03:00:00,1.2000000000000002,3.1,1008.1,100.0,0.8,0,100810.0,276.25,0.0047098818816028384,0.26666666666666666,321.242
2014-03-02 04:00:00,0.9,3.225,1008.2,100.0,0.8,0,100820.0,276.375,0.00475122924969036,0.26666666666666666,310.548
2014-03-02 05:00:00,1.0,2.975,1007.975,100.0,0.9,0,100797.5,276.125,0.004668968319112578,0.3,310.488
2014-03-02 06:00:00,0.9,2.575,1007.625,100.0,0.8,0,100762.5,275.72499999999997,0.004539918965421687,0.26666666666666666,310.488
2014-03-02 07:00:00,1.7,2.6,1007.925,100.0,0.3,0,100792.5,275.75,0.004546636350659634,0.09999999999999999,321.27
2014-03-02 08:00:00,1.6,2.575,1007.975,100.0,0.5,10,100797.5,275.72499999999997,0.004538342565572586,0.16666666666666666,321.291
2014-03-02 09:00:00,0.8,3.0,1007.575,100.0,0.3,115,100757.5,276.15,0.004679098686316503,0.09999999999999999,321.291
2014-03-02 10:00:00,1.1,3.125,1007.65,100.0,0.7,159,100765.0,276.275,0.004720326531059642,0.2333333333333333,321.776
2014-03-02 11:00:00,1.2000000000000002,3.55,1007.8,100.0,0.7,246,100780.0,276.7,0.004863418808730249,0.2333333333333333,321.776
2014-03-02 12:00:00,1.8,3.525,1007.725,100.0,0.6,109,100772.5,276.67499999999995,0.004855215498856565,0.19999999999999998,321.9
2014-03-02 13:00:00,3.0,3.575,1007.825,99.7,1.1,77,100782.5,276.72499999999997,0.00485726033073743,0.3666666666666667,318.45
2014-03-02 14:00:00,2.4,3.8,1007.825,100.0,1.0,84,100782.5,276.95,0.004949680753254138,0.3333333333333333,318.45
2014-03-02 15:00:00,0.6,4.175,1008.35,100.0,1.3,125,100835.0,277.325,0.005079155485371167,0.43333333333333335,318.45
2014-03-02 16:00:00,1.0,4.225,1008.4,100.0,1.4,79,100840.0,277.375,0.005096743242470899,0.4666666666666666,316.519
2014-03-02 17:00:00,1.1,3.95,1009.4,100.0,1.8,1,100940.0,277.09999999999997,0.004994354601879206,0.6,316.444
2014-03-02 18:00:00,1.9,3.55,1010.675,100.0,1.5,0,101067.5,276.7,0.004849584164482494,0.5,316.444
2014-03-02 19:00:00,0.1,2.9,1011.475,100.0,1.7,0,101147.5,276.04999999999995,0.004628155025326775,0.5666666666666667,287.859
2014-03-02 20:00:00,0.1,2.75,1012.05,98.9,1.4,0,101205.0,275.9,0.004526243164581928,0.4666666666666666,287.859
2014-03-02 21:00:00,0.0,2.775,1012.825,95.9,1.7,0,101282.5,275.92499999999995,0.0043933728315639076,0.5666666666666667,287.859
2014-03-02 22:00:00,0.0,2.85,1013.175,96.0,1.1,0,101317.5,276.0,0.0044198813739531875,0.3666666666666667,322.678
2014-03-02 23:00:00,2.1,3.0,1013.05,95.7,0.9,0,101305.0,276.15,0.004453696773045891,0.3,322.741
2014-03-03 00:00:00,2.8000000000000003,2.325,1012.8,96.7,1.2,0,101280.0,275.47499999999997,0.004290690291925882,0.39999999999999997,322.708
2014-03-03 01:00:00,2.1,2.225,1012.525,98.8,0.8,0,101252.5,275.375,0.004353936755598529,0.26666666666666666,323.242
2014-03-03 02:00:00,2.1,2.45,1012.025,99.7,0.8,0,101202.5,275.59999999999997,0.004466749428540898,0.26666666666666666,323.242
2014-03-03 03:00:00,1.8,2.7,1011.675,100.0,0.9,0,101167.5,275.84999999999997,0.00456206491030053,0.3,323.242
2014-03-03 04:00:00,2.3000000000000003,2.8,1010.825,99.9,1.0,0,101082.5,275.95,0.0045938152899371405,0.3333333333333333,321.885
2014-03-03 05:00:00,1.5,2.4,1010.675,100.0,0.7,0,101067.5,275.54999999999995,0.004470244799342124,0.2333333333333333,321.885
2014-03-03 06:00:00,0.8,2.125,1010.575,100.0,0.3,0,101057.5,275.275,0.004383958134648903,0.09999999999999999,321.885
2014-03-03 07:00:00,1.4,2.625,1010.525,100.0,0.6,0,101052.5,275.775,0.0045429987793623285,0.19999999999999998,323.328
2014-03-03 08:00:00,1.5,3.225,1010.925,100.0,0.8,76,101092.5,276.375,0.004738422068440113,0.26666666666666666,323.328
2014-03-03 09:00:00,2.0,3.25,1011.05,100.0,1.3,148,101105.0,276.4,0.004746214791265928,0.43333333333333335,323.328
2014-03-03 10:00:00,0.4,3.275,1011.75,100.0,0.7,213,101175.0,276.42499999999995,0.004751316886191768,0.2333333333333333,319.316
2014-03-03 11:00:00,0.7000000000000001,3.6,1011.75,100.0,0.9,244,101175.0,276.75,0.004861533772539292,0.3,319.379
2014-03-03 12:00:00,1.2000000000000002,4.05,1011.95,100.0,0.8,305,101195.0,277.2,0.005016884569653907,0.26666666666666666,319.379
2014-03-03 13:00:00,0.6,4.55,1012.225,100.0,0.8,416,101222.5,277.7,0.005194355324274649,0.26666666666666666,322.347
2014-03-03 14:00:00,0.7,4.575,1011.625,99.8,1.3,216,101162.5,277.72499999999997,0.005196116376301289,0.43333333333333335,322.287
2014-03-03 15:00:00,2.5,4.6,1012.05,99.7,1.3,70,101205.0,277.75,0.005197806226408479,0.43333333333333335,322.287
2014-03-03 16:00:00,0.6000000000000001,4.075,1012.55,99.5,1.4,62,101255.0,277.22499999999997,0.004997605873822509,0.4666666666666666,321.807
2014-03-03 17:00:00,0.0,4.2,1013.525,99.9,1.5,17,101352.5,277.34999999999997,0.005057027334009142,0.5,321.752
2014-03-03 18:00:00,0.4,3.75,1014.125,99.7,1.3,0,101412.5,276.9,0.004886950766255799,0.43333333333333335,321.752
2014-03-03 19:00:00,0.3,3.325,1015.075,99.3,1.5,0,101507.5,276.47499999999997,0.004719241854677054,0.5,317.647
2014-03-03 20:00:00,0.4,3.375,1015.35,99.5,1.3,0,101535.0,276.525,0.004744186061463453,0.43333333333333335,317.647
2014-03-03 21:00:00,0.1,3.425,1015.5,99.7,1.1,0,101550.0,276.575,0.004769823431052925,0.3666666666666667,317.647
2014-03-03 22:00:00,0.2,3.25,1015.55,99.9,0.9,0,101555.0,276.4,0.004720458671896713,0.3,314.378
2014-03-03 23:00:00,0.3,3.0,1015.675,100.0,0.8,0,101567.5,276.15,0.004641782911724075,0.26666666666666666,314.321
2014-03-04 00:00:00,0.4,2.9,1015.675,100.0,0.6,0,101567.5,276.04999999999995,0.004609016766428629,0.19999999999999998,314.3
2014-03-04 01:00:00,0.0,3.0,1016.325,100.0,0.8,0,101632.5,276.15,0.004638814216776474,0.26666666666666666,308.547
2014-03-04 02:00:00,0.0,2.9,1016.175,100.0,1.0,0,101617.5,276.04999999999995,0.004606748940135704,0.3333333333333333,308.492
2014-03-04 03:00:00,0.1,3.025,1016.025,100.0,0.6,0,101602.5,276.17499999999995,0.0046484047717411025,0.19999999999999998,308.428
2014-03-04 04:00:00,2.5,2.575,1016.425,100.0,0.6,0,101642.5,275.72499999999997,0.004500613274499375,0.19999999999999998,302.738
2014-03-04 05:00:00,0.1,2.75,1016.1,100.0,0.5,0,101610.0,275.9,0.004558344122434806,0.16666666666666666,302.744
2014-03-04 06:00:00,0.1,2.725,1016.425,100.0,0.5,0,101642.5,275.875,0.00454880959848887,0.16666666666666666,302.744
2014-03-04 07:00:00,0.0,3.125,1016.75,100.0,0.7,0,101675.0,276.275,0.0046780792023823434,0.2333333333333333,302.527
2014-03-04 08:00:00,1.3,3.0,1017.575,100.0,0.8,16,101757.5,276.15,0.00463311584783957,0.26666666666666666,302.547
2014-03-04 09:00:00,0.1,3.4,1017.95,100.0,0.9,387,101795.0,276.54999999999995,0.00476424810325738,0.3,302.61
2014-03-04 10:00:00,0.1,5.125,1017.95,99.3,0.8,1472,101795.0,278.275,0.005338924037513792,0.26666666666666666,287.239
2014-03-04 11:00:00,0.0,7.1,1017.65,91.5,0.9,2630,101765.0,280.25,0.005640092589141265,0.3,287.317
2014-03-04 12:00:00,0.0,7.125,1017.2,80.7,1.1,1766,101720.0,280.275,0.004985107827873962,0.3666666666666667,287.317
2014-03-04 13:00:00,0.0,7.425,1016.925,82.5,0.9,1323,101692.5,280.575,0.005203390268398482,0.3,262.273
2014-03-04 14:00:00,0.0,8.275,1016.475,81.0,0.8,1679,101647.5,281.42499999999995,0.005415651055015179,0.26666666666666666,262.209
2014-03-04 15:00:00,0.0,7.775,1016.375,79.3,0.7,742,101637.5,280.92499999999995,0.005125229969635976,0.2333333333333333,262.209
2014-03-04 16:00:00,0.0,7.175,1016.075,81.4,0.5,465,101607.5,280.325,0.00505118367651394,0.16666666666666666,263.24
2014-03-04 17:00:00,0.0,5.275,1015.875,85.0,0.4,141,101587.5,278.42499999999995,0.004627445113298634,0.13333333333333333,263.185
2014-03-04 18:00:00,0.0,4.1,1015.95,94.2,0.4,0,101595.0,277.25,0.004723849492213322,0.13333333333333333,263.185
2014-03-04 19:00:00,0.0,3.65,1015.825,97.8,0.4,0,101582.5,276.79999999999995,0.0047522179998187265,0.13333333333333333,224.419
2014-03-04 20:00:00,0.0,3.575,1015.225,98.8,0.6,0,101522.5,276.72499999999997,0.004778328358081751,0.19999999999999998,224.419
2014-03-04 21:00:00,0.0,3.625,1015.425,98.1,0.5,0,101542.5,276.775,0.004760282115544281,0.16666666666666666,224.419
2014-03-04 22:00:00,0.0,3.675,1014.95,96.9,0.7,0,101495.0,276.825,0.004720850337592023,0.2333333333333333,220.495
2014-03-04 23:00:00,0.0,3.85,1014.35,94.7,0.6,0,101435.0,277.0,0.004673603498842311,0.19999999999999998,220.495
2014-03-05 00:00:00,0.0,3.875,1013.75,92.1,0.7,0,101375.0,277.025,0.004555981506262696,0.2333333333333333,220.495
2014-03-05 01:00:00,0.1,3.725,1013.35,94.9,0.7,0,101335.0,276.875,0.004647044085648676,0.2333333333333333,213.708
2014-03-05 02:00:00,0.0,3.85,1012.7,97.5,0.5,0,101270.0,277.0,0.004819628069165141,0.16666666666666666,213.708
2014-03-05 03:00:00,1.5,4.075,1012.35,98.3,0.6,0,101235.0,277.22499999999997,0.004938308660376827,0.19999999999999998,213.708
2014-03-05 04:00:00,2.5,4.25,1011.8,99.2,0.4,0,101180.0,277.4,0.005047818727331303,0.13333333333333333,207.38
2014-03-05 05:00:00,1.9,4.55,1011.475,99.8,0.6,0,101147.5,277.7,0.0051878104802171865,0.19999999999999998,207.38
2014-03-05 06:00:00,1.8,4.8,1011.675,99.9,0.4,0,101167.5,277.95,0.005283454597511981,0.13333333333333333,207.387
2014-03-05 07:00:00,2.9,4.925,1011.325,99.9,0.8,0,101132.5,278.075,0.005331567694804784,0.26666666666666666,254.235
2014-03-05 08:00:00,2.8,5.425,1012.1,100.0,0.6,0,101210.0,278.575,0.005521606081134153,0.19999999999999998,254.312
2014-03-05 09:00:00,1.3,5.55,1011.925,99.9,0.9,172,101192.5,278.7,0.005565109250591371,0.3,254.361
2014-03-05 10:00:00,0.3,6.15,1011.625,99.9,0.5,287,101162.5,279.29999999999995,0.00580276312869426,0.16666666666666666,294.452
2014-03-05 11:00:00,0.7,6.325,1011.125,99.5,0.6,260,101112.5,279.47499999999997,0.00585261919996133,0.19999999999999998,294.452
2014-03-05 12:00:00,0.8999999999999999,6.325,1010.3,99.2,0.5,434,101030.0,279.47499999999997,0.0058397378875496096,0.16666666666666666,294.452
2014-03-05 13:00:00,0.2,7.65,1008.925,98.9,0.5,513,100892.5,280.79999999999995,0.006384550269451931,0.16666666666666666,294.299
2014-03-05 14:00:00,1.1,6.575,1007.65,96.9,0.5,138,100765.0,279.72499999999997,0.0058186677004773,0.16666666666666666,294.219
2014-03-05 15:00:00,1.4,7.05,1006.575,98.3,0.9,220,100657.5,280.2,0.006104961301050642,0.3,294.219
2014-03-05 16:00:00,2.1,7.35,1005.525,98.1,1.0,91,100552.5,280.5,0.006225453717634769,0.3333333333333333,252.666
2014-03-05 17:00:00,1.1,6.95,1004.975,97.4,1.3,26,100497.5,280.09999999999997,0.00601729599289283,0.43333333333333335,252.672
2014-03-05 18:00:00,4.0,6.625,1004.75,98.8,1.3,0,100475.0,279.775,0.005970381932958919,0.43333333333333335,252.611
2014-03-05 19:00:00,7.1,6.25,1005.225,99.4,0.9,0,100522.5,279.4,0.005850715547761567,0.3,257.192
2014-03-05 20:00:00,1.6,5.525,1005.975,99.4,2.1,0,100597.5,278.67499999999995,0.005560354660964218,0.7000000000000001,257.197
2014-03-05 21:00:00,4.1,5.025,1006.425,99.4,1.8,0,100642.5,278.17499999999995,0.005367990601587515,0.6,257.177
2014-03-05 22:00:00,0.4,4.075,1006.85,99.0,1.5,0,100685.0,277.22499999999997,0.005000642652367555,0.5,261.355
2014-03-05 23:00:00,0.1,3.65,1007.6,98.9,1.9,0,100760.0,276.79999999999995,0.004844896789836439,0.6333333333333333,261.355
2014-03-06 00:00:00,0.1,3.2,1007.725,97.1,1.7,0,100772.5,276.34999999999997,0.004607468530175561,0.5666666666666667,261.355
2014-03-06 01:00:00,0.0,2.725,1007.85,97.6,1.3,0,100785.0,275.875,0.00447741154441295,0.43333333333333335,259.815
2014-03-06 02:00:00,0.0,2.475,1008.25,95.9,1.6,0,100825.0,275.625,0.004320263499315807,0.5333333333333333,259.815
2014-03-06 03:00:00,0.2,2.025,1007.925,97.5,1.4,0,100792.5,275.17499999999995,0.004255130133255636,0.4666666666666666,259.815
2014-03-06 04:00:00,0.2,1.9,1007.75,98.7,1.3,0,100775.0,275.04999999999995,0.004269963055921648,0.43333333333333335,257.893
2014-03-06 05:00:00,0.3,1.825,1007.45,98.0,1.6,0,100745.0,274.97499999999997,0.004218270676689015,0.5333333333333333,257.893
2014-03-06 06:00:00,0.1,1.5,1008.275,98.8,1.7,0,100827.5,274.65,0.004151506951352,0.5666666666666667,257.953
2014-03-06 07:00:00,0.0,1.475,1008.3,99.7,1.3,50,100830.0,274.625,0.004181719233616256,0.43333333333333335,240.019
2014-03-06 08:00:00,0.0,2.075,1008.325,97.6,1.6,172,100832.5,275.22499999999997,0.00427302364814669,0.5333333333333333,240.014
2014-03-06 09:00:00,2.2,1.525,1009.1,93.6,1.6,8,100910.0,274.67499999999995,0.0039368389821686335,0.5333333333333333,240.074
2014-03-06 10:00:00,4.4,0.425,1010.975,96.7,1.8,38,101097.5,273.575,0.003750602068614278,0.6,225.263
2014-03-06 11:00:00,2.5,0.275,1011.8,99.3,1.5,153,101180.0,273.42499999999995,0.003806762343114687,0.5,225.318
2014-03-06 12:00:00,3.5,0.325,1012.6,100.0,1.6,283,101260.0,273.47499999999997,0.003844458340299802,0.5333333333333333,225.401
2014-03-06 13:00:00,2.8,0.4,1013.25,99.9,1.2,448,101325.0,273.54999999999995,0.0038590338326956295,0.39999999999999997,217.288
2014-03-06 14:00:00,3.4000000000000004,0.425,1014.125,99.5,1.4,339,101412.5,273.575,0.0038472155791031133,0.4666666666666666,217.288
2014-03-06 15:00:00,1.8,0.7,1014.55,99.6,1.3,279,101455.0,273.84999999999997,0.003926699168100405,0.43333333333333335,217.288
2014-03-06 16:00:00,5.7,0.6,1015.375,99.8,1.1,19,101537.5,273.75,0.003903112301856533,0.3666666666666667,209.504
2014-03-06 17:00:00,1.8,0.575,1016.3,100.0,1.0,2,101630.0,273.72499999999997,0.0039003263890527795,0.3333333333333333,209.53
2014-03-06 18:00:00,2.4000000000000004,1.075,1016.75,100.0,1.1,0,101675.0,274.22499999999997,0.004041663404460999,0.3666666666666667,209.472
2014-03-06 19:00:00,3.6,1.4,1017.975,100.0,1.4,0,101797.5,274.54999999999995,0.004132152861642195,0.4666666666666666,195.055
2014-03-06 20:00:00,2.5,1.45,1018.4,100.0,1.4,0,101840.0,274.59999999999997,0.004145267724621996,0.4666666666666666,195.108
2014-03-06 21:00:00,4.3,1.175,1019.325,100.0,1.3,0,101932.5,274.325,0.00406054436833486,0.43333333333333335,195.045
2014-03-06 22:00:00,3.0,1.475,1020.225,100.0,1.2,0,102022.5,274.625,0.004145276627997419,0.39999999999999997,193.003
2014-03-06 23:00:00,2.0,1.35,1020.8,100.0,1.2,0,102080.0,274.5,0.004105959961163392,0.39999999999999997,193.003
2014-03-07 00:00:00,0.9,1.15,1021.125,100.0,0.9,0,102112.5,274.29999999999995,0.0040461093247815315,0.3,192.983
2014-03-07 01:00:00,0.7,1.15,1021.45,100.0,0.8,0,102145.0,274.29999999999995,0.004044821953367802,0.26666666666666666,191.173
2014-03-07 02:00:00,4.1,0.875,1021.85,100.0,0.9,0,102185.0,274.025,0.003964005797606792,0.3,191.109
2014-03-07 03:00:00,1.1,0.675,1022.125,100.0,0.3,0,102212.5,273.825,0.0039061982703609576,0.09999999999999999,191.109
2014-03-07 04:00:00,0.8,0.575,1022.125,100.0,0.4,0,102212.5,273.72499999999997,0.0038780987738234953,0.13333333333333333,193.801
2014-03-07 05:00:00,0.2,0.525,1022.2,100.0,0.1,0,102220.0,273.67499999999995,0.003863832828726815,0.03333333333333333,193.862
2014-03-07 06:00:00,0.0,0.7,1022.9,100.0,0.3,0,102290.0,273.84999999999997,0.0039102864100809005,0.09999999999999999,193.862
2014-03-07 07:00:00,0.0,0.75,1023.15,100.0,0.2,4,102315.0,273.9,0.003923456696092946,0.06666666666666667,200.31
2014-03-07 08:00:00,0.3,1.225,1023.975,100.0,0.2,110,102397.5,274.375,0.004056653669209115,0.06666666666666667,200.311
2014-03-07 09:00:00,0.1,2.575,1024.425,100.0,0.2,879,102442.5,275.72499999999997,0.00446546682044369,0.06666666666666667,200.311
2014-03-07 10:00:00,0.0,3.175,1024.0,99.7,0.5,1081,102400.0,276.325,0.004647428619738089,0.16666666666666666,213.485
2014-03-07 11:00:00,0.0,5.0,1024.35,95.1,0.8,2236,102434.99999999999,278.15,0.005037122389033072,0.26666666666666666,213.485
2014-03-07 12:00:00,0.1,6.7,1023.575,80.0,0.7,2324,102357.5,279.84999999999997,0.004769940123621025,0.2333333333333333,213.505
2014-03-07 13:00:00,0.1,8.45,1023.0,76.0,0.8,2720,102300.0,281.59999999999997,0.005109228684981884,0.26666666666666666,216.709
2014-03-07 14:00:00,0.0,8.325,1022.65,67.2,0.7,2293,102265.0,281.47499999999997,0.00448103362545392,0.2333333333333333,216.73
2014-03-07 15:00:00,0.0,6.2,1022.1,70.2,0.5,1114,102210.0,279.34999999999997,0.004049779877814025,0.16666666666666666,216.73
2014-03-07 16:00:00,0.0,4.15,1021.875,83.4,0.5,212,102187.5,277.29999999999995,0.004172626049774091,0.16666666666666666,202.593
2014-03-07 17:00:00,0.0,2.675,1021.9,94.6,0.7,27,102190.0,275.825,0.00426495487160605,0.2333333333333333,202.518
2014-03-07 18:00:00,0.0,2.65,1021.925,98.4,0.6,0,102192.5,275.79999999999995,0.004428298070119433,0.19999999999999998,202.508
2014-03-07 19:00:00,0.2,2.525,1022.025,99.4,0.7,0,102202.5,275.67499999999995,0.004433315365558778,0.2333333333333333,194.084
2014-03-07 20:00:00,0.0,2.525,1021.975,99.9,0.7,0,102197.5,275.67499999999995,0.004455833735108343,0.2333333333333333,194.064
2014-03-07 21:00:00,0.0,2.45,1022.175,100.0,0.9,0,102217.5,275.59999999999997,0.004435702578588704,0.3,194.064
2014-03-07 22:00:00,0.0,2.05,1021.975,100.0,1.1,0,102197.5,275.2,0.00431192340638814,0.3666666666666667,193.899
2014-03-07 23:00:00,0.0,2.175,1021.2,98.6,1.0,0,102120.0,275.325,0.004292886056824375,0.3333333333333333,193.899
2014-03-08 00:00:00,0.0,2.85,1020.825,92.3,1.0,0,102082.5,276.0,0.0042176860485634415,0.3333333333333333,193.899
2014-03-08 01:00:00,0.0,3.075,1021.175,81.6,1.2,0,102117.5,276.22499999999997,0.0037873491011414465,0.39999999999999997,196.295
2014-03-08 02:00:00,0.0,2.675,1020.775,77.9,1.0,0,102077.5,275.825,0.0035159212203534984,0.3333333333333333,196.295
2014-03-08 03:00:00,0.0,2.8,1019.55,83.1,0.8,0,101955.0,275.95,0.0037885804159458756,0.26666666666666666,196.295
2014-03-08 04:00:00,0.0,3.1500000000000004,1018.975,78.7,0.9,0,101897.5,276.29999999999995,0.003680111017519206,0.3,203.203
2014-03-08 05:00:00,0.0,3.725,1019.325,75.3,0.9,0,101932.5,276.875,0.003665661450236705,0.3,203.203
2014-03-08 06:00:00,0.0,4.0,1019.425,73.2,0.7,0,101942.5,277.15,0.003632653948771892,0.2333333333333333,203.203
2014-03-08 07:00:00,0.0,4.575,1019.675,68.9,0.8,70,101967.5,277.72499999999997,0.0035589782324372396,0.26666666666666666,218.731
2014-03-08 08:00:00,0.0,5.375,1019.675,68.1,0.7,309,101967.5,278.525,0.003719341458208822,0.2333333333333333,218.786
2014-03-08 09:00:00,0.0,7.875,1019.575,62.8,0.5,691,101957.5,281.025,0.004073736666734202,0.16666666666666666,218.81
2014-03-08 10:00:00,0.0,8.35,1018.975,55.4,0.3,694,101897.5,281.5,0.003713802179451557,0.09999999999999999,241.489
2014-03-08 11:00:00,0.0,8.8,1018.825,56.1,0.2,716,101882.5,281.95,0.0038776557498594595,0.06666666666666667,241.483
2014-03-08 12:00:00,0.0,8.1,1018.6,56.8,0.4,419,101860.0,281.25,0.003744939644974242,0.13333333333333333,241.483
2014-03-08 13:00:00,0.0,6.675,1017.975,63.7,0.5,365,101797.5,279.825,0.0038124012586944304,0.16666666666666666,243.868
2014-03-08 14:00:00,0.5,5.65,1017.975,85.2,0.7,210,101797.5,278.79999999999995,0.004750840404806089,0.2333333333333333,243.868
2014-03-08 15:00:00,1.4,5.4,1017.825,93.6,0.4,100,101782.5,278.54999999999995,0.005130238889602169,0.13333333333333333,243.868
2014-03-08 16:00:00,1.9,5.55,1017.6,97.7,0.4,29,101760.0,278.7,0.00541220199690784,0.13333333333333333,238.628
2014-03-08 17:00:00,1.2000000000000002,5.75,1017.175,98.9,0.4,16,101717.5,278.9,0.005557475848780044,0.13333333333333333,238.564
2014-03-08 18:00:00,1.0,5.925000000000001,1016.825,99.3,0.4,0,101682.5,279.075,0.005649889664073375,0.13333333333333333,238.489
2014-03-08 19:00:00,1.3,6.25,1016.575,99.6,0.6,0,101657.5,279.4,0.005797033282351687,0.19999999999999998,236.225
2014-03-08 20:00:00,2.3,6.6,1016.75,99.8,0.7,0,101675.0,279.75,0.005949394547972728,0.2333333333333333,236.225
2014-03-08 21:00:00,1.1,7.0,1016.9,99.7,1.1,0,101690.0,280.15,0.006108067320930193,0.3666666666666667,236.23
2014-03-08 22:00:00,3.7,7.1,1016.75,99.4,1.5,0,101675.0,280.25,0.0061324749054426555,0.5,249.7
2014-03-08 23:00:00,3.1,7.15,1016.35,99.5,1.4,0,101635.0,280.29999999999995,0.006162129360047761,0.4666666666666666,249.7
2014-03-09 00:00:00,3.9,7.275,1016.425,99.5,1.6,0,101642.5,280.42499999999995,0.00621462292690047,0.5333333333333333,249.7
2014-03-09 01:00:00,5.0,7.3,1016.85,99.6,1.5,0,101685.0,280.45,0.006228912716064226,0.5,283.119
2014-03-09 02:00:00,0.0,7.15,1016.55,99.6,1.2,0,101655.0,280.29999999999995,0.0061671088751358025,0.39999999999999997,283.119
2014-03-09 03:00:00,3.5,7.1,1015.925,99.6,0.9,0,101592.5,280.25,0.00614980389477489,0.3,283.065
2014-03-09 04:00:00,5.4,7.05,1015.625,99.8,1.0,0,101562.5,280.2,0.006142889396678265,0.3333333333333333,293.529
2014-03-09 05:00:00,3.5,6.725,1015.725,99.7,1.1,0,101572.5,279.875,0.006000781366637666,0.3666666666666667,293.529
2014-03-09 06:00:00,4.5,6.95,1015.975,99.8,1.1,0,101597.5,280.09999999999997,0.006098811300942351,0.3666666666666667,293.529
2014-03-09 07:00:00,3.7,6.95,1016.575,99.8,0.9,21,101657.5,280.09999999999997,0.006095211677913489,0.3,289.543
2014-03-09 08:00:00,2.1,6.75,1016.925,99.9,1.3,182,101692.5,279.9,0.006016049201469379,0.43333333333333335,289.543
2014-03-09 09:00:00,1.7,6.8,1017.725,99.8,1.5,250,101772.5,279.95,0.006025963854862212,0.5,289.606
2014-03-09 10:00:00,1.0,6.875,1018.0,99.7,1.0,243,101800.0,280.025,0.006049369331304156,0.3333333333333333,303.935
2014-03-09 11:00:00,1.2,7.125,1017.875,99.6,0.7,462,101787.5,280.275,0.0061485436981043645,0.2333333333333333,303.935
2014-03-09 12:00:00,0.8,7.15,1017.65,99.4,0.8,644,101765.0,280.29999999999995,0.0061480723462386715,0.26666666666666666,303.993
2014-03-09 13:00:00,1.7000000000000002,6.8,1017.125,99.1,0.8,464,101712.5,279.95,0.005987227346532256,0.26666666666666666,301.417
2014-03-09 14:00:00,3.3000000000000003,6.875,1016.8,99.2,0.6,446,101680.0,280.025,0.006026134970049299,0.19999999999999998,301.417
2014-03-09 15:00:00,2.0,6.5,1016.325,99.2,0.6,240,101632.5,279.65,0.0058755278054024385,0.19999999999999998,301.423
2014-03-09 16:00:00,2.6,5.925,1016.45,99.5,0.6,100,101645.0,279.075,0.005663357717592981,0.19999999999999998,262.798
2014-03-09 17:00:00,0.8,5.25,1015.75,99.9,0.6,16,101575.0,278.4,0.005429831835537055,0.19999999999999998,262.784
2014-03-09 18:00:00,2.7,4.65,1016.025,100.0,0.2,0,101602.5,277.79999999999995,0.005211227966592204,0.06666666666666667,262.784
2014-03-09 19:00:00,3.7,4.25,1016.275,100.0,0.5,0,101627.5,277.4,0.005066120450468834,0.16666666666666666,280.457
2014-03-09 20:00:00,4.9,3.175,1016.5,100.0,0.8,0,101650.0,276.325,0.00469580596843339,0.26666666666666666,280.457
2014-03-09 21:00:00,0.7000000000000001,2.825,1016.35,100.0,1.4,0,101635.0,275.97499999999997,0.0045815319225693775,0.4666666666666666,280.457
2014-03-09 22:00:00,3.6,2.625,1015.875,100.0,0.7,0,101587.5,275.775,0.004519073548925919,0.2333333333333333,285.874
2014-03-09 23:00:00,3.5,2.45,1015.75,100.0,0.9,0,101575.0,275.59999999999997,0.004463760062287875,0.3,285.874
2014-03-10 00:00:00,4.8,1.4500000000000002,1015.775,100.0,0.6,0,101577.5,274.59999999999997,0.0041559800652261,0.19999999999999998,285.874
2014-03-10 01:00:00,4.1,0.475,1015.95,100.0,0.3,0,101595.0,273.625,0.0038735802239045288,0.09999999999999999,288.953
2014-03-10 02:00:00,1.6,-0.075,1015.775,100.0,0.7,0,101577.5,273.075,0.0037229084227326007,0.2333333333333333,288.953
2014-03-10 03:00:00,1.4,0.05,1015.9,100.0,0.0,0,101590.0,273.2,0.003756373207989288,0.0,288.958
2014-03-10 04:00:00,0.3,0.125,1016.0,100.0,0.0,0,101600.0,273.275,0.0037764865204316608,0.0,292.224
2014-03-10 05:00:00,3.0,-0.175,1016.225,100.0,0.0,0,101622.5,272.97499999999997,0.0036943260903013753,0.0,292.224
2014-03-10 06:00:00,1.2,-0.3,1017.375,100.0,0.2,0,101737.5,272.84999999999997,0.003656763955480006,0.06666666666666667,292.224
2014-03-10 07:00:00,1.0,-0.2,1017.775,100.0,0.0,7,101777.5,272.95,0.003682003735279584,0.0,289.138
2014-03-10 08:00:00,1.4,-0.2,1018.65,100.0,0.0,75,101865.0,272.95,0.0036788409676279175,0.0,289.196
2014-03-10 09:00:00,2.0,-0.125,1019.475,100.0,0.0,131,101947.5,273.025,0.0036959512254932094,0.0,289.196
2014-03-10 10:00:00,0.1,0.3,1020.325,100.0,0.0,572,102032.5,273.45,0.0038084537808384497,0.0,280.199
2014-03-10 11:00:00,0.0,0.7,1020.925,100.0,0.0,687,102092.5,273.84999999999997,0.0039178509379942245,0.0,280.199
2014-03-10 12:00:00,2.7,0.2,1021.825,100.0,0.0,249,102182.5,273.34999999999997,0.003775423035300127,0.0,280.199
2014-03-10 13:00:00,3.0,-0.225,1022.025,100.0,0.2,286,102202.5,272.92499999999995,0.003660034878826467,0.06666666666666667,278.06
2014-03-10 14:00:00,0.3,-0.4,1022.525,100.0,0.7,337,102252.5,272.75,0.0036119642333553754,0.2333333333333333,278.06
2014-03-10 15:00:00,0.8,-0.25,1023.3,100.0,0.6,351,102330.0,272.9,0.0036488360225861646,0.19999999999999998,278.06
2014-03-10 16:00:00,0.4,-0.425,1023.55,100.0,0.7,170,102355.0,272.72499999999997,0.003601784742217364,0.2333333333333333,210.503
2014-03-10 17:00:00,0.5,-0.6749999999999999,1024.425,99.9,0.7,31,102442.5,272.47499999999997,0.0035301859972922817,0.2333333333333333,210.354
2014-03-10 18:00:00,0.1,-0.8250000000000001,1024.95,100.0,0.5,0,102495.0,272.325,0.0034934379355803227,0.16666666666666666,210.354
2014-03-10 19:00:00,0.9000000000000001,-0.95,1025.45,100.0,0.5,0,102545.0,272.2,0.0034599747644441597,0.16666666666666666,183.739
2014-03-10 20:00:00,0.1,-1.25,1026.375,100.0,0.6,0,102637.5,271.9,0.003381744156957051,0.19999999999999998,183.739
2014-03-10 21:00:00,0.1,-1.55,1026.925,100.0,0.7,0,102692.5,271.59999999999997,0.003306311900450626,0.2333333333333333,183.739
2014-03-10 22:00:00,0.2,-1.725,1027.7,100.0,0.6,0,102770.0,271.42499999999995,0.0032615652697452497,0.19999999999999998,173.577
2014-03-10 23:00:00,0.1,-2.35,1027.875,100.0,0.3,0,102787.5,270.79999999999995,0.003114018539822305,0.09999999999999999,173.577
2014-03-11 00:00:00,0.0,-2.425,1028.075,100.0,0.2,0,102807.5,270.72499999999997,0.0030961786184918742,0.06666666666666667,173.516
2014-03-11 01:00:00,0.0,-3.05,1028.35,100.0,0.1,0,102834.99999999999,270.09999999999997,0.00295503257882889,0.03333333333333333,166.625
2014-03-11 02:00:00,0.0,-3.675,1028.125,100.0,0.1,0,102812.5,269.47499999999997,0.002821010575545441,0.03333333333333333,166.625
2014-03-11 03:00:00,0.0,-4.275,1028.075,100.0,0.2,0,102807.5,268.875,0.0026970176473334363,0.06666666666666667,166.562
2014-03-11 04:00:00,0.0,-4.375,1028.275,100.0,0.4,0,102827.50000000001,268.775,0.002676287509573838,0.13333333333333333,166.123
2014-03-11 05:00:00,0.0,-4.6,1028.125,100.0,0.4,0,102812.5,268.54999999999995,0.002631700155078363,0.13333333333333333,166.123
2014-03-11 06:00:00,0.0,-4.95,1027.975,99.8,0.5,0,102797.49999999999,268.2,0.0025583164747699193,0.16666666666666666,166.123
2014-03-11 07:00:00,0.0,-3.625,1028.45,99.2,0.7,4,102845.0,269.525,0.0028080395131376457,0.2333333333333333,176.197
2014-03-11 08:00:00,0.1,-1.1,1028.75,92.7,0.6,67,102875.0,272.04999999999995,0.00316220451853621,0.19999999999999998,176.315
2014-03-11 09:00:00,0.0,2.45,1028.8249999999998,82.3,0.3,712,102882.49999999999,275.59999999999997,0.003626987004719279,0.09999999999999999,176.282
2014-03-11 10:00:00,0.1,3.425,1028.7,74.9,0.5,2111,102870.0,276.575,0.0035373672441271027,0.16666666666666666,191.84
2014-03-11 11:00:00,0.1,5.925,1028.625,70.4,0.6,2818,102862.5,279.075,0.003959610956707328,0.19999999999999998,191.787
2014-03-11 12:00:00,0.1,5.925,1028.1750000000002,63.0,0.3,2793,102817.50000000001,279.075,0.0035449526864901517,0.09999999999999999,191.868
2014-03-11 13:00:00,0.0,5.525,1027.225,68.4,0.6,2572,102722.49999999999,278.67499999999995,0.0037470873590869074,0.19999999999999998,206.062
2014-03-11 14:00:00,0.0,5.675,1026.8249999999998,71.0,0.6,2005,102682.49999999999,278.825,0.003931717930821731,0.19999999999999998,206.062
2014-03-11 15:00:00,0.0,3.725,1026.75,76.9,0.5,1363,102675.0,276.875,0.00371647897509145,0.16666666666666666,206.062
2014-03-11 16:00:00,0.0,1.225,1026.375,88.1,0.6,305,102637.5,274.375,0.003565554909227059,0.19999999999999998,233.179
2014-03-11 17:00:00,0.0,0.35,1026.35,97.2,0.7,33,102634.99999999999,273.5,0.0036934273788365116,0.2333333333333333,233.104
2014-03-11 18:00:00,0.0,0.7,1026.275,99.4,0.8,0,102627.50000000001,273.84999999999997,0.0038740425101055007,0.26666666666666666,233.104
2014-03-11 19:00:00,0.0,0.7250000000000001,1026.85,95.5,0.9,0,102684.99999999999,273.875,0.003726674004833011,0.3,242.456
2014-03-11 20:00:00,0.0,-0.325,1027.1,94.6,0.8,0,102709.99999999999,272.825,0.0034203180055572963,0.26666666666666666,242.393
2014-03-11 21:00:00,0.0,-0.4,1026.775,99.4,0.6,0,102677.50000000001,272.75,0.0035754316041444662,0.19999999999999998,242.373
2014-03-11 22:00:00,0.0,0.05,1026.95,99.8,0.8,0,102695.0,273.2,0.0037085226572981405,0.26666666666666666,240.664
2014-03-11 23:00:00,0.0,-0.35,1026.85,96.0,0.8,0,102684.99999999999,272.79999999999995,0.003465470714521523,0.26666666666666666,240.664
2014-03-12 00:00:00,0.0,-0.625,1026.975,95.7,0.7,0,102697.49999999999,272.525,0.003385700577084292,0.2333333333333333,240.67
2014-03-12 01:00:00,0.0,0.675,1026.625,91.4,0.9,0,102662.5,273.825,0.003554615694224008,0.3,270.675
2014-03-12 02:00:00,0.0,1.1,1026.25,77.0,0.7,0,102625.0,274.25,0.0030888212097592294,0.2333333333333333,270.675
2014-03-12 03:00:00,0.0,2.125,1025.65,64.1,1.1,0,102565.00000000001,275.275,0.002768814072366328,0.3666666666666667,270.675
2014-03-12 04:00:00,0.0,2.325,1026.175,56.8,1.3,0,102617.5,275.47499999999997,0.0024874324287849493,0.43333333333333335,257.784
2014-03-12 05:00:00,0.0,2.35,1025.95,55.8,1.5,0,102595.0,275.5,0.002448529614290184,0.5,257.784
2014-03-12 06:00:00,0.0,1.55,1025.625,53.5,1.5,0,102562.5,274.7,0.002217937074585027,0.5,257.784
2014-03-12 07:00:00,0.0,2.025,1025.125,56.4,1.4,13,102512.5,275.17499999999995,0.002420130178308753,0.4666666666666666,284.41
2014-03-12 08:00:00,0.0,4.575,1025.225,50.2,1.3,77,102522.49999999999,277.72499999999997,0.002579006345541187,0.43333333333333335,284.481
2014-03-12 09:00:00,0.0,8.875,1025.325,38.1,0.8,643,102532.5,282.025,0.0026300887205204185,0.26666666666666666,284.651
2014-03-12 10:00:00,0.0,10.625,1024.95,31.0,0.7,2265,102495.0,283.775,0.002407429260088497,0.2333333333333333,275.669
2014-03-12 11:00:00,0.0,11.875,1024.025,28.8,0.9,2906,102402.50000000001,285.025,0.0024320264311080103,0.3,275.851
2014-03-12 12:00:00,0.1,13.4,1023.55,28.3,1.0,3011,102355.0,286.54999999999995,0.0026424055398046376,0.3333333333333333,275.872
2014-03-12 13:00:00,0.2,13.125,1023.075,32.5,0.6,2861,102307.5,286.275,0.0029819713431365577,0.19999999999999998,265.526
2014-03-12 14:00:00,0.0,12.125,1022.525,39.2,0.6,2026,102252.5,285.275,0.0033701918395091087,0.19999999999999998,265.526
2014-03-12 15:00:00,0.0,10.45,1022.4,42.8,0.6,1399,102240.0,283.59999999999997,0.0032934442497100265,0.19999999999999998,265.526
2014-03-12 16:00:00,0.0,7.525,1022.45,53.1,0.6,348,102245.0,280.67499999999995,0.003353825151001007,0.19999999999999998,223.896
2014-03-12 17:00:00,0.2,6.125,1021.925,61.9,0.7,37,102192.5,279.275,0.0035531285069433116,0.2333333333333333,223.777
2014-03-12 18:00:00,0.0,4.25,1021.725,63.2,0.8,0,102172.5,277.4,0.0031847094143979404,0.26666666666666666,223.633
2014-03-12 19:00:00,0.0,3.975,1021.6,67.4,0.8,0,102160.0,277.125,0.0033318430879158327,0.26666666666666666,213.421
2014-03-12 20:00:00,0.0,3.5500000000000003,1021.6,65.1,0.9,0,102160.0,276.7,0.0031233174554721635,0.3,213.401
2014-03-12 21:00:00,0.0,2.7,1021.525,68.4,0.7,0,102152.5,275.84999999999997,0.0030903636038273658,0.2333333333333333,213.401
2014-03-12 22:00:00,0.0,2.425,1021.15,70.0,0.7,0,102115.0,275.575,0.0031025859989976816,0.2333333333333333,223.931
2014-03-12 23:00:00,0.0,2.325,1021.25,72.7,0.6,0,102125.0,275.47499999999997,0.0031990919838748837,0.19999999999999998,224.023
2014-03-13 00:00:00,0.0,2.225,1020.85,70.5,0.8,0,102085.0,275.375,0.003081471182614743,0.26666666666666666,224.023
2014-03-13 01:00:00,0.0,2.225,1020.325,69.1,0.8,0,102032.5,275.375,0.003021832907196176,0.26666666666666666,241.076
2014-03-13 02:00:00,0.0,2.1,1020.1,73.2,0.9,0,102010.0,275.25,0.0031734297834820377,0.3,241.076
2014-03-13 03:00:00,0.0,2.1,1019.75,72.1,0.7,0,101975.0,275.25,0.00312681445234722,0.2333333333333333,241.076
2014-03-13 04:00:00,0.0,1.85,1020.0,71.6,0.7,0,102000.0,275.0,0.0030494452861353437,0.2333333333333333,202.929
2014-03-13 05:00:00,0.0,1.625,1019.55,70.4,0.7,0,101955.0,274.775,0.0029517617196011692,0.2333333333333333,202.929
2014-03-13 06:00:00,0.0,1.725,1018.85,66.5,0.7,0,101885.0,274.875,0.0028101996828374404,0.2333333333333333,202.866
2014-03-13 07:00:00,0.0,3.175,1019.325,67.1,0.6,17,101932.5,276.325,0.0031421533079227077,0.19999999999999998,221.067
2014-03-13 08:00:00,0.4,6.575,1019.675,61.9,0.3,193,101967.5,279.72499999999997,0.003673147474310742,0.09999999999999999,221.205
2014-03-13 09:00:00,0.0,8.25,1019.775,45.9,0.3,744,101977.5,281.4,0.003053751292771226,0.09999999999999999,221.22
2014-03-13 10:00:00,0.1,9.975,1019.775,41.4,0.5,2002,101977.5,283.125,0.0030941007670421687,0.16666666666666666,280.933
2014-03-13 11:00:00,0.0,10.95,1019.725,36.4,0.6,2696,101972.5,284.09999999999997,0.0029033857096002515,0.19999999999999998,280.935
2014-03-13 12:00:00,0.0,10.875,1019.5,36.3,0.9,2605,101950.0,284.025,0.0028816456940093838,0.3,280.935
2014-03-13 13:00:00,0.0,11.125,1018.85,38.0,1.0,2648,101885.0,284.275,0.0030690715245823537,0.3333333333333333,307.864
2014-03-13 14:00:00,0.0,10.875,1018.625,37.5,0.8,2008,101862.5,284.025,0.0029794638748379273,0.26666666666666666,307.864
2014-03-13 15:00:00,0.0,9.875,1018.925,42.5,0.7,1336,101892.5,283.025,0.003157734907105046,0.2333333333333333,307.864
2014-03-13 16:00:00,0.0,7.825,1018.9,49.8,0.7,442,101890.0,280.97499999999997,0.003221598317850425,0.2333333333333333,312.273
2014-03-13 17:00:00,0.0,6.175,1018.975,59.2,0.5,159,101897.5,279.325,0.0034197672899401437,0.16666666666666666,312.279
2014-03-13 18:00:00,0.0,4.5,1018.575,71.6,0.3,1,101857.5,277.65,0.0036830696301444915,0.09999999999999999,312.135
2014-03-13 19:00:00,0.0,4.05,1018.5,75.4,0.5,0,101850.0,277.2,0.003758404124258221,0.16666666666666666,299.658
2014-03-13 20:00:00,0.0,3.225,1018.6,78.1,0.6,0,101860.0,276.375,0.0036728233520214384,0.19999999999999998,299.594
2014-03-13 21:00:00,0.0,3.825,1019.275,84.1,0.4,0,101927.5,276.97499999999997,0.004123165033694403,0.13333333333333333,299.594
2014-03-13 22:00:00,0.0,3.3,1018.7,84.2,0.3,0,101870.0,276.45,0.003980338678745075,0.09999999999999999,267.109
2014-03-13 23:00:00,0.0,3.6,1018.65,87.8,0.6,0,101865.0,276.75,0.0042395137343090375,0.19999999999999998,267.109
2014-03-14 00:00:00,0.0,3.4,1018.85,88.0,0.4,0,101885.0,276.54999999999995,0.004188834856853853,0.13333333333333333,267.023
2014-03-14 01:00:00,0.0,3.45,1019.05,90.7,0.3,0,101905.0,276.59999999999997,0.0043317657817762865,0.09999999999999999,268.989
2014-03-14 02:00:00,0.0,2.9,1018.75,94.5,0.5,0,101875.0,276.04999999999995,0.004342374118781906,0.16666666666666666,268.989
2014-03-14 03:00:00,1.3,2.9,1018.75,98.5,0.7,0,101875.0,276.04999999999995,0.0045261783142859025,0.2333333333333333,268.989
2014-03-14 04:00:00,0.6000000000000001,3.075,1018.75,99.6,0.8,0,101875.0,276.22499999999997,0.00463379770658569,0.26666666666666666,288.105
2014-03-14 05:00:00,2.1,3.3,1018.5,99.9,0.7,0,101850.0,276.45,0.004723443190553816,0.2333333333333333,288.105
2014-03-14 06:00:00,2.9,3.25,1019.15,99.8,0.6,0,101915.0,276.4,0.004699075841416865,0.19999999999999998,288.105
2014-03-14 07:00:00,2.7,3.4,1019.8,100.0,1.2,0,101980.0,276.54999999999995,0.0047556053703773785,0.39999999999999997,287.566
2014-03-14 08:00:00,0.9,3.475,1020.375,99.9,1.5,57,102037.5,276.625,0.00477336667405745,0.5,287.566
2014-03-14 09:00:00,1.7999999999999998,3.375,1021.4,99.9,1.4,215,102140.0,276.525,0.00473504423250914,0.4666666666666666,287.566
2014-03-14 10:00:00,1.3,3.5,1022.075,99.9,1.4,363,102207.5,276.65,0.004773837492613322,0.4666666666666666,291.059
2014-03-14 11:00:00,1.4,3.775,1022.6,99.8,1.2,419,102260.0,276.92499999999995,0.004859853024784904,0.39999999999999997,291.119
2014-03-14 12:00:00,0.2,4.2,1023.225,99.5,1.1,567,102322.5,277.34999999999997,0.00498903116320465,0.3666666666666667,291.14
2014-03-14 13:00:00,0.2,4.45,1023.675,98.8,1.4,630,102367.5,277.59999999999997,0.005039243688027105,0.4666666666666666,294.575
2014-03-14 14:00:00,0.1,4.65,1024.125,96.5,1.3,635,102412.5,277.79999999999995,0.0049890609724792916,0.43333333333333335,294.639
2014-03-14 15:00:00,0.1,5.5,1024.8,94.6,0.7,1145,102480.0,278.65,0.005185634830173526,0.2333333333333333,294.696
2014-03-14 16:00:00,0.0,5.025,1024.85,88.7,0.8,633,102484.99999999999,278.17499999999995,0.004704030111141365,0.26666666666666666,296.938
2014-03-14 17:00:00,0.0,3.85,1025.35,89.1,0.6,131,102534.99999999999,277.0,0.004350060404608201,0.19999999999999998,296.875
2014-03-14 18:00:00,0.2,2.275,1025.4250000000002,94.1,0.4,6,102542.50000000001,275.42499999999995,0.004109260686172561,0.13333333333333333,296.875
2014-03-14 19:00:00,0.1,1.55,1025.55,98.4,0.7,0,102555.0,274.7,0.004079644275175487,0.2333333333333333,290.709
2014-03-14 20:00:00,0.1,1.55,1025.75,99.8,0.7,0,102575.0,274.7,0.00413688123109742,0.2333333333333333,290.709
2014-03-14 21:00:00,0.0,1.5,1025.85,100.0,0.7,0,102584.99999999999,274.65,0.004129942081578284,0.2333333333333333,290.709
2014-03-14 22:00:00,0.1,1.425,1025.925,100.0,0.7,0,102592.5,274.575,0.004107491753060466,0.2333333333333333,288.723
2014-03-14 23:00:00,0.0,0.975,1025.7,100.0,0.8,0,102570.0,274.125,0.00397767045937254,0.26666666666666666,288.723
2014-03-15 00:00:00,0.0,0.3,1025.8,100.0,0.8,0,102580.0,273.45,0.003788126929161621,0.26666666666666666,288.723
2014-03-15 01:00:00,0.0,-0.25,1025.525,100.0,0.9,0,102552.50000000001,272.9,0.003640919433375512,0.3,296.418
2014-03-15 02:00:00,0.0,-0.15,1025.625,99.1,1.1,0,102562.5,273.0,0.003634118577794864,0.3666666666666667,296.418
2014-03-15 03:00:00,0.0,1.175,1025.75,90.3,1.0,0,102575.0,274.325,0.003643704599163926,0.3333333333333333,296.418
2014-03-15 04:00:00,0.0,1.875,1025.65,69.5,1.1,0,102565.00000000001,275.025,0.0029489647587866395,0.3666666666666667,303.134
2014-03-15 05:00:00,0.0,2.775,1025.55,59.2,1.0,0,102555.0,275.92499999999995,0.002678420333545889,0.3333333333333333,303.134
2014-03-15 06:00:00,0.0,2.95,1025.775,51.0,0.9,0,102577.50000000001,276.09999999999997,0.0023357141800496887,0.3,303.134
2014-03-15 07:00:00,0.0,4.375,1026.4,44.4,0.9,137,102640.00000000001,277.525,0.002246759467635473,0.3,308.799
2014-03-15 08:00:00,0.1,7.35,1026.2,41.4,0.7,377,102620.0,280.5,0.002574323996373333,0.2333333333333333,308.799
2014-03-15 09:00:00,0.2,11.575,1026.5,38.1,0.3,928,102650.0,284.72499999999997,0.003146636047866569,0.09999999999999999,308.814
2014-03-15 10:00:00,0.0,12.5,1026.6,16.0,0.7,2132,102659.99999999999,285.65,0.0014043300841777206,0.2333333333333333,316.48
2014-03-15 11:00:00,0.0,12.975,1026.975,20.7,0.9,2630,102697.49999999999,286.125,0.001873611090631624,0.3,316.474
2014-03-15 12:00:00,0.0,13.675,1026.625,17.3,1.0,2884,102662.5,286.825,0.001639586060818378,0.3333333333333333,316.534
2014-03-15 13:00:00,0.0,13.725,1026.65,21.0,1.1,2500,102665.00000000001,286.875,0.0019966833733198537,0.3666666666666667,314.74
2014-03-15 14:00:00,0.0,13.475,1026.525,25.7,0.8,1910,102652.50000000001,286.625,0.0024044102694963016,0.26666666666666666,314.804
2014-03-15 15:00:00,0.0,12.425,1026.15,28.3,0.8,1389,102615.00000000001,285.575,0.002472788521424759,0.26666666666666666,314.771
2014-03-15 16:00:00,0.0,10.85,1026.025,34.3,0.9,626,102602.50000000001,284.0,0.0027010668754228057,0.3,319.933
2014-03-15 17:00:00,0.0,8.075,1025.825,48.7,0.6,164,102582.5,281.22499999999997,0.0031828619190377226,0.19999999999999998,319.873
2014-03-15 18:00:00,0.0,7.05,1025.825,64.1,0.5,13,102582.5,280.2,0.003906252277307641,0.16666666666666666,319.788
2014-03-15 19:00:00,0.0,6.1,1025.6,66.4,0.7,0,102559.99999999999,279.25,0.0037912252523227353,0.2333333333333333,316.324
2014-03-15 20:00:00,0.0,6.275,1025.95,67.7,0.7,0,102595.0,279.42499999999995,0.00391108470228858,0.2333333333333333,316.324
2014-03-15 21:00:00,0.0,5.45,1026.575,71.5,0.8,0,102657.5,278.59999999999997,0.0038990431652579315,0.26666666666666666,316.324
2014-03-15 22:00:00,0.0,6.175,1026.475,83.6,0.4,0,102647.49999999999,279.325,0.004793980654218434,0.13333333333333333,319.326
2014-03-15 23:00:00,0.0,5.275,1026.55,90.1,0.5,0,102655.0,278.42499999999995,0.004854084216784945,0.16666666666666666,319.326
2014-03-16 00:00:00,0.0,4.3,1026.425,94.9,0.4,0,102642.5,277.45,0.004776916007009652,0.13333333333333333,319.39
2014-03-16 01:00:00,0.0,4.8,1026.15,97.1,0.2,0,102615.00000000001,277.95,0.005062929616718732,0.06666666666666667,302.966
2014-03-16 02:00:00,0.0,3.775,1025.725,97.7,0.4,0,102572.49999999999,276.92499999999995,0.0047430969882661395,0.13333333333333333,302.966
2014-03-16 03:00:00,0.1,2.625,1024.55,98.5,0.4,0,102455.0,275.775,0.004413597807713035,0.13333333333333333,302.946
2014-03-16 04:00:00,0.2,2.525,1024.5,99.1,0.5,0,102450.0,275.67499999999995,0.004409257403137068,0.16666666666666666,271.202
2014-03-16 05:00:00,0.0,2.75,1024.075,97.3,0.6,0,102407.5,275.9,0.004400729106081336,0.19999999999999998,271.181
2014-03-16 06:00:00,0.0,3.075,1023.8,91.0,0.6,3,102380.0,276.22499999999997,0.004212807556031506,0.19999999999999998,271.062
2014-03-16 07:00:00,0.1,4.35,1023.875,86.1,0.5,176,102387.5,277.5,0.004359995821752922,0.16666666666666666,287.39
2014-03-16 08:00:00,0.1,4.175,1023.75,85.9,0.6,516,102375.0,277.325,0.004297363190745768,0.19999999999999998,287.39
2014-03-16 09:00:00,0.4,5.699999999999999,1023.05,94.6,0.4,1004,102305.0,278.84999999999997,0.005267045173338113,0.13333333333333333,287.39
2014-03-16 10:00:00,0.1,7.725,1022.625,85.5,0.4,2038,102262.5,280.875,0.0054734833127106225,0.13333333333333333,284.949
2014-03-16 11:00:00,0.0,8.675,1022.35,76.4,0.7,2145,102235.0,281.825,0.005218293698370603,0.2333333333333333,284.969
2014-03-16 12:00:00,0.0,9.675,1021.15,73.6,1.1,2280,102115.0,282.825,0.005383829514730491,0.3666666666666667,285.029
2014-03-16 13:00:00,0.1,9.3,1020.075,66.0,1.1,2199,102007.5,282.45,0.004712663096424766,0.3666666666666667,286.168
2014-03-16 14:00:00,0.0,8.725,1019.125,69.7,1.1,1560,101912.5,281.875,0.004791913934640466,0.3666666666666667,286.168
2014-03-16 15:00:00,0.0,7.3,1018.025,75.3,1.2,844,101802.5,280.45,0.004703772760237109,0.39999999999999997,286.168
2014-03-16 16:00:00,0.0,5.8,1017.375,81.0,1.1,323,101737.5,278.95,0.004566511205562582,0.3666666666666667,268.887
2014-03-16 17:00:00,0.0,5.0,1016.7,86.9,1.7,117,101670.0,278.15,0.004637429399470523,0.5666666666666667,268.866
2014-03-16 18:00:00,0.0,3.8,1016.05,86.8,1.5,3,101605.0,276.95,0.004261543841807754,0.5,268.812
2014-03-16 19:00:00,0.0,2.9,1015.025,87.8,1.5,0,101502.5,276.04999999999995,0.004049308150562622,0.5,256.598
2014-03-16 20:00:00,2.5,1.95,1014.175,89.7,1.2,0,101417.5,275.09999999999997,0.003869817269551327,0.39999999999999997,256.514
2014-03-16 21:00:00,5.2,0.275,1014.325,96.2,1.4,0,101432.5,273.42499999999995,0.0036787403302579067,0.4666666666666666,256.514
2014-03-16 22:00:00,5.9,-0.15,1014.425,99.2,1.0,0,101442.5,273.0,0.0036779495369805696,0.3333333333333333,257.034
2014-03-16 23:00:00,3.3,-1.05,1015.425,100.0,1.0,0,101542.5,272.09999999999997,0.003468662059671635,0.3333333333333333,257.034
2014-03-17 00:00:00,3.0,-2.05,1016.5,100.0,0.0,0,101650.0,271.09999999999997,0.003219451626914262,0.0,257.034
2014-03-17 01:00:00,2.5,-2.4,1017.5,100.0,0.0,0,101750.0,270.75,0.0031341524557096474,0.0,261.307
2014-03-17 02:00:00,1.7,-2.65,1018.125,100.0,0.0,0,101812.5,270.5,0.0030747415811386105,0.0,261.232
2014-03-17 03:00:00,1.6,-2.875,1018.475,100.0,0.0,0,101847.5,270.275,0.003022767366738414,0.0,261.232
2014-03-17 04:00:00,1.2000000000000002,-2.95,1019.375,100.0,0.0,0,101937.5,270.2,0.0030033081567956144,0.0,228.49
2014-03-17 05:00:00,1.2000000000000002,-3.1500000000000004,1019.9,100.0,0.0,0,101990.0,270.0,0.0029574151771342124,0.0,228.432
2014-03-17 06:00:00,1.5,-3.225,1020.3,100.0,0.0,0,102030.0,269.92499999999995,0.0029397827265950746,0.0,228.432
2014-03-17 07:00:00,1.3,-3.35,1021.825,100.0,0.0,32,102182.5,269.79999999999995,0.002908162122462826,0.0,219.788
2014-03-17 08:00:00,0.3,-2.7,1022.575,100.0,0.0,449,102257.5,270.45,0.003050026302993088,0.0,219.845
2014-03-17 09:00:00,0.1,1.3877787807814457e-17,1023.2,100.0,0.0,1127,102320.0,273.15,0.0037160685778159625,0.0,219.93
2014-03-17 10:00:00,0.0,0.175,1023.85,99.8,0.0,1540,102385.0,273.325,0.0037536146076274477,0.0,231.802
2014-03-17 11:00:00,1.2000000000000002,-0.4499999999999999,1024.0,96.9,0.0,924,102400.0,272.7,0.0034822497418604574,0.0,231.857
2014-03-17 12:00:00,0.0,0.8,1023.75,94.9,0.0,1916,102375.0,273.95,0.003734618580775967,0.0,231.941
2014-03-17 13:00:00,0.0,0.75,1023.75,89.0,0.0,1841,102375.0,273.9,0.003489829938520804,0.0,239.953
2014-03-17 14:00:00,0.0,-0.3,1023.75,85.8,0.0,774,102375.0,272.84999999999997,0.0031179659063825665,0.0,239.953
2014-03-17 15:00:00,0.0,-0.425,1023.775,91.5,0.0,633,102377.5,272.72499999999997,0.003294908741862591,0.0,240.014
2014-03-17 16:00:00,0.0,-1.675,1023.825,91.7,0.0,135,102382.5,271.47499999999997,0.003013242177732778,0.0,227.268
2014-03-17 17:00:00,0.3,-2.1,1024.05,95.2,0.0,64,102405.0,271.04999999999995,0.0030311128360150387,0.0,227.258
2014-03-17 18:00:00,0.0,-2.525,1023.775,96.9,0.0,0,102377.5,270.625,0.002990566560390528,0.0,227.114
2014-03-17 19:00:00,0.4,-2.6750000000000003,1023.475,98.0,0.0,0,102347.5,270.47499999999997,0.0029919419264236697,0.0,219.346
2014-03-17 20:00:00,0.0,-2.7,1023.45,98.3,0.0,0,102345.0,270.45,0.0029956125612270682,0.0,219.346
2014-03-17 21:00:00,0.0,-2.775,1023.675,98.3,0.0,0,102367.5,270.375,0.002978327630937191,0.0,219.346
2014-03-17 22:00:00,0.0,-3.15,1024.0,97.5,0.0,0,102400.0,270.0,0.0028719346149220742,0.0,227.624
2014-03-17 23:00:00,0.1,-3.325,1023.4,97.3,0.0,0,102340.0,269.825,0.002830560871520478,0.0,227.624
2014-03-18 00:00:00,0.0,-3.425,1023.425,98.6,0.0,0,102342.5,269.72499999999997,0.002846985254862724,0.0,227.624
2014-03-18 01:00:00,0.0,-3.525,1023.125,99.3,0.0,0,102312.5,269.625,0.002846698212450654,0.0,253.889
2014-03-18 02:00:00,0.0,-3.575,1022.925,99.6,0.0,0,102292.5,269.575,0.002845205796784908,0.0,253.889
2014-03-18 03:00:00,0.0,-3.775,1022.825,99.8,0.0,0,102282.5,269.375,0.002808856976017638,0.0,253.889
2014-03-18 04:00:00,0.0,-4.475,1022.925,99.6,0.0,0,102292.5,268.67499999999995,0.0026594284749388427,0.0,229.532
2014-03-18 05:00:00,0.0,-5.125,1022.225,98.4,0.0,0,102222.5,268.025,0.0025032499651888845,0.0,229.532
2014-03-18 06:00:00,0.0,-5.2,1021.675,98.0,0.0,0,102167.5,267.95,0.0024802860642814447,0.0,229.532
2014-03-18 07:00:00,0.2,-3.9,1022.1,98.4,0.0,21,102210.0,269.25,0.0027455891240804366,0.0,249.727
2014-03-18 08:00:00,0.0,-0.275,1022.05,95.9,0.0,100,102205.0,272.875,0.003497149518525167,0.0,249.722
2014-03-18 09:00:00,0.0,3.875,1022.45,79.3,0.0,1273,102245.0,277.025,0.0038894151147299363,0.0,249.802
2014-03-18 10:00:00,0.4,4.4,1022.225,65.2,0.3,2428,102222.5,277.54999999999995,0.003318574648246589,0.09999999999999999,296.797
2014-03-18 11:00:00,0.0,4.725,1021.975,62.8,0.6,2946,102197.5,277.875,0.0032706874671199868,0.19999999999999998,296.86
2014-03-18 12:00:00,0.0,5.725,1021.95,67.7,0.6,3052,102195.0,278.875,0.003779931802644473,0.19999999999999998,296.92
2014-03-18 13:00:00,0.0,6.525,1021.225,66.2,0.6,2914,102122.5,279.67499999999995,0.003908874662940435,0.19999999999999998,316.583
2014-03-18 14:00:00,0.0,5.95,1021.275,64.2,0.3,2191,102127.5,279.09999999999997,0.003643175407093975,0.09999999999999999,316.588
2014-03-18 15:00:00,0.0,3.525,1020.775,74.5,0.6,1457,102077.5,276.67499999999995,0.0035708926244725804,0.19999999999999998,316.465
2014-03-18 16:00:00,0.0,1.425,1020.6,88.8,0.7,824,102060.0,274.575,0.0036664833307481874,0.2333333333333333,275.123
2014-03-18 17:00:00,0.0,0.2,1020.175,95.2,0.8,45,102017.5,273.34999999999997,0.0036000158837252096,0.26666666666666666,275.129
2014-03-18 18:00:00,0.0,0.35,1020.025,97.4,0.7,4,102002.5,273.5,0.003723976457167306,0.2333333333333333,275.119
2014-03-18 19:00:00,0.0,-0.225,1020.25,89.8,0.8,0,102025.0,272.92499999999995,0.003292429441838071,0.26666666666666666,265.032
2014-03-18 20:00:00,0.0,-0.7,1019.85,93.0,0.8,0,101985.0,272.45,0.003295084568115038,0.26666666666666666,265.032
2014-03-18 21:00:00,0.0,-0.375,1019.5,94.1,0.9,0,101950.0,272.775,0.0034151530112659905,0.3,265.032
2014-03-18 22:00:00,0.0,-0.5,1019.25,91.1,0.9,0,101925.0,272.65,0.0032771160339291174,0.3,240.802
2014-03-18 23:00:00,0.0,-0.675,1018.85,90.9,0.7,0,101885.0,272.47499999999997,0.0032297276501716586,0.2333333333333333,240.802
2014-03-19 00:00:00,0.0,-0.975,1018.825,87.4,0.9,0,101882.5,272.17499999999995,0.0030381213107188417,0.3,240.802
2014-03-19 01:00:00,0.0,-1.4,1018.95,87.4,0.7,0,101895.0,271.75,0.002944599283663894,0.2333333333333333,264.734
2014-03-19 02:00:00,0.0,-1.25,1018.325,86.0,0.8,0,101832.5,271.9,0.0029312904886192935,0.26666666666666666,264.734
2014-03-19 03:00:00,0.0,-1.55,1018.475,83.3,0.9,0,101847.5,271.59999999999997,0.002777008284142886,0.3,264.734
2014-03-19 04:00:00,0.0,-1.825,1018.575,85.9,0.5,0,101857.5,271.325,0.0028060447619997204,0.16666666666666666,234.064
2014-03-19 05:00:00,0.0,-1.775,1018.45,86.6,0.6,0,101845.0,271.375,0.00283969663741065,0.19999999999999998,234.064
2014-03-19 06:00:00,0.0,-1.75,1018.725,84.4,0.7,0,101872.5,271.4,0.0027719070579118365,0.2333333333333333,234.064
2014-03-19 07:00:00,0.0,0.75,1018.6,84.3,0.3,61,101860.0,273.9,0.0033222482012430004,0.09999999999999999,265.055
2014-03-19 08:00:00,0.5,3.875,1018.55,68.8,0.3,112,101855.0,277.025,0.0033873437755242634,0.09999999999999999,265.017
2014-03-19 09:00:00,0.1,5.775,1019.15,61.4,0.4,1168,101915.0,278.92499999999995,0.0034495234996963454,0.13333333333333333,265.047
2014-03-19 10:00:00,0.0,6.85,1019.45,52.6,0.7,2429,101945.0,280.0,0.003181538996238905,0.2333333333333333,291.535
2014-03-19 11:00:00,0.2,6.925,1019.525,55.0,1.0,3249,101952.5,280.075,0.003343625660508606,0.3333333333333333,291.674
2014-03-19 12:00:00,0.0,6.975,1019.525,56.6,1.1,3054,101952.5,280.125,0.0034527164674798003,0.3666666666666667,291.737
2014-03-19 13:00:00,0.0,6.35,1019.375,59.8,1.2,2335,101937.5,279.5,0.003495003859060332,0.39999999999999997,311.95
2014-03-19 14:00:00,0.0,5.225,1019.575,66.8,1.2,1339,101957.5,278.375,0.0036108542101696804,0.39999999999999997,311.95
2014-03-19 15:00:00,0.0,4.275,1019.6,71.3,1.1,820,101960.0,277.42499999999995,0.0036066787708283594,0.3666666666666667,311.887
2014-03-19 16:00:00,0.0,3.05,1019.525,78.6,1.1,266,101952.5,276.2,0.003647552801098883,0.3666666666666667,271.231
2014-03-19 17:00:00,0.0,2.3,1019.6,82.1,1.3,51,101960.0,275.45,0.0036121401102221715,0.43333333333333335,271.211
2014-03-19 18:00:00,0.0,1.7,1019.7,86.5,1.0,2,101970.0,274.84999999999997,0.0036457976114776564,0.3333333333333333,271.136
2014-03-19 19:00:00,0.0,1.15,1020.125,89.7,1.1,0,102012.5,274.29999999999995,0.003632917824470516,0.3666666666666667,274.38
2014-03-19 20:00:00,0.0,0.5750000000000001,1020.45,93.7,1.1,0,102045.0,273.72499999999997,0.0036397431540154796,0.3666666666666667,274.385
2014-03-19 21:00:00,0.0,-0.075,1020.425,97.6,0.8,0,102042.5,273.075,0.0036170007671575844,0.26666666666666666,274.385
2014-03-19 22:00:00,0.0,-0.925,1020.5,99.2,0.9,0,102050.0,272.22499999999997,0.003455254722100098,0.3,310.134
2014-03-19 23:00:00,0.0,-1.925,1020.85,99.9,0.9,0,102085.0,271.22499999999997,0.0032321935835467872,0.3,310.134
2014-03-20 00:00:00,0.0,-2.475,1020.525,100.0,0.8,0,102052.5,270.67499999999995,0.003107557664240765,0.26666666666666666,310.134
2014-03-20 01:00:00,0.0,-2.85,1020.8,100.0,0.9,0,102080.0,270.29999999999995,0.003021490102717312,0.3,311.148
2014-03-20 02:00:00,0.0,-3.05,1021.175,100.0,0.5,0,102117.5,270.09999999999997,0.0029757952872315604,0.16666666666666666,311.084
2014-03-20 03:00:00,0.0,-3.6,1021.15,100.0,0.5,0,102115.0,269.54999999999995,0.0028562549825272687,0.16666666666666666,311.084
2014-03-20 04:00:00,0.0,-4.3,1021.625,100.0,0.2,0,102162.5,268.84999999999997,0.0027089481658858585,0.06666666666666667,305.705
2014-03-20 05:00:00,0.0,-4.925,1021.775,99.8,0.2,0,102177.5,268.22499999999997,0.0025787092745300838,0.06666666666666667,305.705
2014-03-20 06:00:00,0.0,-5.85,1021.85,99.0,0.2,0,102185.0,267.29999999999995,0.0023844557849583927,0.06666666666666667,305.71
2014-03-20 07:00:00,0.0,-4.425,1022.275,98.8,0.4,69,102227.5,268.72499999999997,0.002649701508012659,0.13333333333333333,306.251
2014-03-20 08:00:00,0.0,-2.45,1022.775,97.3,0.2,104,102277.5,270.7,0.003022592808707385,0.06666666666666667,306.251
2014-03-20 09:00:00,0.0,-1.775,1022.95,84.4,0.1,506,102295.0,271.375,0.0027553819406661234,0.03333333333333333,306.197
2014-03-20 10:00:00,0.0,0.65,1023.0,79.9,0.4,1958,102300.0,273.79999999999995,0.0031127613563445293,0.13333333333333333,294.908
2014-03-20 11:00:00,0.0,2.175,1022.775,66.8,0.8,2244,102277.5,275.325,0.002903886322812357,0.26666666666666666,294.908
2014-03-20 12:00:00,0.0,3.0,1022.675,57.2,0.7,2328,102267.5,276.15,0.002636926213382531,0.2333333333333333,294.908
2014-03-20 13:00:00,0.0,3.675,1022.375,52.8,0.7,1917,102237.5,276.825,0.002553670177228682,0.2333333333333333,272.696
2014-03-20 14:00:00,0.0,3.25,1022.4,51.3,0.7,1220,102240.0,276.4,0.0024077785782432807,0.2333333333333333,272.696
2014-03-20 15:00:00,0.0,2.875,1022.025,55.0,0.7,1232,102202.5,276.025,0.0025147493025506123,0.2333333333333333,272.696
2014-03-20 16:00:00,0.0,2.55,1021.8,54.7,0.7,1035,102180.0,275.7,0.002444538629322147,0.2333333333333333,239.54
2014-03-20 17:00:00,0.0,0.55,1021.675,61.9,0.3,58,102167.5,273.7,0.0023972675335459117,0.09999999999999999,239.54
2014-03-20 18:00:00,0.0,-1.25,1021.275,71.5,0.3,3,102127.5,271.9,0.0024300217142828396,0.09999999999999999,239.54
2014-03-20 19:00:00,0.0,-2.125,1021.25,79.9,0.1,0,102125.0,271.025,0.002546239745772565,0.03333333333333333,211.357
2014-03-20 20:00:00,0.0,-2.225,1021.8,83.3,0.3,0,102180.0,270.92499999999995,0.0026336319910633668,0.09999999999999999,211.357
2014-03-20 21:00:00,0.0,-2.125,1021.825,76.9,0.7,0,102182.5,271.025,0.0024492572321776944,0.2333333333333333,211.2
2014-03-20 22:00:00,0.0,-2.475,1021.625,71.5,0.8,0,102162.5,270.67499999999995,0.0022195113705997843,0.26666666666666666,194.952
2014-03-20 23:00:00,0.0,-2.675,1021.275,69.2,0.4,0,102127.5,270.47499999999997,0.002117228426549001,0.13333333333333333,194.952
2014-03-21 00:00:00,0.0,-3.2,1020.7,70.7,0.4,0,102070.0,269.95,0.002081486078918731,0.13333333333333333,194.952
2014-03-21 01:00:00,0.0,-3.65,1020.75,68.2,0.4,0,102075.0,269.5,0.0019414568840127738,0.13333333333333333,190.788
2014-03-21 02:00:00,0.0,-3.7,1020.075,72.1,0.4,0,102007.5,269.45,0.0020461689734793467,0.13333333333333333,190.788
2014-03-21 03:00:00,0.0,-3.625,1019.575,76.2,0.6,0,101957.5,269.525,0.0021757576457104655,0.19999999999999998,190.794
2014-03-21 04:00:00,0.0,-3.75,1019.625,77.1,0.3,0,101962.5,269.4,0.0021808566998737676,0.09999999999999999,231.863
2014-03-21 05:00:00,0.0,-3.675,1019.425,71.0,0.5,0,101942.5,269.47499999999997,0.0020200108527529594,0.16666666666666666,231.863
2014-03-21 06:00:00,0.0,-3.3,1019.325,69.4,0.5,0,101932.5,269.84999999999997,0.002030774170169443,0.16666666666666666,231.937
2014-03-21 07:00:00,0.0,-2.05,1019.3,66.7,0.5,92,101930.0,271.09999999999997,0.002141475434152671,0.16666666666666666,255.65
2014-03-21 08:00:00,0.0,0.85,1019.1,59.0,0.3,110,101910.0,274.0,0.002340853900703616,0.09999999999999999,255.624
2014-03-21 09:00:00,0.1,3.5,1019.45,47.8,0.5,1327,101945.0,276.65,0.002290060071956404,0.16666666666666666,255.624
2014-03-21 10:00:00,0.0,3.975,1019.65,43.5,0.8,2344,101965.0,277.125,0.0021544859255938965,0.26666666666666666,289.129
2014-03-21 11:00:00,0.1,5.4,1019.3,39.4,1.0,2977,101930.0,278.54999999999995,0.002156398650004565,0.3333333333333333,289.123
2014-03-21 12:00:00,0.2,6.85,1019.125,35.5,0.9,3092,101912.5,280.0,0.0021479211506722743,0.3,289.184
2014-03-21 13:00:00,0.0,7.375,1018.75,30.9,0.8,2932,101875.0,280.525,0.001938777839415663,0.26666666666666666,300.694
2014-03-21 14:00:00,0.0,7.4,1018.675,30.3,0.8,2320,101867.5,280.54999999999995,0.001904523505757883,0.26666666666666666,300.694
2014-03-21 15:00:00,0.0,5.625,1018.65,35.2,0.9,1579,101865.0,278.775,0.0019580915933994714,0.3,300.694
2014-03-21 16:00:00,0.2,4.425,1018.875,53.1,1.0,1071,101887.5,277.575,0.0027163404119917313,0.3333333333333333,297.479
2014-03-21 17:00:00,0.2,2.8000000000000003,1019.175,60.1,0.8,58,101917.5,275.95,0.002741004352266881,0.26666666666666666,297.457
2014-03-21 18:00:00,0.1,0.8,1019.525,74.6,0.6,3,101952.5,273.95,0.002947914638923459,0.19999999999999998,297.393
2014-03-21 19:00:00,0.0,-0.1999999999999999,1019.775,87.7,0.3,0,101977.5,272.95,0.003222784276353367,0.09999999999999999,291.845
2014-03-21 20:00:00,0.0,-0.05,1020.225,80.4,0.4,0,102022.5,273.09999999999997,0.0029855768084802196,0.13333333333333333,291.825
2014-03-21 21:00:00,0.0,-0.8,1020.475,66.3,0.4,0,102047.5,272.34999999999997,0.002330558658034699,0.13333333333333333,291.831
2014-03-21 22:00:00,0.0,-1.275,1020.725,65.6,0.4,0,102072.5,271.875,0.002226618349080312,0.13333333333333333,292.154
2014-03-21 23:00:00,0.0,-1.7,1021.025,67.3,0.4,0,102102.5,271.45,0.0022134524774733914,0.13333333333333333,292.094
2014-03-22 00:00:00,0.0,-2.375,1020.9,69.8,0.5,0,102090.0,270.775,0.0021843906993190953,0.16666666666666666,292.094
2014-03-22 01:00:00,0.0,-2.125,1020.9,71.4,0.5,0,102090.0,271.025,0.002276143250647629,0.16666666666666666,297.127
2014-03-22 02:00:00,0.0,-1.95,1020.925,67.7,0.5,0,102092.5,271.2,0.0021861908174862247,0.16666666666666666,297.127
2014-03-22 03:00:00,0.0,-2.075,1021.1,65.2,0.5,0,102110.0,271.075,0.002085773784696674,0.16666666666666666,297.127
2014-03-22 04:00:00,0.0,-1.825,1020.85,64.6,0.7,0,102085.0,271.325,0.002105547427032515,0.2333333333333333,301.168
2014-03-22 05:00:00,0.0,-1.675,1021.275,62.8,0.6,0,102127.5,271.47499999999997,0.002068746970261813,0.19999999999999998,301.228
2014-03-22 06:00:00,0.0,-2.25,1021.55,60.0,0.7,0,102155.0,270.9,0.0018939348837131024,0.2333333333333333,301.292
2014-03-22 07:00:00,0.0,0.425,1021.7,65.0,0.4,72,102170.0,273.575,0.0024946228396092868,0.13333333333333333,306.715
2014-03-22 08:00:00,0.0,3.4,1021.575,45.1,0.2,153,102157.5,276.54999999999995,0.0021410514420151174,0.06666666666666667,306.715
2014-03-22 09:00:00,0.0,5.425,1022.075,35.6,0.6,1461,102207.5,278.575,0.001946507482561311,0.19999999999999998,306.715
2014-03-22 10:00:00,0.5,7.375,1021.95,30.5,1.2,2659,102195.0,280.525,0.0019076881442338586,0.39999999999999997,313.504
2014-03-22 11:00:00,0.1,9.3,1021.9,26.8,1.1,3022,102190.0,282.45,0.0019102093079245023,0.3666666666666667,313.564
2014-03-22 12:00:00,0.0,10.85,1021.575,22.9,0.8,3113,102157.5,284.0,0.001811191560324916,0.26666666666666666,313.564
2014-03-22 13:00:00,0.0,11.275,1021.2,26.0,0.8,2960,102120.0,284.42499999999995,0.002116006005858604,0.26666666666666666,319.495
2014-03-22 14:00:00,0.0,11.075,1020.925,26.0,0.7,2302,102092.5,284.22499999999997,0.0020886795288499495,0.2333333333333333,319.558
2014-03-22 15:00:00,0.0,10.05,1020.575,23.8,0.9,1996,102057.5,283.2,0.0017862865842263919,0.3,319.639
2014-03-22 16:00:00,0.0,8.1,1020.55,30.6,1.0,1109,102055.0,281.25,0.0020136653562347518,0.3333333333333333,321.957
2014-03-22 17:00:00,0.0,5.875,1020.875,44.4,0.7,67,102087.5,279.025,0.0025075248268551253,0.2333333333333333,321.957
2014-03-22 18:00:00,0.0,3.675,1020.6,49.2,0.6,4,102060.0,276.825,0.0023836947616645092,0.19999999999999998,321.957
2014-03-22 19:00:00,0.0,1.55,1021.05,65.0,0.4,0,102105.0,274.7,0.0027067639513087354,0.13333333333333333,322.37
2014-03-22 20:00:00,0.0,1.425,1021.325,71.6,0.5,0,102132.5,274.575,0.0029542100598331854,0.16666666666666666,322.37
2014-03-22 21:00:00,0.0,1.175,1021.2,72.6,0.6,0,102120.0,274.325,0.0029425425439400985,0.19999999999999998,322.307
2014-03-22 22:00:00,0.0,0.9,1021.55,77.8,0.6,0,102155.0,274.04999999999995,0.0030904631561477426,0.19999999999999998,319.187
2014-03-22 23:00:00,0.1,0.4,1021.325,80.9,0.4,0,102132.5,273.54999999999995,0.0031003753064614684,0.13333333333333333,319.187
2014-03-23 00:00:00,0.0,0.225,1021.425,82.8,0.5,0,102142.5,273.375,0.003132943109617159,0.16666666666666666,319.187
2014-03-23 01:00:00,0.0,0.075,1021.975,82.9,0.5,0,102197.5,273.22499999999997,0.0031011404242421983,0.16666666666666666,311.263
2014-03-23 02:00:00,0.0,-0.125,1021.95,84.0,0.5,0,102195.0,273.025,0.003097080185441694,0.16666666666666666,311.263
2014-03-23 03:00:00,0.0,-0.5,1021.55,85.5,0.4,0,102155.0,272.65,0.0030687439171397835,0.13333333333333333,311.263
2014-03-23 04:00:00,0.0,-0.35,1021.25,84.7,0.6,0,102125.0,272.79999999999995,0.00307432196747842,0.19999999999999998,294.357
2014-03-23 05:00:00,0.0,-0.6,1021.6,76.2,0.5,0,102160.0,272.54999999999995,0.002714953717206605,0.16666666666666666,294.357
2014-03-23 06:00:00,0.0,-0.3249999999999999,1022.05,72.8,0.5,0,102205.0,272.825,0.002645131797267452,0.16666666666666666,294.357
2014-03-23 07:00:00,0.1,2.6,1022.55,68.7,0.4,58,102255.0,275.75,0.0030788648191760076,0.13333333333333333,257.112
2014-03-23 08:00:00,0.7000000000000001,5.75,1022.85,56.5,0.2,166,102285.0,278.9,0.0031572826886560245,0.06666666666666667,257.211
2014-03-23 09:00:00,0.2,7.85,1022.8,43.5,0.7,1299,102280.0,281.0,0.0028080941125136036,0.2333333333333333,257.219
2014-03-23 10:00:00,0.0,9.325,1023.0,42.4,0.9,2622,102300.0,282.47499999999997,0.003023957568808866,0.3,279.114
2014-03-23 11:00:00,0.0,10.225,1023.275,37.7,0.7,2975,102327.5,283.375,0.0028552965389529073,0.2333333333333333,279.193
2014-03-23 12:00:00,0.0,11.35,1022.925,35.4,0.8,3077,102292.5,284.5,0.0028904952614646384,0.26666666666666666,279.193
2014-03-23 13:00:00,0.0,11.75,1022.4,32.3,0.7,2942,102240.0,284.9,0.0027094723456139885,0.2333333333333333,292.13
2014-03-23 14:00:00,0.0,11.775,1022.525,29.4,1.1,2218,102252.5,284.92499999999995,0.002469979686398375,0.3666666666666667,292.214
2014-03-23 15:00:00,0.0,10.8,1022.375,27.3,0.9,2018,102237.5,283.95,0.002150339858280491,0.3,292.209
2014-03-23 16:00:00,0.0,9.15,1022.425,35.2,0.8,1084,102242.5,282.29999999999995,0.0024824315340373623,0.26666666666666666,279.069
2014-03-23 17:00:00,0.0,6.0,1022.625,44.2,0.4,73,102262.5,279.15,0.002513592133068758,0.13333333333333333,278.985
2014-03-23 18:00:00,0.0,4.525,1022.25,58.7,0.7,6,102225.0,277.67499999999995,0.0030139106658495004,0.2333333333333333,278.93
2014-03-23 19:00:00,0.0,3.6,1022.575,66.0,0.6,0,102257.5,276.75,0.003174645854125101,0.19999999999999998,261.468
2014-03-23 20:00:00,0.2,3.525,1022.5,69.3,0.7,0,102250.0,276.67499999999995,0.0033160453523125343,0.2333333333333333,261.387
2014-03-23 21:00:00,0.0,3.375,1022.525,71.2,0.7,0,102252.5,276.525,0.0033710132865888576,0.2333333333333333,261.329
2014-03-23 22:00:00,0.0,3.725,1022.4,70.7,0.8,0,102240.0,276.875,0.0034313784935091508,0.26666666666666666,255.703
2014-03-23 23:00:00,0.0,3.775,1022.0,63.0,0.8,0,102200.0,276.92499999999995,0.003069644173848065,0.26666666666666666,255.703
2014-03-24 00:00:00,0.0,4.1,1021.875,59.9,0.8,0,102187.5,277.25,0.0029863900635144014,0.26666666666666666,255.703
2014-03-24 01:00:00,0.0,3.975,1021.325,59.9,0.9,0,102132.5,277.125,0.002961886332229703,0.3,252.568
2014-03-24 02:00:00,0.0,4.375,1021.15,59.3,0.7,0,102115.0,277.525,0.003016167148426903,0.2333333333333333,252.568
2014-03-24 03:00:00,0.0,4.8500000000000005,1020.225,52.1,0.6,0,102022.5,278.0,0.002741892338905974,0.19999999999999998,252.504
2014-03-24 04:00:00,0.0,4.85,1019.95,48.1,0.9,0,101995.0,278.0,0.0025320648844655213,0.3,261.216
2014-03-24 05:00:00,0.0,5.075,1019.75,46.6,0.7,0,101975.0,278.22499999999997,0.0024923634062278418,0.2333333333333333,261.216
2014-03-24 06:00:00,0.0,5.75,1019.975,43.6,0.8,25,101997.5,278.9,0.002443283894070857,0.26666666666666666,261.28
2014-03-24 07:00:00,0.0,7.85,1019.575,36.9,0.7,198,101957.5,281.0,0.002389573038585593,0.2333333333333333,297.704
2014-03-24 08:00:00,0.4,10.05,1019.7,33.3,0.6,370,101970.0,283.2,0.002501444774999942,0.19999999999999998,297.823
2014-03-24 09:00:00,0.2,13.075,1020.0,28.1,0.6,1227,102000.0,286.22499999999997,0.0025775953772244754,0.19999999999999998,297.823
2014-03-24 10:00:00,0.0,14.475,1019.825,23.7,0.6,2056,101982.5,287.625,0.002381523295972902,0.19999999999999998,324.357
2014-03-24 11:00:00,0.0,15.25,1019.75,22.1,0.8,2787,101975.0,288.4,0.0023346721163080724,0.26666666666666666,324.357
2014-03-24 12:00:00,0.0,15.575,1019.675,21.5,1.5,3036,101967.5,288.72499999999997,0.0023193344618025764,0.5,324.357
2014-03-24 13:00:00,0.0,16.225,1019.275,22.3,1.3,2785,101927.5,289.375,0.0025087124096818086,0.43333333333333335,337.803
2014-03-24 14:00:00,0.0,15.675,1018.875,23.5,1.1,1889,101887.5,288.825,0.002553386582443024,0.3666666666666667,337.809
2014-03-24 15:00:00,0.0,14.65,1018.1,25.4,0.7,1866,101810.0,287.79999999999995,0.0025857451719613444,0.2333333333333333,337.809
2014-03-24 16:00:00,0.0,12.425,1017.45,28.7,0.5,815,101745.0,285.575,0.002529182747423624,0.16666666666666666,285.949
2014-03-24 17:00:00,0.0,10.475,1016.75,35.0,0.4,267,101675.0,283.625,0.0027127236579620483,0.13333333333333333,285.962
2014-03-24 18:00:00,0.0,8.4,1016.525,46.0,0.6,34,101652.5,281.54999999999995,0.003101594494344814,0.19999999999999998,285.941
2014-03-24 19:00:00,0.0,6.875,1015.925,48.1,0.6,0,101592.5,280.025,0.002924463118447283,0.19999999999999998,259.171
2014-03-24 20:00:00,0.0,6.7,1015.775,50.3,0.7,0,101577.5,279.84999999999997,0.0030221295382882553,0.2333333333333333,259.101
2014-03-24 21:00:00,0.0,6.275,1014.85,50.4,0.7,0,101485.0,279.42499999999995,0.0029434958583757,0.2333333333333333,259.101
2014-03-24 22:00:00,0.0,6.225,1014.625,52.0,0.7,0,101462.5,279.375,0.0030271549183311535,0.2333333333333333,237.329
2014-03-24 23:00:00,0.0,5.1,1014.075,53.9,0.5,0,101407.5,278.25,0.0029039813086814215,0.16666666666666666,237.265
2014-03-25 00:00:00,0.0,4.775,1013.225,63.7,0.5,0,101322.5,277.92499999999995,0.0033579115540375713,0.16666666666666666,237.245
2014-03-25 01:00:00,0.0,5.725,1012.075,64.7,0.6,0,101207.5,278.875,0.0036476782800359217,0.19999999999999998,221.116
2014-03-25 02:00:00,0.0,5.6,1011.025,59.0,0.7,0,101102.5,278.75,0.003301054272621151,0.2333333333333333,221.116
2014-03-25 03:00:00,0.0,5.4,1010.175,54.4,0.6,0,101017.5,278.54999999999995,0.0030042573824247197,0.19999999999999998,221.101
2014-03-25 04:00:00,0.0,5.175,1010.125,52.8,0.5,0,101012.5,278.325,0.0028707866056799504,0.16666666666666666,209.108
2014-03-25 05:00:00,0.0,4.75,1010.1,63.6,0.6,0,101010.0,277.9,0.0033571482284136304,0.19999999999999998,209.102
2014-03-25 06:00:00,0.0,3.95,1010.325,65.6,0.7,2,101032.5,277.09999999999997,0.003273297015366131,0.2333333333333333,209.162
2014-03-25 07:00:00,0.04,2.25,1009.425,80.3,0.6,81,100942.5,275.4,0.003555871157103551,0.19999999999999998,224.515
2014-03-25 08:00:00,0.02,2.55,1008.625,93.1,1.0,219,100862.5,275.7,0.0042149791340581715,0.3333333333333333,224.57
2014-03-25 09:00:00,0.02,4.15,1008.225,93.9,0.9,601,100822.5,277.29999999999995,0.004761560633444015,0.3,224.709
2014-03-25 10:00:00,0.0,5.125,1008.15,86.6,0.7,649,100815.0,278.275,0.004701361835554715,0.2333333333333333,265.317
2014-03-25 11:00:00,0.01,5.025,1007.875,79.9,1.1,755,100787.5,278.17499999999995,0.004308706235199583,0.3666666666666667,265.337
2014-03-25 12:00:00,0.56,4.7,1008.025,83.3,1.3,1276,100802.5,277.84999999999997,0.004390713736382569,0.43333333333333335,265.519
2014-03-25 13:00:00,0.09,6.275,1007.5,84.8,1.1,1934,100750.0,279.42499999999995,0.004988678842309557,0.3666666666666667,316.648
2014-03-25 14:00:00,0.17,5.775,1006.85,75.4,1.1,1650,100685.0,278.92499999999995,0.004287808857106524,0.3666666666666667,316.588
2014-03-25 15:00:00,0.82,4.375,1007.225,76.0,1.2,571,100722.5,277.525,0.003919018821808823,0.39999999999999997,316.568
2014-03-25 16:00:00,1.92,1.0,1007.4,86.6,1.5,123,100740.0,274.15,0.0035135539995912795,0.5,243.041
2014-03-25 17:00:00,0.1,1.025,1007.575,98.3,1.6,34,100757.5,274.17499999999995,0.003994737012146926,0.5333333333333333,243.021
2014-03-25 18:00:00,1.0,1.15,1007.0,99.7,1.4,0,100700.0,274.29999999999995,0.004090554750858728,0.4666666666666666,242.903
2014-03-25 19:00:00,2.2,0.25,1007.125,99.3,1.4,0,100712.5,273.4,0.0038175160853167927,0.4666666666666666,243.198
2014-03-25 20:00:00,2.21,-0.2,1007.0,100.0,0.9,0,100700.0,272.95,0.0037214015408879625,0.3,243.198
2014-03-25 21:00:00,1.16,-0.525,1006.825,100.0,0.8,0,100682.5,272.625,0.003635038047037216,0.26666666666666666,243.138
2014-03-25 22:00:00,1.71,-0.525,1006.575,100.0,0.1,0,100657.5,272.625,0.0036359408704848073,0.03333333333333333,297.95
2014-03-25 23:00:00,1.76,-0.425,1006.075,100.0,0.0,0,100607.5,272.72499999999997,0.0036643458717258485,0.0,297.955
2014-03-26 00:00:00,1.32,-0.475,1005.625,100.0,0.0,0,100562.5,272.67499999999995,0.0036526591541619865,0.0,297.955
2014-03-26 01:00:00,1.39,-0.35,1005.025,100.0,0.0,0,100502.5,272.79999999999995,0.0036882567216470837,0.0,301.754
2014-03-26 02:00:00,0.62,-0.475,1004.45,100.0,0.0,0,100445.0,272.67499999999995,0.0036569320144398906,0.0,301.76
2014-03-26 03:00:00,0.12,-0.3,1003.95,100.0,0.0,0,100395.0,272.84999999999997,0.0037056628609058923,0.0,301.76
2014-03-26 04:00:00,0.98,-0.25,1003.4,100.0,0.0,0,100340.0,272.9,0.00372120181573891,0.0,275.092
2014-03-26 05:00:00,1.32,-0.275,1003.1,100.0,0.0,0,100310.0,272.875,0.0037155533855565436,0.0,275.092
2014-03-26 06:00:00,1.89,-0.3,1003.575,100.0,0.0,0,100357.5,272.84999999999997,0.00370704753427145,0.0,275.098
2014-03-26 07:00:00,0.51,-0.1,1003.75,100.0,0.0,81,100375.0,273.04999999999995,0.0037606755380401196,0.0,287.115
2014-03-26 08:00:00,0.12,0.225,1003.75,100.0,0.0,253,100375.0,273.375,0.0038503756032519437,0.0,287.178
2014-03-26 09:00:00,0.0,0.625,1003.725,100.0,0.0,520,100372.5,273.775,0.00396347538428004,0.0,287.172
2014-03-26 10:00:00,0.0,1.625,1003.6,100.0,0.2,783,100360.0,274.775,0.004259479313702733,0.06666666666666667,297.635
2014-03-26 11:00:00,0.61,1.575,1003.5,98.2,0.3,727,100350.0,274.72499999999997,0.004168271666306744,0.09999999999999999,297.635
2014-03-26 12:00:00,0.6799999999999999,2.375,1002.95,95.7,0.4,873,100295.0,275.525,0.004303311929742194,0.13333333333333333,297.629
2014-03-26 13:00:00,2.11,0.675,1002.8,94.9,0.9,292,100280.0,273.825,0.0037784195640516226,0.3,322.867
2014-03-26 14:00:00,0.03,1.0,1003.125,98.8,0.9,263,100312.5,274.15,0.004025618150667151,0.3,322.867
2014-03-26 15:00:00,3.13,0.55,1003.425,98.7,0.9,111,100342.5,273.7,0.0038919823020374254,0.3,322.867
2014-03-26 16:00:00,2.26,0.1,1003.375,99.3,1.0,61,100337.5,273.25,0.0037903600287624837,0.3333333333333333,276.704
2014-03-26 17:00:00,2.0,-0.15,1003.4,100.0,1.0,4,100340.0,273.0,0.0037483483163810727,0.3333333333333333,276.684
2014-03-26 18:00:00,2.02,-0.275,1003.725,100.0,0.8,0,100372.5,272.875,0.003713239782860613,0.26666666666666666,276.625
2014-03-26 19:00:00,2.51,-0.475,1003.975,100.0,0.8,0,100397.5,272.67499999999995,0.003658662179739683,0.26666666666666666,240.093
2014-03-26 20:00:00,4.0,-0.575,1004.025,100.0,0.0,0,100402.5,272.575,0.0036319136592106727,0.0,240.099
2014-03-26 21:00:00,1.6,-0.875,1004.15,100.0,0.3,0,100415.0,272.275,0.0035527961815510103,0.09999999999999999,240.099
2014-03-26 22:00:00,0.9,-1.025,1004.25,100.0,0.0,0,100425.0,272.125,0.003513683520103325,0.0,260.68
2014-03-26 23:00:00,1.4,-1.0750000000000002,1004.65,100.0,0.0,0,100465.0,272.075,0.003499453674339864,0.0,260.7
2014-03-27 00:00:00,1.4,-0.95,1004.45,100.0,0.0,0,100445.0,272.2,0.003532312332320438,0.0,260.7
2014-03-27 01:00:00,1.8,-1.0750000000000002,1004.8,100.0,0.0,0,100480.0,272.075,0.0034989312638590213,0.0,303.393
2014-03-27 02:00:00,1.9,-1.1,1004.825,100.0,0.0,0,100482.5,272.04999999999995,0.003492445496803839,0.0,303.393
2014-03-27 03:00:00,1.5,-1.15,1004.775,100.0,0.0,0,100477.5,272.0,0.003479852368649735,0.0,303.393
2014-03-27 04:00:00,4.6,-1.075,1005.3,100.0,0.0,0,100530.0,272.075,0.0034971910215115336,0.0,298.924
2014-03-27 05:00:00,3.6,-1.35,1005.575,100.0,0.0,0,100557.5,271.79999999999995,0.003426469655735795,0.0,298.924
2014-03-27 06:00:00,5.3,-1.45,1007.075,100.0,0.0,0,100707.5,271.7,0.0033963423071154248,0.0,298.87
2014-03-27 07:00:00,2.4,-1.075,1007.6,100.0,0.0,44,100760.0,272.075,0.0034892081519705682,0.0,276.624
2014-03-27 08:00:00,1.4,-0.675,1008.25,100.0,0.0,210,100825.0,272.47499999999997,0.003590409939099671,0.0,276.689
2014-03-27 09:00:00,1.0,-0.175,1009.35,100.0,0.0,323,100935.0,272.97499999999997,0.0037194893061044385,0.0,276.639
2014-03-27 10:00:00,1.7,0.2,1010.35,100.0,0.0,492,101035.0,273.34999999999997,0.0038183022151190697,0.0,327.549
2014-03-27 11:00:00,3.7,0.6499999999999999,1010.75,100.0,0.0,475,101075.0,273.79999999999995,0.0039430377107427484,0.0,327.613
2014-03-27 12:00:00,2.6,0.15,1011.325,100.0,0.0,521,101132.5,273.29999999999995,0.003800825209599004,0.0,327.634
2014-03-27 13:00:00,1.1,0.5,1011.6,100.0,0.0,621,101160.0,273.65,0.0038972728035525928,0.0,342.835
2014-03-27 14:00:00,1.0,0.55,1011.7,99.6,0.0,455,101170.0,273.7,0.0038953475261990084,0.0,342.835
2014-03-27 15:00:00,2.0,0.375,1012.225,99.8,0.0,275,101222.5,273.525,0.0038521022863280277,0.0,342.835
2014-03-27 16:00:00,3.3,0.15,1012.475,100.0,0.3,122,101247.5,273.29999999999995,0.003796508116346292,0.09999999999999999,324.793
2014-03-27 17:00:00,1.5,0.2,1012.85,100.0,0.8,32,101285.0,273.34999999999997,0.003808877566318361,0.26666666666666666,324.715
2014-03-27 18:00:00,2.0,0.25,1012.85,100.0,1.3,0,101285.0,273.4,0.003822696961789917,0.43333333333333335,324.661
2014-03-27 19:00:00,0.2,0.225,1012.875,100.0,0.8,0,101287.5,273.375,0.0038156875347541783,0.26666666666666666,283.236
2014-03-27 20:00:00,0.1,0.425,1013.5,100.0,1.0,0,101350.0,273.575,0.0038689327239631254,0.3333333333333333,283.176
2014-03-27 21:00:00,0.5,-0.025,1013.55,100.0,0.7,0,101355.0,273.125,0.0037446489432819766,0.2333333333333333,283.181
2014-03-27 22:00:00,0.8,-0.1,1013.725,100.0,0.1,0,101372.5,273.04999999999995,0.003723670691072796,0.03333333333333333,294.821
2014-03-27 23:00:00,1.3,-0.05,1013.4,100.0,0.3,0,101340.0,273.09999999999997,0.0037384128541127636,0.09999999999999999,294.76
2014-03-28 00:00:00,2.2,-0.175,1013.275,100.0,0.5,0,101327.5,272.97499999999997,0.0037050815732318624,0.16666666666666666,294.766
2014-03-28 01:00:00,0.7,0.1,1012.85,100.0,0.4,0,101285.0,273.25,0.0037813716043499208,0.13333333333333333,296.024
2014-03-28 02:00:00,0.4,0.05,1012.55,100.0,0.4,0,101255.0,273.2,0.0037688010883376796,0.13333333333333333,295.961
2014-03-28 03:00:00,1.0,0.1,1011.925,100.0,0.1,0,101192.5,273.25,0.0037848281537325563,0.03333333333333333,295.961
2014-03-28 04:00:00,0.2,0.425,1011.9,100.0,0.1,0,101190.0,273.575,0.003875050218140753,0.03333333333333333,273.574
2014-03-28 05:00:00,0.7000000000000001,0.475,1011.65,100.0,0.4,0,101165.0,273.625,0.0038900448064803105,0.13333333333333333,273.634
2014-03-28 06:00:00,1.3,0.7000000000000001,1011.375,100.0,0.5,0,101137.5,273.84999999999997,0.003954845600169821,0.16666666666666666,273.629
2014-03-28 07:00:00,1.9,1.0,1011.45,100.0,0.8,0,101145.0,274.15,0.004040975974272702,0.26666666666666666,284.894
2014-03-28 08:00:00,2.3,0.725,1011.425,100.0,0.7,2,101142.5,273.875,0.0039617891266239,0.2333333333333333,284.984
2014-03-28 09:00:00,1.2000000000000002,1.05,1011.8,100.0,0.6,127,101180.0,274.2,0.004054138635263107,0.19999999999999998,284.979
2014-03-28 10:00:00,2.2,1.625,1011.7,100.0,0.7,145,101170.0,274.775,0.004225376533786757,0.2333333333333333,312.677
2014-03-28 11:00:00,1.2999999999999998,2.025,1011.6,100.0,0.8,318,101160.0,275.17499999999995,0.004348381380662963,0.26666666666666666,312.692
2014-03-28 12:00:00,2.3,2.1,1011.425,100.0,0.8,174,101142.5,275.25,0.004372470375860205,0.26666666666666666,312.699
2014-03-28 13:00:00,1.4,2.475,1010.85,100.0,0.7,303,101085.0,275.625,0.0044933799590245235,0.2333333333333333,323.861
2014-03-28 14:00:00,3.0,2.925,1010.7,100.0,0.9,223,101070.0,276.075,0.0046399163765573365,0.3,323.861
2014-03-28 15:00:00,3.2,2.7,1010.625,99.8,1.0,77,101062.5,275.84999999999997,0.0045576711085635446,0.3333333333333333,323.861
2014-03-28 16:00:00,2.3,2.5,1010.525,99.9,1.1,8,101052.5,275.65,0.004498319665696924,0.3666666666666667,306.772
2014-03-28 17:00:00,1.6,2.45,1010.25,99.8,0.8,0,101025.0,275.59999999999997,0.004479085528039961,0.26666666666666666,306.634
2014-03-28 18:00:00,4.2,2.225,1010.625,99.9,0.8,0,101062.5,275.375,0.0044106884029744085,0.26666666666666666,306.579
2014-03-28 19:00:00,0.5,1.9,1010.65,100.0,1.2,0,101065.0,275.04999999999995,0.004313789920131792,0.39999999999999997,298.277
2014-03-28 20:00:00,3.7,1.5,1010.8,100.0,0.7,0,101080.0,274.65,0.004191433601490979,0.2333333333333333,298.213
2014-03-28 21:00:00,2.6,0.925,1010.325,100.0,0.7,0,101032.5,274.075,0.004023689996224924,0.2333333333333333,298.213
2014-03-28 22:00:00,3.3,0.525,1010.475,100.0,0.4,0,101047.5,273.67499999999995,0.003908666634527871,0.13333333333333333,301.926
2014-03-28 23:00:00,1.1,0.425,1010.45,100.0,0.7,0,101045.0,273.575,0.0038806109315024273,0.2333333333333333,301.866
2014-03-29 00:00:00,1.0,0.55,1011.05,100.0,0.5,0,101105.0,273.7,0.003913505852950933,0.16666666666666666,301.846
2014-03-29 01:00:00,0.4,0.65,1011.4,100.0,1.0,0,101140.0,273.79999999999995,0.003940503624810395,0.3333333333333333,287.71
2014-03-29 02:00:00,0.2,0.65,1011.1,100.0,0.9,0,101110.0,273.79999999999995,0.003941672798074605,0.3,287.71
2014-03-29 03:00:00,0.0,0.4,1011.0,100.0,1.0,0,101100.0,273.54999999999995,0.0038714936806033,0.3333333333333333,287.71
2014-03-29 04:00:00,0.0,0.225,1010.9,99.4,1.2,0,101090.0,273.375,0.003800203407551245,0.39999999999999997,287.937
2014-03-29 05:00:00,0.1,0.2,1011.375,99.0,1.0,0,101137.5,273.34999999999997,0.0037762881489211185,0.3333333333333333,287.997
2014-03-29 06:00:00,0.0,0.175,1011.55,99.4,1.1,31,101155.0,273.325,0.0037840294162773147,0.3666666666666667,287.938
2014-03-29 07:00:00,0.0,0.825,1011.575,98.4,1.0,213,101157.5,273.97499999999997,0.003926030039997094,0.3333333333333333,288.572
2014-03-29 08:00:00,0.0,2.075,1011.725,93.9,1.2,625,101172.5,275.22499999999997,0.004097218493538712,0.39999999999999997,288.695
2014-03-29 09:00:00,0.0,2.425,1011.875,86.3,1.4,811,101187.5,275.575,0.0038601062567050625,0.4666666666666666,288.695
2014-03-29 10:00:00,0.0,2.55,1011.55,88.1,1.1,901,101155.0,275.7,0.003977077284674345,0.3666666666666667,295.617
2014-03-29 11:00:00,0.0,3.975,1011.3,86.2,1.1,1193,101130.0,277.125,0.0043045998534159986,0.3666666666666667,295.68
2014-03-29 12:00:00,0.0,2.975,1011.875,81.1,1.3,823,101187.5,276.125,0.0037719391327209716,0.43333333333333335,295.68
2014-03-29 13:00:00,1.7,2.05,1012.125,90.3,1.1,690,101212.5,275.2,0.003931559999692625,0.3666666666666667,301.951
2014-03-29 14:00:00,0.0,1.975,1011.65,95.3,1.3,501,101165.0,275.125,0.004129037870126864,0.43333333333333335,301.891
2014-03-29 15:00:00,3.3000000000000003,1.025,1011.8,96.1,1.3,210,101180.0,274.17499999999995,0.003889025326536891,0.43333333333333335,301.891
2014-03-29 16:00:00,3.2,0.3,1011.575,98.0,1.2,158,101157.5,273.45,0.0037645685113365905,0.39999999999999997,313.333
2014-03-29 17:00:00,1.2,-0.075,1011.975,99.6,1.1,61,101197.5,273.075,0.003721940516207221,0.3666666666666667,313.253
2014-03-29 18:00:00,2.0,-0.15,1012.125,100.0,0.7,2,101212.5,273.0,0.0037160357669821105,0.2333333333333333,313.258
2014-03-29 19:00:00,1.7,-0.15,1012.25,100.0,0.3,0,101225.0,273.0,0.0037155768838298526,0.09999999999999999,288.652
2014-03-29 20:00:00,2.1,-0.225,1012.375,100.0,0.6,0,101237.5,272.92499999999995,0.003694922481326208,0.19999999999999998,288.652
2014-03-29 21:00:00,2.3,-0.525,1012.925,100.0,0.4,0,101292.5,272.625,0.003613147253457309,0.13333333333333333,288.652
2014-03-29 22:00:00,2.1,-0.6,1012.875,100.0,0.0,0,101287.5,272.54999999999995,0.00359362281167795,0.0,271.65
2014-03-29 23:00:00,0.8,-0.75,1012.775,100.0,0.0,0,101277.5,272.4,0.0035548538662202797,0.0,271.63
2014-03-30 00:00:00,1.3,-0.975,1012.9,100.0,0.0,0,101290.0,272.17499999999995,0.003496444995025412,0.0,271.57
2014-03-30 01:00:00,0.7,-1.15,1013.325,100.0,0.0,0,101332.5,272.0,0.0034504908728295834,0.0,243.457
2014-03-30 02:00:00,2.0,-1.4249999999999998,1013.05,100.0,0.0,0,101305.0,271.72499999999997,0.0033825144300954056,0.0,243.511
2014-03-30 03:00:00,0.6000000000000001,-1.575,1013.0,100.0,0.0,0,101300.0,271.575,0.0033456076511369378,0.0,243.516
2014-03-30 04:00:00,1.1,-1.7,1013.175,100.0,0.0,0,101317.5,271.45,0.0033144162447455655,0.0,226.325
2014-03-30 05:00:00,1.7000000000000002,-1.675,1013.275,100.0,0.0,0,101327.5,271.47499999999997,0.0033201912793245046,0.0,226.325
2014-03-30 06:00:00,1.8,-1.8,1013.55,100.0,0.0,0,101355.0,271.34999999999997,0.003288887439759529,0.0,226.319
2014-03-30 07:00:00,0.2,-1.575,1013.925,100.0,0.0,99,101392.5,271.575,0.0033425554657412707,0.0,240.74
2014-03-30 08:00:00,0.0,-1.0,1014.425,100.0,0.0,320,101442.5,272.15,0.0034848092840732182,0.0,240.734
2014-03-30 09:00:00,0.1,-0.275,1014.475,100.0,0.0,985,101447.5,272.875,0.003673892014146991,0.0,240.878
2014-03-30 10:00:00,1.0,1.35,1014.55,99.4,0.0,1426,101455.0,274.5,0.0041064666549558496,0.0,262.294
2014-03-30 11:00:00,2.4,0.375,1014.7,94.3,0.0,688,101470.0,273.525,0.003630934052279211,0.0,262.308
2014-03-30 12:00:00,0.4,1.1,1014.9,95.2,0.0,1193,101490.0,274.25,0.0038616144559347147,0.0,262.308
2014-03-30 13:00:00,0.1,1.225,1014.925,94.3,0.5,1339,101492.5,274.375,0.003859535394532093,0.16666666666666666,269.037
2014-03-30 14:00:00,0.0,1.175,1014.65,90.8,0.7,1100,101465.0,274.325,0.0037039620209270803,0.2333333333333333,269.037
2014-03-30 15:00:00,0.0,1.4500000000000002,1014.3,90.2,0.5,1074,101430.0,274.59999999999997,0.0037541453879335967,0.16666666666666666,269.037
2014-03-30 16:00:00,0.0,0.975,1014.3,90.9,0.7,738,101430.0,274.125,0.0036563403337002654,0.2333333333333333,260.457
2014-03-30 17:00:00,0.6,0.725,1014.15,90.9,0.5,197,101415.0,273.875,0.0035915897882587196,0.16666666666666666,260.379
2014-03-30 18:00:00,4.4,-0.3249999999999999,1014.4,93.2,0.2,0,101440.0,272.825,0.003411887881222199,0.06666666666666667,260.255
2014-03-30 19:00:00,0.7999999999999999,-1.05,1014.625,98.3,0.6,0,101462.5,272.09999999999997,0.003412383242103294,0.19999999999999998,251.17
2014-03-30 20:00:00,0.0,-1.1,1014.425,99.9,0.4,0,101442.5,272.04999999999995,0.0034559353818957458,0.13333333333333333,255.784
2014-03-30 21:00:00,0.0,-1.0750000000000002,1013.875,99.8,0.5,0,101387.5,272.075,0.0034606777774949513,0.16666666666666666,255.7
2014-03-30 22:00:00,0.0,-1.3,1013.525,99.8,0.6,0,101352.5,271.84999999999997,0.0034052616708848313,0.19999999999999998,247.014
2014-03-30 23:00:00,0.0,-2.275,1012.95,99.1,0.8,0,101295.0,270.875,0.003148881630487974,0.26666666666666666,246.953
2014-03-31 00:00:00,0.0,-2.5,1012.525,99.9,0.4,0,101252.5,270.65,0.0031231895778854827,0.13333333333333333,246.953
2014-03-31 01:00:00,0.0,-2.0250000000000004,1012.0,99.6,0.7,0,101200.0,271.125,0.0032267799443700383,0.2333333333333333,226.585
2014-03-31 02:00:00,0.0,-1.9,1011.6,96.9,1.0,0,101160.0,271.25,0.0031696344037286024,0.3333333333333333,226.446
2014-03-31 03:00:00,0.0,-1.325,1010.8,95.9,1.2,0,101080.0,271.825,0.0032750002859286017,0.39999999999999997,226.446
2014-03-31 04:00:00,0.0,-1.5,1010.075,92.6,0.9,0,101007.5,271.65,0.0031241767971003013,0.3,255.513
2014-03-31 05:00:00,0.0,-0.85,1009.5,95.4,1.2,0,100950.0,272.29999999999995,0.0033775705718073657,0.39999999999999997,255.513
2014-03-31 06:00:00,0.0,-0.975,1009.2,92.3,1.4,7,100920.0,272.17499999999995,0.003239050586633694,0.4666666666666666,255.513
2014-03-31 07:00:00,0.0,-0.125,1008.975,92.6,1.0,246,100897.5,273.025,0.0034580669142590973,0.3333333333333333,281.095
2014-03-31 08:00:00,0.0,0.75,1008.925,85.5,1.5,629,100892.5,273.9,0.003401851906147048,0.5,281.095
2014-03-31 09:00:00,0.0,2.7,1009.0,81.8,1.2,1499,100900.0,275.84999999999997,0.0037416625379870566,0.39999999999999997,281.095
2014-03-31 10:00:00,0.0,2.875,1008.8,75.8,1.0,1645,100880.0,276.025,0.003511216900731709,0.3333333333333333,281.826
2014-03-31 11:00:00,0.0,2.775,1007.95,78.7,1.3,1240,100795.0,275.92499999999995,0.003622843791862305,0.43333333333333335,281.82
2014-03-31 12:00:00,0.0,3.625,1007.6,79.1,1.0,1287,100760.0,276.775,0.0038681193050417763,0.3333333333333333,281.883
2014-03-31 13:00:00,0.0,3.475,1007.375,81.4,0.8,859,100737.5,276.625,0.00393960204384921,0.26666666666666666,278.887
2014-03-31 14:00:00,0.0,3.125,1006.85,86.8,0.5,775,100685.0,276.275,0.004100498923564891,0.16666666666666666,278.824
2014-03-31 15:00:00,0.0,2.575,1006.5,89.7,0.4,471,100650.0,275.72499999999997,0.004076859071273846,0.13333333333333333,278.764
2014-03-31 16:00:00,0.0,2.05,1006.4,92.2,0.3,231,100640.0,275.2,0.004037119480554973,0.09999999999999999,272.364
2014-03-31 17:00:00,0.0,1.125,1006.35,94.7,0.5,32,100635.0,274.275,0.0038809395377859645,0.16666666666666666,272.364
2014-03-31 18:00:00,0.0,0.5,1005.975,92.4,0.8,0,100597.5,273.65,0.0036212158346879335,0.26666666666666666,272.39
2014-03-31 19:00:00,0.0,0.225,1005.6,94.6,0.8,0,100560.0,273.375,0.0036357543040263277,0.26666666666666666,247.106
2014-03-31 20:00:00,0.0,0.175,1005.625,98.3,0.6,0,100562.5,273.325,0.0037642020793826644,0.19999999999999998,247.08
2014-03-31 21:00:00,0.0,0.275,1005.825,99.1,0.5,0,100582.5,273.42499999999995,0.0038216632821914754,0.16666666666666666,247.08
2014-03-31 22:00:00,0.0,-0.2,1006.025,99.1,0.6,0,100602.5,272.95,0.0036914831038086637,0.19999999999999998,240.268
2014-03-31 23:00:00,1.2,-0.8,1006.25,99.8,0.7,0,100625.0,272.34999999999997,0.003557734435591795,0.2333333333333333,240.268
2014-04-01 00:00:00,0.9,-1.0750000000000002,1006.525,100.0,0.6,0,100652.5,272.075,0.0034929347347810976,0.19999999999999998,240.344
2014-04-01 01:00:00,2.4,-1.325,1006.975,100.0,0.5,0,100697.5,271.825,0.0034279878960171784,0.16666666666666666,220.166
2014-04-01 02:00:00,0.4,-1.75,1007.25,100.0,0.6,0,100725.0,271.4,0.003321665575726734,0.19999999999999998,220.166
2014-04-01 03:00:00,0.2,-2.025,1007.275,100.0,0.8,0,100727.5,271.125,0.0032549361065940855,0.26666666666666666,220.166
2014-04-01 04:00:00,0.1,-2.2,1007.275,100.0,0.4,0,100727.5,270.95,0.0032131450369046735,0.13333333333333333,262.177
2014-04-01 05:00:00,0.0,-2.2,1007.8,100.0,0.1,0,100780.0,270.95,0.003211471191752486,0.03333333333333333,262.177
2014-04-01 06:00:00,0.0,-2.125,1007.8,100.0,0.0,1,100780.0,271.025,0.0032293136568187805,0.0,262.177
2014-04-01 07:00:00,0.0,-1.8,1008.15,100.0,0.2,155,100815.0,271.34999999999997,0.0033065038581245555,0.06666666666666667,240.521
2014-04-01 08:00:00,0.0,-0.525,1008.675,99.8,0.1,416,100867.5,272.625,0.003621114320613506,0.03333333333333333,240.515
2014-04-01 09:00:00,0.0,0.075,1008.9,96.9,0.0,661,100890.0,273.22499999999997,0.003671832222206569,0.0,240.596
2014-04-01 10:00:00,0.0,0.325,1009.65,92.6,0.0,641,100965.0,273.47499999999997,0.003570369955181398,0.0,238.847
2014-04-01 11:00:00,0.0,0.4,1009.9,91.3,0.3,615,100990.0,273.54999999999995,0.0035385237562383523,0.09999999999999999,238.847
2014-04-01 12:00:00,0.0,0.25,1010.325,92.0,0.5,475,101032.5,273.4,0.0035256705795946894,0.16666666666666666,238.933
2014-04-01 13:00:00,0.0,0.475,1010.375,94.0,0.6,764,101037.5,273.625,0.003661256462964006,0.19999999999999998,287.242
2014-04-01 14:00:00,2.0,0.375,1010.25,94.0,0.6,517,101025.0,273.525,0.003635325669970661,0.19999999999999998,287.242
2014-04-01 15:00:00,1.1,0.45,1010.3,95.5,0.4,428,101030.0,273.59999999999997,0.0037132399071739958,0.13333333333333333,287.242
2014-04-01 16:00:00,0.9,0.125,1010.525,96.4,0.4,241,101052.5,273.275,0.0036602573254370346,0.13333333333333333,267.587
2014-04-01 17:00:00,0.9,-0.15,1010.7,97.6,0.4,149,101070.0,273.0,0.003631964456160093,0.13333333333333333,267.587
2014-04-01 18:00:00,0.3999999999999999,-0.5,1010.825,98.9,0.4,1,101082.5,272.65,0.0035873560169875137,0.13333333333333333,267.529
2014-04-01 19:00:00,0.3,-0.775,1011.15,99.8,0.4,0,101115.0,272.375,0.003546964475781231,0.13333333333333333,224.772
2014-04-01 20:00:00,0.2,-0.9,1011.675,100.0,0.3,0,101167.5,272.25,0.0035199314824802415,0.09999999999999999,224.772
2014-04-01 21:00:00,0.1,-0.8250000000000001,1011.875,100.0,0.3,0,101187.5,272.325,0.0035385785913013483,0.09999999999999999,224.747
2014-04-01 22:00:00,0.0,-0.725,1012.525,100.0,0.1,0,101252.5,272.42499999999995,0.003562227461721615,0.03333333333333333,217.999
2014-04-01 23:00:00,0.0,-0.6499999999999999,1012.625,100.0,0.2,0,101262.5,272.5,0.0035814245896286854,0.06666666666666667,217.999
2014-04-02 00:00:00,0.0,-0.7,1012.825,100.0,0.1,0,101282.5,272.45,0.00356767679965955,0.03333333333333333,217.978
2014-04-02 01:00:00,0.0,-0.725,1012.75,100.0,0.1,0,101275.0,272.42499999999995,0.003561436051029058,0.03333333333333333,226.425
2014-04-02 02:00:00,0.0,-0.95,1012.85,100.0,0.1,0,101285.0,272.2,0.0035030173492612564,0.03333333333333333,226.425
2014-04-02 03:00:00,0.0,-1.05,1013.25,100.0,0.0,0,101325.0,272.09999999999997,0.003476107744329701,0.0,226.425
2014-04-02 04:00:00,0.0,-0.9,1013.025,100.0,0.0,0,101302.5,272.25,0.0035152406727753,0.0,222.234
2014-04-02 05:00:00,0.2,-1.125,1013.675,100.0,0.0,0,101367.5,272.025,0.0034556217668109536,0.0,222.289
2014-04-02 06:00:00,0.0,-0.825,1014.4,100.0,0.0,3,101440.0,272.325,0.003529770516633529,0.0,222.289
2014-04-02 07:00:00,0.0,0.075,1014.75,100.0,0.1,342,101475.0,273.22499999999997,0.003767455347335986,0.03333333333333333,236.917
2014-04-02 08:00:00,0.0,2.075,1015.3,100.0,0.1,877,101530.0,275.22499999999997,0.004348020945534865,0.03333333333333333,236.931
2014-04-02 09:00:00,0.0,2.225,1015.725,95.9,0.1,1057,101572.5,275.375,0.0042128247389859675,0.03333333333333333,236.986
2014-04-02 10:00:00,0.0,3.275,1016.35,89.3,0.3,1424,101635.0,276.42499999999995,0.00422372249680409,0.09999999999999999,250.973
2014-04-02 11:00:00,0.0,3.65,1016.45,84.4,0.3,1386,101645.0,276.79999999999995,0.004098574403131859,0.09999999999999999,250.993
2014-04-02 12:00:00,0.0,4.575,1016.65,82.2,0.4,1835,101665.0,277.72499999999997,0.004258613573364702,0.13333333333333333,251.051
2014-04-02 13:00:00,0.0,4.4,1016.675,77.3,0.5,1240,101667.5,277.54999999999995,0.003955923121003872,0.16666666666666666,257.269
2014-04-02 14:00:00,0.0,4.575,1016.925,81.6,0.3,1253,101692.5,277.72499999999997,0.004226385581357612,0.09999999999999999,257.269
2014-04-02 15:00:00,0.0,4.475,1016.7,81.7,0.3,995,101670.0,277.625,0.004203001315992022,0.09999999999999999,257.269
2014-04-02 16:00:00,0.0,4.375,1016.425,84.6,0.3,989,101642.5,277.525,0.0043230004258291085,0.09999999999999999,293.823
2014-04-02 17:00:00,0.0,1.75,1016.45,86.6,0.4,263,101645.0,274.9,0.0036748059877088402,0.13333333333333333,294.026
2014-04-02 18:00:00,0.0,1.0,1016.2,96.7,0.6,49,101620.0,274.15,0.00388935845232754,0.19999999999999998,294.102
2014-04-02 19:00:00,0.0,0.4,1016.2,98.7,0.6,0,101620.0,273.54999999999995,0.003801610971900972,0.19999999999999998,283.661
2014-04-02 20:00:00,0.0,0.55,1016.75,99.9,0.6,0,101675.0,273.7,0.0038876747898041954,0.19999999999999998,283.586
2014-04-02 21:00:00,0.0,0.475,1016.55,100.0,0.6,0,101655.0,273.625,0.0038712939141958645,0.19999999999999998,283.605
2014-04-02 22:00:00,0.0,0.15,1016.525,100.0,0.5,0,101652.5,273.29999999999995,0.0037813822140111775,0.16666666666666666,270.878
2014-04-02 23:00:00,0.0,-0.075,1016.275,100.0,0.7,0,101627.5,273.075,0.0037210767785306213,0.2333333333333333,270.878
2014-04-03 00:00:00,0.0,-0.05,1016.15,100.0,0.5,0,101615.0,273.09999999999997,0.0037282956122205134,0.16666666666666666,270.878
2014-04-03 01:00:00,0.0,0.3,1015.775,100.0,0.4,0,101577.5,273.45,0.003825513134241334,0.13333333333333333,271.961
2014-04-03 02:00:00,0.0,0.05,1015.45,100.0,0.5,0,101545.0,273.2,0.0037580378571040597,0.16666666666666666,271.961
2014-04-03 03:00:00,0.0,0.175,1015.1,100.0,0.5,0,101510.0,273.325,0.003793557281067269,0.16666666666666666,271.891
2014-04-03 04:00:00,0.0,0.475,1014.85,100.0,0.4,0,101485.0,273.625,0.0038777788131012523,0.13333333333333333,246.853
2014-04-03 05:00:00,0.0,0.6499999999999999,1014.875,100.0,0.4,0,101487.5,273.79999999999995,0.003927011076372196,0.13333333333333333,246.853
2014-04-03 06:00:00,0.0,0.575,1015.0,100.0,0.3,31,101500.0,273.72499999999997,0.0039053218809796454,0.09999999999999999,246.853
2014-04-03 07:00:00,0.0,1.825,1015.1,100.0,0.1,312,101510.0,274.97499999999997,0.004271919317520087,0.03333333333333333,212.877
2014-04-03 08:00:00,0.0,4.025,1015.1,99.9,0.2,708,101510.0,277.17499999999995,0.004987551955631549,0.06666666666666667,213.001
2014-04-03 09:00:00,0.0,5.8,1015.2,89.0,0.4,1398,101520.0,278.95,0.005028274378345101,0.13333333333333333,212.995
2014-04-03 10:00:00,0.0,6.05,1015.3,71.2,0.8,1674,101530.0,279.2,0.004092372343876165,0.26666666666666666,228.572
2014-04-03 11:00:00,0.0,6.875,1015.3,63.8,0.7,2132,101530.0,280.025,0.003881405460123845,0.2333333333333333,228.636
2014-04-03 12:00:00,0.0,7.075,1014.9,54.7,1.0,1946,101490.0,280.22499999999997,0.0033750771513551153,0.3333333333333333,228.636
2014-04-03 13:00:00,0.0,7.7,1014.6,52.0,0.9,2190,101460.0,280.84999999999997,0.0033495180832553407,0.3,239.353
2014-04-03 14:00:00,0.0,7.7,1014.1,48.5,0.9,1706,101410.0,280.84999999999997,0.0031256100671424665,0.3,239.353
2014-04-03 15:00:00,0.0,6.875,1013.8,49.5,0.8,1198,101380.0,280.025,0.0030158909355186064,0.26666666666666666,239.353
2014-04-03 16:00:00,0.0,5.7,1013.875,58.7,0.9,697,101387.5,278.84999999999997,0.0032978162471506444,0.3,226.261
2014-04-03 17:00:00,0.0,3.9,1014.075,63.7,0.8,294,101407.5,277.04999999999995,0.003155628441155777,0.26666666666666666,226.247
2014-04-03 18:00:00,0.0,2.475,1014.5,71.9,0.9,36,101450.0,275.625,0.0032191165318935207,0.3,226.186
2014-04-03 19:00:00,0.0,1.0,1014.375,83.0,0.5,0,101437.5,274.15,0.00334433860635154,0.16666666666666666,209.542
2014-04-03 20:00:00,0.1,0.8,1014.375,96.1,0.4,0,101437.5,273.95,0.0038167947524188985,0.13333333333333333,209.542
2014-04-03 21:00:00,1.0,0.65,1014.625,98.2,0.2,0,101462.5,273.79999999999995,0.0038572750617645287,0.06666666666666667,209.542
2014-04-03 22:00:00,0.4,0.3,1014.775,99.3,0.5,0,101477.5,273.45,0.003802477967733195,0.16666666666666666,209.173
2014-04-03 23:00:00,0.6,0.125,1014.95,99.8,0.8,0,101495.0,273.275,0.003772832636237303,0.26666666666666666,209.173
2014-04-04 00:00:00,0.1,-0.1,1014.5,99.8,0.5,0,101450.0,273.04999999999995,0.0037133844407739327,0.16666666666666666,209.173
2014-04-04 01:00:00,0.6000000000000001,-0.1,1013.775,100.0,0.4,0,101377.5,273.04999999999995,0.0037234870373680255,0.13333333333333333,212.495
2014-04-04 02:00:00,1.3,-0.15,1013.875,100.0,0.4,0,101387.5,273.0,0.0037096216995751627,0.13333333333333333,212.495
2014-04-04 03:00:00,1.4,-0.25,1013.525,100.0,0.6,0,101352.5,272.9,0.003684027430909373,0.19999999999999998,212.501
2014-04-04 04:00:00,2.6,-0.575,1013.4,100.0,0.2,0,101340.0,272.575,0.003598314694778958,0.06666666666666667,239.275
2014-04-04 05:00:00,1.7000000000000002,-0.6,1013.6,100.0,0.0,0,101360.0,272.54999999999995,0.0035910523928357383,0.0,239.275
2014-04-04 06:00:00,1.3,-0.475,1014.1,100.0,0.0,2,101410.0,272.67499999999995,0.0036221332826192167,0.0,239.35
2014-04-04 07:00:00,1.6,-0.125,1014.275,100.0,0.0,138,101427.5,273.025,0.0037148996826400034,0.0,276.614
2014-04-04 08:00:00,0.3,0.2499999999999999,1014.5,100.0,0.0,394,101450.0,273.4,0.0038164796626406284,0.0,276.634
2014-04-04 09:00:00,0.3,1.725,1014.55,100.0,0.0,1026,101455.0,274.875,0.00424377480124182,0.0,276.689
2014-04-04 10:00:00,0.2,2.175,1014.675,95.9,0.5,1307,101467.5,275.325,0.004202182401591994,0.16666666666666666,293.581
2014-04-04 11:00:00,0.1,2.8,1014.725,91.3,0.5,1349,101472.5,275.95,0.00418221574190071,0.16666666666666666,293.595
2014-04-04 12:00:00,0.1,2.6,1014.325,90.1,0.6,1313,101432.5,275.75,0.004070671892942094,0.19999999999999998,293.656
2014-04-04 13:00:00,0.4,3.275,1014.275,92.2,0.8,1368,101427.5,276.42499999999995,0.004369808543595542,0.26666666666666666,294.006
2014-04-04 14:00:00,0.7,2.55,1014.1,91.6,0.9,929,101410.0,275.7,0.0041246791130621204,0.3,294.006
2014-04-04 15:00:00,0.0,3.025,1013.825,93.2,0.8,775,101382.5,276.17499999999995,0.00434171436594096,0.26666666666666666,294.006
2014-04-04 16:00:00,0.0,2.325,1014.075,94.1,0.6,460,101407.5,275.47499999999997,0.004170075648668408,0.19999999999999998,311.344
2014-04-04 17:00:00,2.3,1.7000000000000002,1014.4,96.8,0.7,70,101440.0,274.84999999999997,0.0041012381134121895,0.2333333333333333,311.344
2014-04-04 18:00:00,1.5,0.9,1014.5,98.2,0.4,11,101450.0,274.04999999999995,0.003927923654178673,0.13333333333333333,311.136
2014-04-04 19:00:00,0.6,0.55,1014.525,99.6,0.6,0,101452.5,273.7,0.0038845007193075943,0.19999999999999998,300.115
2014-04-04 20:00:00,0.4,0.725,1014.875,99.9,0.4,0,101487.5,273.875,0.003944372966944877,0.13333333333333333,300.051
2014-04-04 21:00:00,2.0,0.7,1015.05,100.0,0.3,0,101505.0,273.84999999999997,0.003940527036965423,0.09999999999999999,300.046
2014-04-04 22:00:00,2.3000000000000003,0.275,1015.35,100.0,0.4,0,101535.0,273.42499999999995,0.0038201939987192964,0.13333333333333333,308.77
2014-04-04 23:00:00,1.3,-0.025,1015.675,100.0,0.2,0,101567.5,273.125,0.003736814371194966,0.06666666666666667,308.764
2014-04-05 00:00:00,1.6,0.1,1015.325,100.0,0.0,0,101532.5,273.25,0.0037721539698774456,0.0,308.784
2014-04-05 01:00:00,1.5,0.025,1015.75,100.0,0.2,0,101575.0,273.17499999999995,0.0037501205009624347,0.06666666666666667,310.839
2014-04-05 02:00:00,1.4,0.0,1015.375,100.0,0.0,0,101537.5,273.15,0.0037447065062871277,0.0,310.839
2014-04-05 03:00:00,0.0,0.225,1015.55,100.0,0.0,0,101555.0,273.375,0.003805636858612711,0.0,310.839
2014-04-05 04:00:00,1.6,0.225,1015.725,100.0,0.0,0,101572.5,273.375,0.0038049811826667045,0.0,311.196
2014-04-05 05:00:00,2.0,0.05,1016.425,100.0,0.0,0,101642.5,273.2,0.003754432980294973,0.0,311.135
2014-04-05 06:00:00,0.5,0.2,1016.75,100.0,0.0,54,101675.0,273.34999999999997,0.003794267659744826,0.0,311.135
2014-04-05 07:00:00,0.5,0.75,1017.55,100.0,0.0,180,101755.0,273.9,0.0039450491067834475,0.0,293.226
2014-04-05 08:00:00,0.6,1.275,1017.95,100.0,0.3,423,101795.0,274.42499999999995,0.00409534554276199,0.09999999999999999,293.226
2014-04-05 09:00:00,1.2,1.9,1018.65,100.0,0.3,498,101865.0,275.04999999999995,0.004279911434527262,0.09999999999999999,293.232
2014-04-05 10:00:00,0.3,2.55,1019.075,99.7,0.5,678,101907.5,275.7,0.004467499239442812,0.16666666666666666,300.752
2014-04-05 11:00:00,0.4,2.95,1019.325,98.0,0.5,579,101932.5,276.09999999999997,0.004516635371984748,0.16666666666666666,300.752
2014-04-05 12:00:00,1.1,3.15,1019.5,97.6,0.5,583,101950.0,276.29999999999995,0.004561548579197133,0.16666666666666666,300.752
2014-04-05 13:00:00,0.6,3.2,1019.475,97.3,0.7,490,101947.5,276.34999999999997,0.004563745739173212,0.2333333333333333,290.997
2014-04-05 14:00:00,1.8,3.3,1019.5,97.4,0.8,436,101950.0,276.45,0.004600721752110135,0.26666666666666666,291.034
2014-04-05 15:00:00,2.3000000000000003,3.45,1019.4,98.4,0.8,336,101940.0,276.59999999999997,0.004697898633327578,0.26666666666666666,291.034
2014-04-05 16:00:00,1.6,3.4,1019.875,98.8,0.8,156,101987.5,276.54999999999995,0.004698192582846251,0.26666666666666666,285.339
2014-04-05 17:00:00,2.2,3.25,1019.85,98.9,1.1,6,101985.0,276.4,0.004653503161835185,0.3666666666666667,285.251
2014-04-05 18:00:00,2.5,3.3,1019.825,99.9,1.2,0,101982.5,276.45,0.004717306292333549,0.39999999999999997,285.251
2014-04-05 19:00:00,1.2999999999999998,3.225,1019.75,99.9,1.4,0,101975.0,276.375,0.004692717960488632,0.4666666666666666,275.709
2014-04-05 20:00:00,1.3,3.225,1020.475,100.0,1.5,0,102047.5,276.375,0.004694078080832769,0.5,275.709
2014-04-05 21:00:00,1.6,3.2,1020.55,100.0,1.7,0,102055.0,276.34999999999997,0.004685445530568413,0.5666666666666667,275.625
2014-04-05 22:00:00,1.9,2.875,1020.9,100.0,1.8,0,102090.0,276.025,0.00457730995990933,0.6,271.962
2014-04-05 23:00:00,0.7,2.85,1021.075,100.0,1.9,0,102107.5,276.0,0.0045684218746735675,0.6333333333333333,271.962
2014-04-06 00:00:00,1.8,2.75,1021.525,100.0,1.7,0,102152.5,275.9,0.004534136181499235,0.5666666666666667,271.962
2014-04-06 01:00:00,1.5,2.3,1021.7,100.0,1.3,0,102170.0,275.45,0.004390640347316492,0.43333333333333335,265.18
2014-04-06 02:00:00,0.3,2.825,1021.725,100.0,1.0,0,102172.5,275.97499999999997,0.004557429806947453,0.3333333333333333,265.18
2014-04-06 03:00:00,0.7,3.1500000000000004,1021.75,100.0,1.0,0,102175.0,276.29999999999995,0.004663425792789089,0.3333333333333333,265.18
2014-04-06 04:00:00,0.3,3.35,1021.9,100.0,0.9,0,102190.0,276.5,0.004729110266768494,0.3,279.964
2014-04-06 05:00:00,0.4,3.55,1022.35,100.0,0.9,0,102235.0,276.7,0.004794203037549122,0.3,279.964
2014-04-06 06:00:00,0.5,3.6,1022.675,100.0,1.0,16,102267.5,276.75,0.004809599134003108,0.3333333333333333,280.054
2014-04-06 07:00:00,1.2,3.85,1023.575,100.0,1.0,82,102357.5,277.0,0.004890689027353013,0.3333333333333333,275.494
2014-04-06 08:00:00,0.5,4.1,1024.45,100.0,0.9,171,102445.0,277.25,0.0049730945594794575,0.3,275.489
2014-04-06 09:00:00,1.2,4.55,1024.8249999999998,100.0,0.6,369,102482.49999999999,277.7,0.005130491857745378,0.19999999999999998,275.549
2014-04-06 10:00:00,0.1,4.875,1025.425,100.0,0.9,707,102542.5,278.025,0.005245200204279659,0.3,250.05
2014-04-06 11:00:00,0.6,5.575,1025.65,100.0,0.8,845,102565.00000000001,278.72499999999997,0.0055056732191973105,0.26666666666666666,250.081
2014-04-06 12:00:00,0.1,7.25,1025.775,99.5,0.7,1715,102577.50000000001,280.4,0.006147451394951449,0.2333333333333333,250.151
2014-04-06 13:00:00,0.0,8.825,1025.95,93.7,1.0,2909,102595.0,281.97499999999997,0.006442481579160996,0.3333333333333333,227.624
2014-04-06 14:00:00,0.0,9.6,1025.9,82.3,1.1,2382,102590.00000000001,282.75,0.00596225757913596,0.3666666666666667,227.632
2014-04-06 15:00:00,0.0,9.975,1026.325,76.2,0.7,2247,102632.5,283.125,0.0056585940257959134,0.2333333333333333,227.632
2014-04-06 16:00:00,0.0,8.625,1026.0,79.4,0.7,1179,102600.0,281.775,0.00538565333529233,0.2333333333333333,226.504
2014-04-06 17:00:00,0.0,5.35,1025.575,83.8,0.5,140,102557.5,278.5,0.004542584442592044,0.16666666666666666,226.412
2014-04-06 18:00:00,0.0,4.325,1025.825,95.4,0.6,30,102582.5,277.47499999999997,0.004813316390874231,0.19999999999999998,226.426
2014-04-06 19:00:00,0.0,3.9,1025.65,98.3,0.6,0,102565.00000000001,277.04999999999995,0.00481471781760196,0.19999999999999998,204.165
2014-04-06 20:00:00,0.0,3.95,1025.8,99.4,0.6,0,102580.0,277.09999999999997,0.004885020204646177,0.19999999999999998,204.104
2014-04-06 21:00:00,0.2,3.75,1026.05,99.9,0.6,0,102605.0,276.9,0.0048398428235179045,0.19999999999999998,204.104
2014-04-06 22:00:00,0.1,3.55,1025.875,100.0,0.6,0,102587.5,276.7,0.004777729718960249,0.19999999999999998,204.611
2014-04-06 23:00:00,0.1,3.575,1025.875,100.0,0.6,0,102587.5,276.72499999999997,0.004786156586318429,0.19999999999999998,204.611
2014-04-07 00:00:00,0.0,3.425,1025.6,100.0,0.8,0,102559.99999999999,276.575,0.0047370619016118614,0.26666666666666666,204.611
2014-04-07 01:00:00,0.0,3.2,1025.25,100.0,0.8,0,102525.0,276.34999999999997,0.004663966287463149,0.26666666666666666,208.33
2014-04-07 02:00:00,0.0,3.2,1025.15,100.0,1.0,0,102515.00000000001,276.34999999999997,0.004664421241985654,0.3333333333333333,208.33
2014-04-07 03:00:00,0.0,2.525,1024.825,99.8,1.1,0,102482.5,275.67499999999995,0.0044389943380059235,0.3666666666666667,208.33
2014-04-07 04:00:00,0.0,2.625,1024.625,98.5,1.2,0,102462.5,275.775,0.0044132747433377,0.39999999999999997,204.831
2014-04-07 05:00:00,0.0,3.4,1024.625,91.5,1.2,0,102462.5,276.54999999999995,0.00433088809700176,0.39999999999999997,204.831
2014-04-07 06:00:00,0.0,5.45,1024.4,85.9,1.1,8,102440.00000000001,278.59999999999997,0.004694250694119203,0.3666666666666667,204.889
2014-04-07 07:00:00,0.0,9.475,1024.9,69.2,0.7,227,102490.00000000001,282.625,0.00497613880449956,0.2333333333333333,236.855
2014-04-07 08:00:00,0.2,12.1,1024.75,55.1,0.4,1015,102475.0,285.25,0.004719121724197846,0.13333333333333333,236.93
2014-04-07 09:00:00,0.0,13.9,1024.3249999999998,41.3,1.0,1835,102432.49999999999,287.04999999999995,0.003980737728010681,0.3333333333333333,236.924
2014-04-07 10:00:00,0.1,15.4,1024.35,37.5,0.9,3004,102434.99999999999,288.54999999999995,0.003981936225752359,0.3,302.531
2014-04-07 11:00:00,0.0,17.0,1024.125,36.8,1.1,3302,102412.5,290.15,0.0043284907096898285,0.3666666666666667,302.673
2014-04-07 12:00:00,0.0,18.225,1023.75,31.1,0.7,3349,102375.0,291.375,0.003953503293169317,0.2333333333333333,302.734
2014-04-07 13:00:00,0.0,18.05,1023.425,34.0,0.6,3196,102342.5,291.2,0.004276234335902576,0.19999999999999998,329.25
2014-04-07 14:00:00,0.0,17.799999999999997,1023.4,35.4,0.7,2801,102340.0,290.95,0.004382894556129504,0.2333333333333333,329.271
2014-04-07 15:00:00,0.0,16.475,1022.95,35.4,0.7,2144,102295.0,289.625,0.004031853870870577,0.2333333333333333,329.271
2014-04-07 16:00:00,0.0,14.425,1023.15,43.0,0.6,1199,102315.0,287.575,0.004292962769890022,0.19999999999999998,255.143
2014-04-07 17:00:00,0.0,11.55,1022.975,52.4,0.7,293,102297.5,284.7,0.004335395161756004,0.2333333333333333,255.059
2014-04-07 18:00:00,0.0,9.3,1022.6,63.2,0.6,56,102260.0,282.45,0.004501589114363909,0.19999999999999998,254.92
2014-04-07 19:00:00,0.0,8.175,1023.125,66.6,0.8,0,102312.5,281.325,0.004393988752147683,0.26666666666666666,234.128
2014-04-07 20:00:00,0.0,7.275,1023.3,66.2,0.8,0,102330.0,280.42499999999995,0.00410697496847113,0.26666666666666666,234.064
2014-04-07 21:00:00,0.0,6.95,1023.3,72.1,0.8,0,102330.0,280.09999999999997,0.004374515574756869,0.26666666666666666,234.069
2014-04-07 22:00:00,0.0,6.725,1023.325,77.3,0.8,0,102332.5,279.875,0.004618008173254992,0.26666666666666666,231.139
2014-04-07 23:00:00,0.0,6.45,1023.1,86.4,0.8,0,102310.0,279.59999999999997,0.005066036204719544,0.26666666666666666,231.139
2014-04-08 00:00:00,0.0,5.975,1023.2,93.5,0.5,0,102320.0,279.125,0.0053050502777502,0.16666666666666666,231.139
2014-04-08 01:00:00,0.0,5.25,1022.925,96.4,0.4,0,102292.5,278.4,0.005202845904992101,0.13333333333333333,246.225
2014-04-08 02:00:00,0.0,4.55,1022.5,97.4,0.7,0,102250.0,277.7,0.005008461666350069,0.2333333333333333,246.295
2014-04-08 03:00:00,0.0,4.8,1021.825,97.3,0.7,0,102182.5,277.95,0.005094831507385945,0.2333333333333333,246.295
2014-04-08 04:00:00,0.0,4.95,1021.825,95.8,0.7,0,102182.5,278.09999999999997,0.00506904381668726,0.2333333333333333,246.751
2014-04-08 05:00:00,0.0,4.875,1021.8,92.8,0.4,0,102180.0,278.025,0.004884814191888217,0.13333333333333333,246.809
2014-04-08 06:00:00,0.0,5.45,1022.25,93.4,0.6,49,102225.0,278.59999999999997,0.005114844584509261,0.19999999999999998,246.819
2014-04-08 07:00:00,0.0,9.575,1021.9,90.5,0.4,391,102190.0,282.72499999999997,0.006570929209564682,0.13333333333333333,247.712
2014-04-08 08:00:00,0.0,11.525,1022.125,72.8,0.2,891,102212.5,284.67499999999995,0.0060182687837795614,0.06666666666666667,247.767
2014-04-08 09:00:00,0.0,13.55,1022.4,65.8,0.6,1720,102240.0,286.7,0.006211145153958913,0.19999999999999998,247.844
2014-04-08 10:00:00,0.0,14.5,1022.075,55.4,0.7,2783,102207.5,287.65,0.005563665620600999,0.2333333333333333,279.302
2014-04-08 11:00:00,0.0,15.675,1022.075,53.3,0.9,3114,102207.5,288.825,0.0057731661861491704,0.3,279.426
2014-04-08 12:00:00,0.0,16.45,1021.775,49.9,0.9,3150,102177.5,289.59999999999997,0.005680805836789254,0.3,279.504
2014-04-08 13:00:00,0.0,16.325,1021.6,46.0,0.8,2974,102160.0,289.47499999999997,0.0051961699701160045,0.26666666666666666,315.531
2014-04-08 14:00:00,0.0,15.9,1020.825,39.8,1.3,2535,102082.5,289.04999999999995,0.004378800131788454,0.43333333333333335,315.525
2014-04-08 15:00:00,0.0,14.775,1020.7,40.1,1.1,2009,102070.0,287.92499999999995,0.004104799843422877,0.3666666666666667,315.589
2014-04-08 16:00:00,0.0,12.975,1020.8,44.4,1.1,1065,102080.0,286.125,0.004043070211635786,0.3666666666666667,278.413
2014-04-08 17:00:00,0.0,10.85,1020.625,39.6,1.0,283,102062.5,284.0,0.0031349321348609163,0.3333333333333333,278.358
2014-04-08 18:00:00,0.0,8.15,1020.375,55.9,0.7,23,102037.5,281.29999999999995,0.0036917119178821434,0.2333333333333333,278.273
2014-04-08 19:00:00,0.0,6.25,1020.525,75.4,0.5,0,102052.5,279.4,0.004371531158504847,0.16666666666666666,263.346
2014-04-08 20:00:00,0.0,5.625,1020.525,85.4,0.7,0,102052.5,278.775,0.004741868995070444,0.2333333333333333,263.326
2014-04-08 21:00:00,0.0,5.324999999999999,1021.0,88.7,0.6,0,102100.0,278.47499999999997,0.004821363191766929,0.19999999999999998,263.271
2014-04-08 22:00:00,0.0,5.8,1020.9,93.3,0.5,0,102090.0,278.95,0.005241782664689911,0.16666666666666666,259.016
2014-04-08 23:00:00,0.0,6.45,1020.925,95.4,0.5,0,102092.5,279.59999999999997,0.005605665347919247,0.16666666666666666,259.016
2014-04-09 00:00:00,0.0,5.575,1021.325,95.7,0.3,0,102132.5,278.72499999999997,0.005291241579876264,0.09999999999999999,258.955
2014-04-09 01:00:00,0.0,5.45,1020.825,98.0,0.3,0,102082.5,278.59999999999997,0.005374245029261665,0.09999999999999999,272.192
2014-04-09 02:00:00,0.0,5.074999999999999,1020.625,99.0,0.5,0,102062.5,278.22499999999997,0.005290395691157082,0.16666666666666666,272.192
2014-04-09 03:00:00,0.0,4.725,1020.225,99.6,0.1,0,102022.5,277.875,0.005196166420940786,0.03333333333333333,272.192
2014-04-09 04:00:00,0.0,4.75,1019.925,100.0,0.2,0,101992.5,277.9,0.00522768649982527,0.06666666666666667,298.863
2014-04-09 05:00:00,0.0,4.675,1020.1,100.0,0.2,0,102010.0,277.825,0.005199484337720814,0.06666666666666667,298.863
2014-04-09 06:00:00,0.3,4.4,1020.375,100.0,0.2,27,102037.5,277.54999999999995,0.005099066594522897,0.06666666666666667,298.863
2014-04-09 07:00:00,0.9,4.675,1020.825,100.0,0.2,271,102082.5,277.825,0.0051957916125770845,0.06666666666666667,316.288
2014-04-09 08:00:00,0.4,5.275,1020.825,100.0,0.3,552,102082.5,278.42499999999995,0.005417654756717533,0.09999999999999999,316.228
2014-04-09 09:00:00,0.2,5.725,1021.075,99.9,0.5,689,102107.5,278.875,0.005582552151236627,0.16666666666666666,316.228
2014-04-09 10:00:00,0.1,6.125,1021.95,98.6,0.4,965,102195.0,279.275,0.0056596106694969985,0.13333333333333333,302.323
2014-04-09 11:00:00,0.1,6.8,1021.4,94.8,0.6,1416,102140.0,279.95,0.005703466667868519,0.19999999999999998,302.323
2014-04-09 12:00:00,0.2,8.1,1021.5,88.0,0.7,2191,102150.0,281.25,0.005785547454527434,0.2333333333333333,302.323
2014-04-09 13:00:00,0.0,8.45,1021.375,78.8,0.6,1438,102137.5,281.59999999999997,0.005305891650770486,0.19999999999999998,283.658
2014-04-09 14:00:00,0.0,8.45,1020.925,76.4,0.7,1158,102092.5,281.59999999999997,0.005146558373635186,0.2333333333333333,283.603
2014-04-09 15:00:00,0.0,9.225,1020.85,72.7,0.5,1307,102085.0,282.375,0.005160995114897129,0.16666666666666666,283.583
2014-04-09 16:00:00,0.0,7.975,1020.7,65.4,0.6,496,102070.0,281.125,0.004266660720064766,0.19999999999999998,266.583
2014-04-09 17:00:00,0.0,5.7,1020.475,73.4,0.4,194,102047.5,278.84999999999997,0.004097004648432572,0.13333333333333333,266.551
2014-04-09 18:00:00,0.0,4.125,1020.25,83.5,0.6,49,102025.0,277.275,0.004176950083320838,0.19999999999999998,266.455
2014-04-09 19:00:00,0.3,2.25,1020.325,85.8,0.7,0,102032.5,275.4,0.0037588352211872012,0.2333333333333333,227.062
2014-04-09 20:00:00,0.0,1.375,1020.775,89.0,0.8,0,102077.5,274.525,0.0036609558595074223,0.26666666666666666,227.062
2014-04-09 21:00:00,0.0,1.2999999999999998,1020.725,91.1,0.6,0,102072.5,274.45,0.0037274020523410055,0.19999999999999998,227.0
2014-04-09 22:00:00,0.0,1.35,1020.65,90.5,0.6,0,102065.0,274.5,0.0037164398718089542,0.19999999999999998,198.987
2014-04-09 23:00:00,0.0,1.15,1021.125,89.8,0.6,0,102112.5,274.29999999999995,0.003633406173653815,0.19999999999999998,198.993
2014-04-10 00:00:00,0.0,0.675,1021.05,90.5,0.5,0,102105.0,273.825,0.0035388313313930637,0.16666666666666666,198.993
2014-04-10 01:00:00,0.0,0.525,1021.2,91.3,0.5,0,102120.0,273.67499999999995,0.0035311338177633315,0.16666666666666666,222.982
2014-04-10 02:00:00,0.0,0.625,1020.75,91.6,0.5,0,102075.0,273.775,0.003569989935203741,0.16666666666666666,222.982
2014-04-10 03:00:00,0.0,0.4,1020.6,90.6,0.5,0,102060.0,273.54999999999995,0.003474580227951677,0.16666666666666666,222.982
2014-04-10 04:00:00,0.1,-0.2,1020.675,84.5,0.6,0,102067.5,272.95,0.0031024531728166957,0.19999999999999998,240.661
2014-04-10 05:00:00,0.0,0.0,1020.65,70.4,0.6,0,102065.0,273.15,0.0026226483943077353,0.19999999999999998,240.661
2014-04-10 06:00:00,0.0,1.75,1020.475,64.3,0.6,3,102047.5,274.9,0.0027177602777256646,0.19999999999999998,240.661
2014-04-10 07:00:00,0.0,6.675,1020.625,52.4,0.4,270,102062.5,279.825,0.003127961286336497,0.13333333333333333,264.689
2014-04-10 08:00:00,0.2,7.625,1020.95,40.1,0.4,1023,102095.0,280.775,0.002553830747366984,0.13333333333333333,264.724
2014-04-10 09:00:00,0.0,10.175,1021.325,39.0,0.6,2284,102132.5,283.325,0.002949519490785943,0.19999999999999998,264.724
2014-04-10 10:00:00,0.1,11.725,1021.45,28.5,0.6,3050,102145.0,284.875,0.002388986541104976,0.19999999999999998,265.714
2014-04-10 11:00:00,0.1,12.75,1021.125,29.7,0.6,3301,102112.5,285.9,0.0026640922750171716,0.19999999999999998,265.714
2014-04-10 12:00:00,0.0,13.575,1020.8,33.9,0.8,3397,102080.0,286.72499999999997,0.0032102037855231756,0.26666666666666666,265.769
2014-04-10 13:00:00,0.0,14.175,1020.525,32.4,1.0,3257,102052.5,287.325,0.003190952416086999,0.3333333333333333,242.892
2014-04-10 14:00:00,0.0,14.35,1020.35,30.5,0.9,2869,102035.0,287.5,0.0030385848912911867,0.3,242.892
2014-04-10 15:00:00,0.0,13.975,1019.725,30.9,0.9,2324,101972.5,287.125,0.00300636248433099,0.3,242.892
2014-04-10 16:00:00,0.0,12.425,1019.475,34.6,0.8,1308,101947.5,285.575,0.003043062754537246,0.26666666666666666,277.678
2014-04-10 17:00:00,0.0,9.4,1018.825,44.7,0.7,286,101882.5,282.54999999999995,0.003217253316283888,0.2333333333333333,277.647
2014-04-10 18:00:00,0.0,7.6,1019.1,63.0,0.4,18,101910.0,280.75,0.004012685497002477,0.13333333333333333,277.559
2014-04-10 19:00:00,0.0,6.025,1018.925,72.1,0.3,0,101892.5,279.17499999999995,0.004122231342246794,0.09999999999999999,234.931
2014-04-10 20:00:00,0.0,5.475,1018.975,75.2,0.6,0,101897.5,278.625,0.004138573622262029,0.19999999999999998,234.931
2014-04-10 21:00:00,0.0,5.125,1018.875,72.9,0.6,0,101887.5,278.275,0.003915953824519538,0.19999999999999998,234.931
2014-04-10 22:00:00,0.0,4.675,1018.825,74.9,0.6,0,101882.5,277.825,0.003899287400396382,0.19999999999999998,245.74
2014-04-10 23:00:00,0.0,4.0,1019.05,76.2,0.5,0,101905.0,277.15,0.0037829247745956077,0.16666666666666666,245.74
2014-04-11 00:00:00,0.0,3.975,1019.125,78.5,0.6,0,101912.5,277.125,0.0038899832330021125,0.19999999999999998,245.74
2014-04-11 01:00:00,0.0,3.75,1018.975,76.8,0.5,0,101897.5,276.9,0.0037465539043557198,0.16666666666666666,279.021
2014-04-11 02:00:00,0.0,3.85,1018.75,78.9,0.5,0,101875.0,277.0,0.0038770294573795216,0.16666666666666666,279.021
2014-04-11 03:00:00,0.0,4.0,1018.4,78.6,0.7,0,101840.0,277.15,0.003904562532807883,0.2333333333333333,279.021
2014-04-11 04:00:00,0.0,3.7,1018.3,78.3,0.4,0,101830.0,276.84999999999997,0.0038088307373654647,0.13333333333333333,289.644
2014-04-11 05:00:00,0.0,3.575,1018.25,81.7,0.6,0,101825.0,276.72499999999997,0.003939571503056572,0.19999999999999998,289.708
2014-04-11 06:00:00,0.0,5.050000000000001,1018.075,72.6,0.6,39,101807.5,278.2,0.00388257536715991,0.19999999999999998,289.708
2014-04-11 07:00:00,0.0,9.975,1018.075,61.9,0.3,340,101807.5,283.125,0.004633928722426097,0.09999999999999999,281.471
2014-04-11 08:00:00,0.0,12.225,1018.075,42.6,0.2,1218,101807.5,285.375,0.0037028050763690807,0.06666666666666667,281.471
2014-04-11 09:00:00,0.0,12.925,1018.4,41.3,0.8,2281,101840.0,286.075,0.003757335660094514,0.26666666666666666,281.471
2014-04-11 10:00:00,0.0,14.025,1018.625,37.4,0.6,3067,101862.5,287.17499999999995,0.0036545363095042576,0.19999999999999998,283.214
2014-04-11 11:00:00,0.0,15.025,1018.0,34.4,0.7,3357,101800.0,288.17499999999995,0.003588002991162357,0.2333333333333333,283.277
2014-04-11 12:00:00,0.0,16.075000000000003,1018.15,35.6,0.8,3435,101815.0,289.22499999999997,0.003971166521735716,0.26666666666666666,283.277
2014-04-11 13:00:00,0.0,15.8,1017.775,33.4,0.8,3277,101777.5,288.95,0.00366218212991729,0.26666666666666666,287.723
2014-04-11 14:00:00,0.0,15.85,1017.35,33.2,0.8,2901,101735.0,289.0,0.0036534423740179024,0.26666666666666666,287.723
2014-04-11 15:00:00,0.0,14.65,1017.35,37.5,1.3,2339,101735.0,287.79999999999995,0.003820351487673866,0.43333333333333335,287.723
2014-04-11 16:00:00,0.0,13.575,1017.1,44.7,1.1,1419,101710.0,286.72499999999997,0.004248322078432665,0.3666666666666667,291.378
2014-04-11 17:00:00,0.0,10.575,1016.725,53.0,0.7,322,101672.5,283.72499999999997,0.004135422133825842,0.2333333333333333,291.293
2014-04-11 18:00:00,0.0,8.35,1016.475,68.2,0.4,33,101647.5,281.5,0.0045831091871527336,0.13333333333333333,291.293
2014-04-11 19:00:00,0.0,6.7,1016.275,78.9,0.3,0,101627.5,279.84999999999997,0.004738145265240614,0.09999999999999999,292.023
2014-04-11 20:00:00,0.0,5.275,1016.675,85.6,0.4,0,101667.5,278.42499999999995,0.004656442490446215,0.13333333333333333,292.023
2014-04-11 21:00:00,0.0,5.15,1016.925,89.5,0.5,0,101692.5,278.29999999999995,0.004825259910442957,0.16666666666666666,292.023
2014-04-11 22:00:00,0.0,4.225,1016.725,85.0,0.4,0,101672.5,277.375,0.004296759205145449,0.13333333333333333,295.816
2014-04-11 23:00:00,0.0,3.675,1016.6,85.7,0.6,0,101660.0,276.825,0.00416842334884787,0.19999999999999998,295.836
2014-04-12 00:00:00,0.0,3.4,1016.25,90.1,0.5,0,101625.0,276.54999999999995,0.004299768253280665,0.16666666666666666,295.836
2014-04-12 01:00:00,0.0,2.475,1016.025,92.4,0.4,0,101602.5,275.625,0.004130735969665967,0.13333333333333333,288.771
2014-04-12 02:00:00,0.0,1.9,1015.6,92.4,0.5,0,101560.0,275.04999999999995,0.00396651454045867,0.16666666666666666,288.771
2014-04-12 03:00:00,0.0,1.05,1015.85,94.0,0.5,0,101585.0,274.2,0.0037956970250427324,0.16666666666666666,288.771
2014-04-12 04:00:00,0.0,0.75,1015.625,87.5,0.6,0,101562.5,273.9,0.0034584606806464593,0.19999999999999998,247.904
2014-04-12 05:00:00,0.0,0.425,1015.35,81.0,0.6,0,101535.0,273.575,0.003128125558424847,0.19999999999999998,247.889
2014-04-12 06:00:00,0.0,2.05,1015.5,82.5,0.6,8,101550.0,275.2,0.0035800189922953253,0.19999999999999998,247.829
2014-04-12 07:00:00,0.0,6.45,1015.85,80.2,0.2,233,101585.0,279.59999999999997,0.004736062388139824,0.06666666666666667,261.669
2014-04-12 08:00:00,0.0,7.0,1015.95,66.7,0.6,1261,101595.0,280.15,0.0040901609995814105,0.19999999999999998,261.669
2014-04-12 09:00:00,0.0,8.65,1016.1,63.1,0.6,2541,101610.0,281.79999999999995,0.00432905385071065,0.19999999999999998,261.669
2014-04-12 10:00:00,0.0,10.425,1016.05,53.9,0.8,3187,101605.0,283.575,0.004166550277795005,0.26666666666666666,264.988
2014-04-12 11:00:00,0.0,11.075,1016.225,43.8,1.1,3471,101622.5,284.22499999999997,0.0035348951523837906,0.3666666666666667,264.988
2014-04-12 12:00:00,0.0,11.175,1015.825,40.6,0.9,3226,101582.5,284.325,0.00329975424017161,0.3,264.988
2014-04-12 13:00:00,0.0,12.1,1016.45,43.2,1.1,3293,101645.0,285.25,0.0037301408782489808,0.3666666666666667,270.871
2014-04-12 14:00:00,0.0,11.475,1016.25,38.6,1.2,2978,101625.0,284.625,0.0031988517552670893,0.39999999999999997,270.871
2014-04-12 15:00:00,0.0,10.925,1016.2,41.2,1.3,2437,101620.0,284.075,0.003292174462179564,0.43333333333333335,270.935
2014-04-12 16:00:00,0.0,9.7,1016.25,43.1,1.3,1602,101625.0,282.84999999999997,0.0031732806422583295,0.43333333333333335,267.841
2014-04-12 17:00:00,0.0,7.275,1016.475,50.8,1.1,356,101647.5,280.42499999999995,0.003172736838085213,0.3666666666666667,267.841
2014-04-12 18:00:00,0.0,5.675,1016.475,64.0,0.5,21,101647.5,278.825,0.0035801705066248416,0.16666666666666666,267.841
2014-04-12 19:00:00,0.0,3.425,1017.125,75.2,0.4,0,101712.5,276.575,0.0035919524897062116,0.13333333333333333,232.952
2014-04-12 20:00:00,0.0,2.275,1017.75,86.2,0.4,0,101775.0,275.42499999999995,0.003792661874386543,0.13333333333333333,232.957
2014-04-12 21:00:00,0.0,2.1,1018.35,88.2,0.5,0,101835.0,275.25,0.0038302937100365177,0.16666666666666666,232.897
2014-04-12 22:00:00,0.0,1.8,1018.65,89.6,0.5,0,101865.0,274.95,0.003807488549242094,0.16666666666666666,230.226
2014-04-12 23:00:00,0.0,4.5,1018.85,84.4,0.5,0,101885.0,277.65,0.004340323663406541,0.16666666666666666,230.226
2014-04-13 00:00:00,0.0,4.675,1019.35,62.2,1.1,0,101935.0,277.825,0.0032364587738749197,0.3666666666666667,230.226
2014-04-13 01:00:00,0.0,4.275,1019.875,61.6,1.1,0,101987.5,277.42499999999995,0.003115168384099188,0.3666666666666667,239.546
2014-04-13 02:00:00,0.0,4.1,1020.275,62.9,1.3,0,102027.5,277.25,0.003140876673247449,0.43333333333333335,239.546
2014-04-13 03:00:00,0.0,3.55,1020.475,70.2,1.5,0,102047.5,276.7,0.00337171428967659,0.5,239.546
2014-04-13 04:00:00,0.0,4.05,1020.4,59.1,1.4,0,102040.0,277.2,0.0029404255949572826,0.4666666666666666,236.607
2014-04-13 05:00:00,0.0,3.725,1020.5,50.9,1.8,0,102050.0,276.875,0.002474997845757102,0.6,236.607
2014-04-13 06:00:00,0.0,3.825,1020.675,56.5,1.7,41,102067.5,276.97499999999997,0.002766222217066616,0.5666666666666667,236.607
2014-04-13 07:00:00,0.0,6.325,1021.7,52.8,1.3,204,102170.0,279.47499999999997,0.0030735661499827166,0.43333333333333335,244.459
2014-04-13 08:00:00,0.0,8.325,1021.65,40.2,1.2,1230,102165.0,281.47499999999997,0.002683242142295379,0.39999999999999997,244.479
2014-04-13 09:00:00,0.0,9.475,1022.125,35.1,1.5,2578,102212.5,282.625,0.002530876716684952,0.5,244.542
2014-04-13 10:00:00,0.0,10.125,1022.325,33.0,1.6,3188,102232.5,283.275,0.0024849829078059118,0.5333333333333333,263.093
2014-04-13 11:00:00,0.0,12.075,1022.4,29.4,1.7,3485,102240.0,285.22499999999997,0.0025196422062149066,0.5666666666666667,263.093
2014-04-13 12:00:00,0.0,13.025,1022.4,27.0,1.1,3542,102240.0,286.17499999999995,0.0024628161078750085,0.3666666666666667,263.093
2014-04-13 13:00:00,0.0,14.0,1022.525,27.1,1.3,3372,102252.5,287.15,0.0026336975182560127,0.43333333333333335,274.569
2014-04-13 14:00:00,0.0,13.85,1022.225,26.8,1.1,2991,102222.5,287.0,0.0025800560064498717,0.3666666666666667,274.569
2014-04-13 15:00:00,0.0,13.5,1021.975,26.6,1.0,2424,102197.5,286.65,0.002503765774780991,0.3333333333333333,274.569
2014-04-13 16:00:00,0.0,12.45,1022.3,29.1,1.1,1641,102230.0,285.59999999999997,0.0025564610866141723,0.3666666666666667,267.852
2014-04-13 17:00:00,0.0,10.625,1021.725,31.9,0.9,376,102172.5,283.775,0.002485141853935313,0.3,267.852
2014-04-13 18:00:00,0.0,9.225,1021.675,35.7,0.8,19,102167.5,282.375,0.0025323073753373026,0.26666666666666666,267.734
2014-04-13 19:00:00,0.0,7.15,1021.7,41.2,0.7,0,102170.0,280.29999999999995,0.002538194183341914,0.2333333333333333,266.869
2014-04-13 20:00:00,0.0,5.9,1022.075,46.7,0.9,0,102207.5,279.04999999999995,0.0026388826460951548,0.3,266.869
2014-04-13 21:00:00,0.0,7.375,1021.95,48.8,0.8,0,102195.0,280.525,0.003052301030774173,0.26666666666666666,266.869
2014-04-13 22:00:00,0.0,8.325,1021.775,37.7,0.6,0,102177.5,281.47499999999997,0.002516066006423754,0.19999999999999998,279.379
2014-04-13 23:00:00,0.0,7.95,1021.925,33.9,0.9,0,102192.5,281.09999999999997,0.0022052121343992584,0.3,279.379
2014-04-14 00:00:00,0.0,7.95,1021.8,37.3,0.7,0,102180.0,281.09999999999997,0.002426680680043327,0.2333333333333333,279.374
2014-04-14 01:00:00,0.0,7.55,1021.7,36.4,0.9,0,102170.0,280.7,0.0023046620277130175,0.3,279.361
2014-04-14 02:00:00,0.0,7.025,1021.25,37.5,0.8,0,102125.0,280.17499999999995,0.0022915560966728396,0.26666666666666666,279.361
2014-04-14 03:00:00,0.0,6.625,1021.375,36.8,0.8,0,102137.5,279.775,0.0021875892464043563,0.26666666666666666,279.297
2014-04-14 04:00:00,0.0,6.525,1020.775,38.1,0.8,0,102077.5,279.67499999999995,0.0022506613045090553,0.26666666666666666,275.063
2014-04-14 05:00:00,0.0,6.45,1020.875,36.4,0.9,0,102087.5,279.59999999999997,0.002138954007933551,0.3,275.063
2014-04-14 06:00:00,0.0,7.65,1021.175,34.6,1.0,57,102117.5,280.79999999999995,0.00220682973693313,0.3333333333333333,275.063
2014-04-14 07:00:00,0.0,10.925,1020.775,30.1,0.6,324,102077.5,284.075,0.0023944252670872546,0.19999999999999998,254.056
2014-04-14 08:00:00,0.0,13.325,1021.25,29.2,0.4,1100,102125.0,286.47499999999997,0.0027192476197900567,0.13333333333333333,254.056
2014-04-14 09:00:00,0.0,14.15,1021.275,30.1,0.9,1887,102127.5,287.29999999999995,0.002957461566856014,0.3,254.188
2014-04-14 10:00:00,0.0,14.4,1021.1,23.8,0.7,2400,102110.0,287.54999999999995,0.0023770283876769073,0.2333333333333333,258.051
2014-04-14 11:00:00,0.0,15.825,1021.45,28.4,0.7,3050,102145.0,288.97499999999997,0.003107715139589599,0.2333333333333333,258.072
2014-04-14 12:00:00,0.0,16.375,1021.15,26.7,0.8,3047,102115.0,289.525,0.003026995872407884,0.26666666666666666,258.072
2014-04-14 13:00:00,0.0,15.4,1021.25,29.6,1.0,2528,102125.0,288.54999999999995,0.003152615784873912,0.3333333333333333,274.403
2014-04-14 14:00:00,0.0,14.15,1021.025,32.8,1.1,1667,102102.5,287.29999999999995,0.003223537913490481,0.3666666666666667,274.403
2014-04-14 15:00:00,0.0,12.95,1020.65,37.9,0.9,1266,102065.0,286.09999999999997,0.00344604618146274,0.3,274.403
2014-04-14 16:00:00,0.0,11.65,1020.575,43.6,0.7,1238,102057.5,284.79999999999995,0.003639782395715184,0.2333333333333333,264.244
2014-04-14 17:00:00,0.0,9.525,1020.25,46.6,0.8,401,102025.0,282.67499999999995,0.003377589362580492,0.26666666666666666,264.244
2014-04-14 18:00:00,0.0,7.525,1020.2,58.2,0.5,31,102020.0,280.67499999999995,0.0036840510610767025,0.16666666666666666,264.244
2014-04-14 19:00:00,0.0,6.1,1020.175,67.6,0.6,0,102017.5,279.25,0.0038802663763049814,0.19999999999999998,279.711
2014-04-14 20:00:00,0.0,4.575,1020.5,80.4,0.5,0,102050.0,277.72499999999997,0.004149644775349167,0.16666666666666666,279.711
2014-04-14 21:00:00,0.0,4.125,1021.025,86.4,0.2,0,102102.5,277.275,0.004318737221354537,0.06666666666666667,279.651
2014-04-14 22:00:00,0.0,3.325,1020.7,89.8,0.2,0,102070.0,276.47499999999997,0.004244234195280953,0.06666666666666667,281.894
2014-04-14 23:00:00,0.0,2.975,1020.375,93.9,0.3,0,102037.5,276.125,0.00433088319257978,0.09999999999999999,281.894
2014-04-15 00:00:00,0.0,2.425,1021.075,94.2,0.6,0,102107.5,275.575,0.004175500977876463,0.19999999999999998,281.894
2014-04-15 01:00:00,0.0,1.65,1021.0,97.4,0.6,0,102100.0,274.79999999999995,0.004085335927341028,0.19999999999999998,280.018
2014-04-15 02:00:00,0.0,1.175,1020.3,99.2,0.4,0,102030.0,274.325,0.004024210794028138,0.13333333333333333,280.018
2014-04-15 03:00:00,0.0,0.9,1020.5,99.8,0.3,0,102050.0,274.04999999999995,0.003968452018817834,0.09999999999999999,280.018
2014-04-15 04:00:00,0.0,0.65,1020.425,99.9,0.3,0,102042.5,273.79999999999995,0.003901746763130166,0.09999999999999999,234.596
2014-04-15 05:00:00,0.0,0.4,1020.55,99.6,0.3,0,102055.0,273.54999999999995,0.0038199243453486617,0.09999999999999999,234.596
2014-04-15 06:00:00,0.0,0.3,1021.1,98.3,0.4,90,102110.0,273.45,0.00374086864525229,0.13333333333333333,234.596
2014-04-15 07:00:00,0.0,1.475,1020.9,95.1,0.3,403,102090.0,274.625,0.0039395515919840645,0.09999999999999999,250.807
2014-04-15 08:00:00,0.0,2.625,1020.95,81.7,0.6,997,102095.0,275.775,0.0036737302595796573,0.19999999999999998,250.93
2014-04-15 09:00:00,0.0,3.175,1021.6,70.1,0.6,1325,102160.0,276.325,0.003275326961242845,0.19999999999999998,250.945
2014-04-15 10:00:00,0.0,3.775,1021.925,69.2,0.7,1022,102192.5,276.92499999999995,0.003371983594928066,0.2333333333333333,257.853
2014-04-15 11:00:00,0.0,4.725,1021.85,67.5,0.6,1448,102185.0,277.875,0.0035158982542617618,0.19999999999999998,257.913
2014-04-15 12:00:00,0.0,5.675,1021.375,64.6,0.7,1738,102137.5,278.825,0.003596397878099497,0.2333333333333333,257.972
2014-04-15 13:00:00,0.0,6.35,1021.475,61.4,0.7,1567,102147.5,279.5,0.003581138215879851,0.2333333333333333,246.472
2014-04-15 14:00:00,0.0,6.925,1020.975,59.0,0.9,1994,102097.5,280.075,0.003581704424964054,0.3,246.472
2014-04-15 15:00:00,0.0,7.075,1020.2,56.9,1.3,1714,102020.0,280.22499999999997,0.003492581733298099,0.43333333333333335,246.527
2014-04-15 16:00:00,0.0,6.55,1020.1,58.8,1.1,960,102010.0,279.7,0.0034817452675317386,0.3666666666666667,258.496
2014-04-15 17:00:00,0.0,5.4,1019.875,63.1,0.5,372,101987.5,278.54999999999995,0.003451574618996259,0.16666666666666666,258.352
2014-04-15 18:00:00,0.0,3.775,1019.85,69.5,0.7,97,101985.0,276.92499999999995,0.003393492445189251,0.2333333333333333,258.352
2014-04-15 19:00:00,0.0,2.3,1019.35,77.9,0.5,0,101935.0,275.45,0.0034281939786949423,0.16666666666666666,240.051
2014-04-15 20:00:00,0.0,1.925,1019.575,87.1,0.0,0,101957.5,275.075,0.0037310786149153913,0.0,239.99
2014-04-15 21:00:00,0.0,2.225,1019.2,88.9,0.3,0,101920.0,275.375,0.003892003953414358,0.09999999999999999,239.926
2014-04-15 22:00:00,0.0,1.65,1019.575,87.3,0.1,0,101957.5,274.79999999999995,0.003666820276581462,0.03333333333333333,242.041
2014-04-15 23:00:00,0.0,1.3,1019.85,92.2,0.2,0,101985.0,274.45,0.003775645713600898,0.06666666666666667,242.041
2014-04-16 00:00:00,0.0,0.375,1019.275,93.9,0.2,0,101927.5,273.525,0.003599304162109907,0.06666666666666667,242.041
2014-04-16 01:00:00,0.0,0.125,1018.875,95.3,0.4,0,101887.5,273.275,0.0035888362364715153,0.13333333333333333,212.581
2014-04-16 02:00:00,0.0,-0.1,1018.775,94.9,0.2,0,101877.5,273.04999999999995,0.0035162468549690307,0.06666666666666667,212.581
2014-04-16 03:00:00,0.0,0.225,1019.05,97.5,0.3,0,101905.0,273.375,0.003697751973867853,0.09999999999999999,212.581
2014-04-16 04:00:00,0.0,0.5,1018.9,96.6,0.1,0,101890.0,273.65,0.0037377925295507836,0.03333333333333333,180.3
2014-04-16 05:00:00,0.0,0.775,1018.9,97.6,0.2,0,101890.0,273.92499999999995,0.0038522050799351024,0.06666666666666667,180.307
2014-04-16 06:00:00,0.0,0.975,1019.175,97.9,0.0,14,101917.5,274.125,0.003919070583348952,0.0,180.302
2014-04-16 07:00:00,0.0,2.05,1019.4,97.4,0.0,281,101940.0,275.2,0.004210422108337442,0.0,192.838
2014-04-16 08:00:00,0.0,3.675,1018.6,90.9,0.3,866,101860.0,276.825,0.004412668624245761,0.09999999999999999,192.956
2014-04-16 09:00:00,0.0,5.775,1018.675,76.9,0.6,1443,101867.5,278.92499999999995,0.004322346085319594,0.19999999999999998,192.956
2014-04-16 10:00:00,0.0,5.8,1018.95,74.0,0.5,1005,101895.0,278.95,0.004165425931610587,0.16666666666666666,209.139
2014-04-16 11:00:00,0.0,7.375,1018.7,74.1,0.6,1915,101870.0,280.525,0.004649530395244487,0.19999999999999998,209.267
2014-04-16 12:00:00,0.0,8.425,1018.3,66.2,0.9,1575,101830.0,281.575,0.0044633776562395455,0.3,209.347
2014-04-16 13:00:00,0.0,9.225,1018.275,61.5,1.0,1321,101827.5,282.375,0.004376944145968034,0.3333333333333333,233.671
2014-04-16 14:00:00,0.0,8.6,1018.3,59.7,0.7,850,101830.0,281.75,0.004073135599086956,0.2333333333333333,233.735
2014-04-16 15:00:00,0.0,9.175,1017.675,64.9,0.4,1277,101767.5,282.325,0.004606100856838835,0.13333333333333333,233.735
2014-04-16 16:00:00,0.0,8.825,1017.1,63.7,0.6,819,101710.0,281.97499999999997,0.004417896816939746,0.19999999999999998,207.0
2014-04-16 17:00:00,0.0,7.3,1017.5,68.5,0.4,216,101750.0,280.45,0.004281204304491665,0.13333333333333333,206.916
2014-04-16 18:00:00,0.0,6.225,1016.85,77.6,0.4,100,101685.0,279.375,0.004507561810026278,0.13333333333333333,206.861
2014-04-16 19:00:00,0.0,5.15,1016.975,84.6,0.2,0,101697.5,278.29999999999995,0.004560859421955232,0.06666666666666667,225.649
2014-04-16 20:00:00,0.0,4.6,1017.15,87.9,0.3,0,101715.0,277.75,0.004559642232673403,0.09999999999999999,225.649
2014-04-16 21:00:00,0.0,3.875,1017.4,91.0,0.2,0,101740.0,277.025,0.004485417246209296,0.06666666666666667,225.649
2014-04-16 22:00:00,0.0,4.1,1017.075,93.8,0.3,0,101707.5,277.25,0.004698587758747672,0.09999999999999999,255.557
2014-04-16 23:00:00,0.0,4.074999999999999,1016.725,94.3,0.1,0,101672.5,277.22499999999997,0.004716975178451217,0.03333333333333333,255.557
2014-04-17 00:00:00,0.0,3.675,1016.175,94.6,0.3,0,101617.5,276.825,0.004603241220758378,0.09999999999999999,255.557
2014-04-17 01:00:00,0.0,3.9,1015.275,95.6,0.3,0,101527.5,277.04999999999995,0.00473032200694916,0.09999999999999999,265.812
2014-04-17 02:00:00,0.0,4.4,1014.625,95.8,0.4,0,101462.5,277.54999999999995,0.00491258913704874,0.13333333333333333,265.812
2014-04-17 03:00:00,0.0,4.325,1014.1,94.5,0.4,0,101410.0,277.47499999999997,0.004823034181253743,0.13333333333333333,265.812
2014-04-17 04:00:00,0.0,4.05,1013.525,95.1,0.1,0,101352.5,277.2,0.004763643086838971,0.03333333333333333,241.362
2014-04-17 05:00:00,0.0,4.175,1013.1,96.7,0.1,0,101310.0,277.325,0.0048885151923430785,0.03333333333333333,241.362
2014-04-17 06:00:00,0.0,4.25,1013.1,97.8,0.0,14,101310.0,277.4,0.004970193452238287,0.0,241.356
2014-04-17 07:00:00,0.0,4.475,1012.725,98.8,0.0,63,101272.5,277.625,0.0051026491333684134,0.0,274.495
2014-04-17 08:00:00,1.4,4.8,1012.775,99.1,0.2,166,101277.5,277.95,0.00523545211382891,0.06666666666666667,274.49
2014-04-17 09:00:00,2.4,4.5,1013.0,98.8,0.6,215,101300.0,277.65,0.005110194368105871,0.19999999999999998,274.49
2014-04-17 10:00:00,2.2,4.175,1013.25,98.0,0.8,352,101325.0,277.325,0.004953501213916146,0.26666666666666666,243.807
2014-04-17 11:00:00,2.8,3.55,1013.275,97.0,0.9,452,101327.5,276.7,0.00469202622306402,0.3,243.807
2014-04-17 12:00:00,2.8,3.0,1013.5,96.8,1.2,316,101350.0,276.15,0.004502888492729806,0.39999999999999997,243.807
2014-04-17 13:00:00,1.7,3.075,1013.7,97.9,1.0,296,101370.0,276.22499999999997,0.0045773971924978245,0.3333333333333333,249.598
2014-04-17 14:00:00,1.8,3.125,1013.6,99.0,1.2,280,101360.0,276.275,0.004645691257628281,0.39999999999999997,249.474
2014-04-17 15:00:00,2.4,2.95,1013.75,98.9,1.0,221,101375.0,276.09999999999997,0.004583181496959986,0.3333333333333333,249.474
2014-04-17 16:00:00,1.2,2.75,1013.725,98.9,1.1,140,101372.5,275.9,0.0045187643539570796,0.3666666666666667,263.866
2014-04-17 17:00:00,2.8,2.95,1013.725,99.3,1.1,58,101372.5,276.09999999999997,0.004601831611232281,0.3666666666666667,263.871
2014-04-17 18:00:00,2.9000000000000004,3.1500000000000004,1013.475,99.8,0.8,0,101347.5,276.29999999999995,0.0046920995517153235,0.26666666666666666,263.791
2014-04-17 19:00:00,1.0,3.225,1013.9,100.0,0.8,0,101390.0,276.375,0.004724518522080896,0.26666666666666666,247.793
2014-04-17 20:00:00,1.2000000000000002,2.975,1015.075,100.0,1.0,0,101507.5,276.125,0.0046363109538285355,0.3333333333333333,247.722
2014-04-17 21:00:00,0.4,2.35,1015.1,100.0,1.3,0,101510.0,275.5,0.004434947980443359,0.43333333333333335,247.722
2014-04-17 22:00:00,2.2,1.875,1015.1,100.0,1.4,0,101510.0,275.025,0.004287213727179329,0.4666666666666666,232.775
2014-04-17 23:00:00,0.0,1.275,1015.775,100.0,1.4,0,101577.5,274.42499999999995,0.004104114587634632,0.4666666666666666,232.775
2014-04-18 00:00:00,0.1,0.675,1016.35,100.0,1.1,0,101635.0,273.825,0.003928393670578732,0.3666666666666667,232.775
2014-04-18 01:00:00,0.1,0.025,1016.9,100.0,0.8,0,101690.0,273.17499999999995,0.0037458795347158945,0.26666666666666666,234.506
2014-04-18 02:00:00,0.1,-0.4,1016.825,100.0,0.8,0,101682.5,272.75,0.003632211764769459,0.26666666666666666,234.506
2014-04-18 03:00:00,0.0,-0.7,1017.15,100.0,0.3,0,101715.0,272.45,0.003552506763619116,0.09999999999999999,234.506
2014-04-18 04:00:00,0.0,-1.375,1017.1,100.0,0.3,0,101710.0,271.775,0.0033814341033466208,0.09999999999999999,250.691
2014-04-18 05:00:00,0.0,-1.925,1017.4,100.0,0.0,0,101740.0,271.22499999999997,0.00324640034152861,0.0,250.751
2014-04-18 06:00:00,0.0,-0.8500000000000001,1017.625,100.0,0.3,27,101762.5,272.29999999999995,0.003512162591597245,0.09999999999999999,250.809
2014-04-18 07:00:00,0.0,2.85,1017.875,99.9,0.1,217,101787.5,276.0,0.004578201315796764,0.03333333333333333,252.746
2014-04-18 08:00:00,0.1,3.625,1017.325,82.0,0.3,1428,101732.5,276.775,0.003971601547616466,0.09999999999999999,252.76
2014-04-18 09:00:00,0.1,6.025,1017.85,80.2,0.7,2623,101785.0,279.17499999999995,0.004590181958640009,0.2333333333333333,252.821
2014-04-18 10:00:00,0.0,7.5,1017.75,61.3,0.7,3064,101775.0,280.65,0.003882986768376708,0.2333333333333333,265.067
2014-04-18 11:00:00,0.1,8.975,1017.6,54.0,0.6,3333,101760.0,282.125,0.0037814315789981446,0.19999999999999998,265.013
2014-04-18 12:00:00,0.1,9.95,1017.75,46.7,0.8,3037,101775.0,283.09999999999997,0.003491299279043824,0.26666666666666666,265.028
2014-04-18 13:00:00,0.0,10.525,1016.85,41.4,0.8,2884,101685.0,283.67499999999995,0.0032191656084814887,0.26666666666666666,291.856
2014-04-18 14:00:00,0.0,11.525,1016.325,44.4,0.8,2818,101632.5,284.67499999999995,0.003691429451830169,0.26666666666666666,291.856
2014-04-18 15:00:00,0.0,11.375,1016.075,47.3,0.7,1918,101607.5,284.525,0.003894640399176179,0.2333333333333333,291.85
2014-04-18 16:00:00,0.0,10.825,1015.4,47.3,0.5,1115,101540.0,283.97499999999997,0.003757517155844535,0.16666666666666666,297.228
2014-04-18 17:00:00,0.0,8.200000000000001,1015.125,52.0,0.2,480,101512.5,281.34999999999997,0.003463655462979435,0.06666666666666667,297.164
2014-04-18 18:00:00,0.0,5.4,1015.0,73.5,0.4,94,101500.0,278.54999999999995,0.004039765449233565,0.13333333333333333,297.089
2014-04-18 19:00:00,0.0,4.175,1014.6,80.9,0.6,0,101460.0,277.325,0.004083724861859136,0.19999999999999998,275.652
2014-04-18 20:00:00,0.0,4.25,1014.4,83.0,0.7,0,101440.0,277.4,0.0042126522037304595,0.2333333333333333,275.652
2014-04-18 21:00:00,0.0,3.725,1014.125,80.3,0.9,0,101412.5,276.875,0.003929109282622415,0.3,275.652
2014-04-18 22:00:00,0.0,4.025,1013.825,83.4,0.6,0,101382.5,277.17499999999995,0.004169018541679067,0.19999999999999998,286.465
2014-04-18 23:00:00,0.0,3.85,1013.2,78.5,0.7,0,101320.0,277.0,0.0038785035645683926,0.2333333333333333,286.465
2014-04-19 00:00:00,0.0,4.125,1013.225,74.2,0.7,0,101322.5,277.275,0.0037374674720840823,0.2333333333333333,286.465
2014-04-19 01:00:00,0.0,3.9,1012.825,73.4,0.7,0,101282.5,277.04999999999995,0.0036406434898104377,0.2333333333333333,296.59
2014-04-19 02:00:00,0.0,3.825,1012.875,74.3,0.7,0,101287.5,276.97499999999997,0.0036657180378267327,0.2333333333333333,296.585
2014-04-19 03:00:00,0.0,3.425,1012.825,72.9,0.6,0,101282.5,276.575,0.0034968756402218434,0.19999999999999998,296.585
2014-04-19 04:00:00,0.0,3.1750000000000003,1012.325,75.8,0.6,0,101232.5,276.325,0.003574100579675208,0.19999999999999998,295.956
2014-04-19 05:00:00,0.0,3.575,1012.625,77.5,0.6,0,101262.5,276.72499999999997,0.003757806444332106,0.19999999999999998,296.016
2014-04-19 06:00:00,0.0,4.95,1012.8,72.8,0.6,132,101280.0,278.09999999999997,0.003886375384776472,0.19999999999999998,296.08
2014-04-19 07:00:00,0.0,7.324999999999999,1013.1,66.5,0.7,438,101310.0,280.47499999999997,0.004181400250701242,0.2333333333333333,292.462
2014-04-19 08:00:00,0.0,6.925,1013.225,47.4,0.8,695,101322.5,280.075,0.0028995144971842605,0.26666666666666666,292.477
2014-04-19 09:00:00,0.0,7.825,1013.775,45.2,1.0,1192,101377.5,280.97499999999997,0.0029388029487744565,0.3333333333333333,292.478
2014-04-19 10:00:00,0.0,9.0,1014.25,34.7,1.1,2028,101425.0,282.15,0.0024420628362874183,0.3666666666666667,320.182
2014-04-19 11:00:00,0.0,6.625,1015.25,42.7,1.2,1174,101525.0,279.775,0.0025536305277005255,0.39999999999999997,320.182
2014-04-19 12:00:00,1.8,2.675,1016.375,75.7,1.4,326,101637.5,275.825,0.0034314178676744696,0.4666666666666666,320.182
2014-04-19 13:00:00,1.7,2.275,1017.6,96.6,1.5,326,101760.0,275.42499999999995,0.0042508717197812336,0.5,318.702
2014-04-19 14:00:00,0.0,2.5,1018.175,98.5,1.4,318,101817.5,275.65,0.004401955925504121,0.4666666666666666,318.621
2014-04-19 15:00:00,1.5,2.825,1018.8,99.1,1.3,268,101880.0,275.97499999999997,0.004529379671945284,0.43333333333333335,318.621
2014-04-19 16:00:00,0.3,2.575,1019.425,99.0,1.3,307,101942.5,275.72499999999997,0.004442495023231427,0.43333333333333335,309.048
2014-04-19 17:00:00,1.6,2.525,1019.95,98.4,1.5,57,101995.0,275.67499999999995,0.004397643067386571,0.5,309.033
2014-04-19 18:00:00,1.0,2.05,1020.475,98.5,1.1,2,102047.5,275.2,0.00425348759586944,0.3666666666666667,308.905
2014-04-19 19:00:00,0.0,1.825,1021.05,98.9,1.2,0,102105.0,274.97499999999997,0.0042003081346880956,0.39999999999999997,288.189
2014-04-19 20:00:00,0.0,1.5750000000000002,1021.975,98.8,1.0,0,102197.5,274.72499999999997,0.0041179263781588515,0.3333333333333333,288.195
2014-04-19 21:00:00,0.0,1.4249999999999998,1022.125,99.5,0.8,0,102212.5,274.575,0.004102148547755672,0.26666666666666666,288.174
2014-04-19 22:00:00,0.0,1.4,1022.625,99.8,0.7,0,102262.5,274.54999999999995,0.004105136734102485,0.2333333333333333,262.619
2014-04-19 23:00:00,0.0,1.325,1022.875,99.5,0.6,0,102287.5,274.47499999999997,0.004069833003578169,0.19999999999999998,262.619
2014-04-20 00:00:00,0.0,1.275,1023.2,99.3,0.3,0,102320.0,274.42499999999995,0.004045812154307844,0.09999999999999999,262.555
2014-04-20 01:00:00,0.1,1.05,1023.225,99.1,0.5,0,102322.5,274.2,0.003972791589258257,0.16666666666666666,277.786
2014-04-20 02:00:00,0.0,0.65,1023.425,99.1,0.3,0,102342.5,273.79999999999995,0.003859155812920374,0.09999999999999999,277.792
2014-04-20 03:00:00,0.0,-0.575,1023.4,99.8,0.1,0,102340.0,272.575,0.003556027992442464,0.03333333333333333,277.792
2014-04-20 04:00:00,0.0,-0.625,1022.925,100.0,0.3,0,102292.5,272.525,0.0035518342317431813,0.09999999999999999,277.67
2014-04-20 05:00:00,0.0,-0.5,1023.0,100.0,0.4,0,102300.0,272.65,0.0035840868773234845,0.13333333333333333,277.691
2014-04-20 06:00:00,0.0,0.35,1023.225,100.0,0.5,39,102322.5,273.5,0.0038114273269457323,0.16666666666666666,277.691
2014-04-20 07:00:00,0.0,4.2,1023.5,98.7,0.5,248,102350.0,277.34999999999997,0.004947588645341477,0.16666666666666666,270.763
2014-04-20 08:00:00,0.1,6.35,1023.7,74.1,0.4,1556,102370.0,279.5,0.004312468727108585,0.13333333333333333,270.821
2014-04-20 09:00:00,0.0,8.15,1023.525,59.2,0.8,2185,102352.5,281.29999999999995,0.003897616067765606,0.26666666666666666,270.794
2014-04-20 10:00:00,0.2,10.625,1023.55,44.0,0.7,3043,102355.0,283.775,0.0034216700977659667,0.2333333333333333,297.638
2014-04-20 11:00:00,0.0,11.775,1023.4,35.2,0.7,3370,102340.0,284.92499999999995,0.0029547261580703493,0.2333333333333333,297.638
2014-04-20 12:00:00,0.0,12.575,1023.125,36.4,1.0,3475,102312.5,285.72499999999997,0.003221521228957445,0.3333333333333333,297.638
2014-04-20 13:00:00,0.0,13.525,1022.875,34.8,1.1,3162,102287.5,286.67499999999995,0.003278054943531067,0.3666666666666667,287.802
2014-04-20 14:00:00,0.0,13.925,1022.475,35.1,0.9,2133,102247.5,287.075,0.0033947728686242423,0.3,287.743
2014-04-20 15:00:00,0.0,13.4,1022.225,35.1,0.6,1941,102222.5,286.54999999999995,0.0032815778882662513,0.19999999999999998,287.806
2014-04-20 16:00:00,0.0,12.675,1021.975,40.9,0.6,1514,102197.5,285.825,0.0036477061427899384,0.19999999999999998,281.978
2014-04-20 17:00:00,0.0,10.1,1021.625,48.8,0.5,447,102162.5,283.25,0.003671135827441824,0.16666666666666666,281.93
2014-04-20 18:00:00,0.0,7.6,1021.15,64.5,0.4,61,102115.0,280.75,0.0040999781984782475,0.13333333333333333,281.93
2014-04-20 19:00:00,0.0,6.1,1021.375,74.3,0.6,0,102137.5,279.25,0.004259838275763937,0.19999999999999998,259.579
2014-04-20 20:00:00,0.0,5.3,1021.325,79.3,0.6,0,102132.5,278.45,0.004301566063692682,0.19999999999999998,259.579
2014-04-20 21:00:00,0.0,5.225,1020.85,83.8,0.7,0,102085.0,278.375,0.004524126658214674,0.2333333333333333,259.579
2014-04-20 22:00:00,0.0,4.925,1020.3,80.6,0.7,0,102030.0,278.075,0.004263706856275513,0.2333333333333333,250.422
2014-04-20 23:00:00,0.0,5.075,1019.875,81.6,0.5,0,101987.5,278.22499999999997,0.004363775263077003,0.16666666666666666,250.422
2014-04-21 00:00:00,0.0,5.625,1019.5,81.0,0.6,0,101950.0,278.775,0.004502079064239548,0.19999999999999998,250.422
2014-04-21 01:00:00,0.0,5.525,1019.025,81.1,0.6,0,101902.5,278.67499999999995,0.0044785694413595045,0.19999999999999998,268.002
2014-04-21 02:00:00,0.0,5.675000000000001,1018.7,80.8,0.4,0,101870.0,278.825,0.004510092954106582,0.13333333333333333,268.002
2014-04-21 03:00:00,0.0,5.925,1018.2,79.7,0.5,0,101820.0,279.075,0.004528581230432033,0.16666666666666666,268.002
2014-04-21 04:00:00,0.0,5.775,1017.675,80.0,0.4,0,101767.5,278.92499999999995,0.004501007397462273,0.13333333333333333,282.048
2014-04-21 05:00:00,0.0,6.2,1016.975,78.3,0.6,0,101697.5,279.34999999999997,0.0045398257040694875,0.19999999999999998,282.048
2014-04-21 06:00:00,0.0,5.9,1016.975,71.3,0.7,133,101697.5,279.04999999999995,0.004049162583142577,0.2333333333333333,282.069
2014-04-21 07:00:00,0.0,6.9,1016.95,74.5,0.3,354,101695.0,280.04999999999995,0.004532778803568198,0.09999999999999999,280.774
2014-04-21 08:00:00,0.0,6.05,1016.5,72.9,0.2,509,101650.0,279.2,0.0041851369980954916,0.06666666666666667,280.769
2014-04-21 09:00:00,0.0,7.5,1015.85,84.6,0.3,882,101585.0,280.65,0.005368924852433181,0.09999999999999999,280.769
2014-04-21 10:00:00,0.0,8.75,1015.825,76.2,0.4,1198,101582.5,281.9,0.005264704564489883,0.13333333333333333,308.043
2014-04-21 11:00:00,0.0,10.7,1015.0,76.8,0.5,2526,101500.0,283.84999999999997,0.006052839956991422,0.16666666666666666,308.043
2014-04-21 12:00:00,0.0,13.75,1013.925,63.7,0.8,3339,101392.5,286.9,0.0061425952183588655,0.26666666666666666,308.097
2014-04-21 13:00:00,0.0,14.45,1013.275,50.4,1.2,3853,101327.5,287.59999999999997,0.0050890103657531514,0.39999999999999997,312.302
2014-04-21 14:00:00,0.0,11.8,1012.825,49.5,1.5,1242,101282.5,284.95,0.004205402580950905,0.5,312.362
2014-04-21 15:00:00,0.0,7.275,1013.575,66.5,1.2,694,101357.5,280.42499999999995,0.004165170615067046,0.39999999999999997,312.362
2014-04-21 16:00:00,0.0,5.675,1013.1,83.5,1.1,355,101310.0,278.825,0.004686564499012068,0.3666666666666667,303.185
2014-04-21 17:00:00,0.0,4.4,1012.875,88.9,0.9,36,101287.5,277.54999999999995,0.004566636068525161,0.3,303.185
2014-04-21 18:00:00,0.0,3.325,1012.65,93.7,0.8,4,101265.0,276.47499999999997,0.004463765199850514,0.26666666666666666,303.185
2014-04-21 19:00:00,3.0,2.75,1012.575,98.1,0.5,0,101257.5,275.9,0.0044873026956153295,0.16666666666666666,300.142
2014-04-21 20:00:00,2.0,1.85,1012.35,98.8,0.6,0,101235.0,275.0,0.004239691460678158,0.19999999999999998,300.142
2014-04-21 21:00:00,0.6000000000000001,1.775,1012.1,99.1,0.9,0,101210.0,274.92499999999995,0.004230867001904588,0.3,300.192
2014-04-21 22:00:00,0.8,1.3,1011.825,99.1,1.1,0,101182.5,274.45,0.004090391372011573,0.3666666666666667,303.041
2014-04-21 23:00:00,0.9,0.65,1011.625,99.4,0.9,0,101162.5,273.79999999999995,0.003915989436734396,0.3,303.041
2014-04-22 00:00:00,1.3,0.025,1011.45,99.8,0.5,0,101145.0,273.17499999999995,0.0037585313451528875,0.16666666666666666,303.021
2014-04-22 01:00:00,1.1,-0.075,1011.15,100.0,0.0,0,101115.0,273.075,0.0037399370054899935,0.0,281.33
2014-04-22 02:00:00,2.3,-0.25,1010.8,100.0,0.2,0,101080.0,272.9,0.0036939591431662273,0.06666666666666667,281.206
2014-04-22 03:00:00,1.9,-0.4,1011.375,100.0,0.5,0,101137.5,272.75,0.0036517846770107083,0.16666666666666666,281.206
2014-04-22 04:00:00,2.1,-0.825,1011.3,100.0,0.2,0,101130.0,272.325,0.003540590538982549,0.06666666666666667,259.794
2014-04-22 05:00:00,1.4,-1.375,1012.25,100.0,0.0,0,101225.0,271.775,0.0033976355905298568,0.0,259.856
2014-04-22 06:00:00,0.3,-1.8,1012.925,100.0,0.0,28,101292.5,271.34999999999997,0.0032909167653757884,0.0,259.887
2014-04-22 07:00:00,0.2,-1.4,1013.1,100.0,0.0,372,101310.0,271.75,0.0033885611533412577,0.0,249.624
2014-04-22 08:00:00,0.1,-0.925,1013.6,100.0,0.0,780,101360.0,272.22499999999997,0.003506830734971276,0.0,249.618
2014-04-22 09:00:00,2.0,-0.35,1013.625,98.7,0.0,800,101362.5,272.79999999999995,0.003609423543146239,0.0,249.702
2014-04-22 10:00:00,1.4,-0.35,1013.975,95.5,0.0,811,101397.5,272.79999999999995,0.0034911951992386983,0.0,264.8
2014-04-22 11:00:00,0.3,1.325,1014.125,94.8,0.5,1765,101412.5,274.47499999999997,0.003911045974099462,0.16666666666666666,264.8
2014-04-22 12:00:00,0.2,1.225,1013.55,87.2,0.7,1625,101355.0,274.375,0.003573786406679066,0.2333333333333333,264.8
2014-04-22 13:00:00,0.1,1.2,1014.075,90.7,1.0,1420,101407.5,274.34999999999997,0.0037086376374364403,0.3333333333333333,281.641
2014-04-22 14:00:00,1.5,0.55,1014.0,90.6,1.0,670,101400.0,273.7,0.0035353210886777055,0.3333333333333333,281.724
2014-04-22 15:00:00,0.9,0.1,1014.525,95.7,1.0,621,101452.5,273.25,0.0036127979631835464,0.3333333333333333,281.724
2014-04-22 16:00:00,1.5,-0.05,1014.7,97.2,1.2,303,101470.0,273.09999999999997,0.003629081870444323,0.39999999999999997,271.793
2014-04-22 17:00:00,1.2000000000000002,-0.2,1014.775,98.7,1.1,124,101477.5,272.95,0.003644881361979172,0.3666666666666667,271.739
2014-04-22 18:00:00,1.7,-0.5,1014.75,99.3,1.0,0,101475.0,272.65,0.003587933214460124,0.3333333333333333,271.655
2014-04-22 19:00:00,0.8,-0.6499999999999999,1014.575,99.9,0.3,0,101457.5,272.5,0.0035709665968486066,0.09999999999999999,285.363
2014-04-22 20:00:00,1.9,-0.725,1014.625,100.0,0.0,0,101462.5,272.42499999999995,0.0035548546119794785,0.0,285.363
2014-04-22 21:00:00,0.9,-0.875,1014.55,100.0,0.0,0,101455.0,272.275,0.003516377000349364,0.0,285.363
2014-04-22 22:00:00,1.4,-0.9,1014.7,100.0,0.0,0,101470.0,272.25,0.003509437944750368,0.0,289.2
2014-04-22 23:00:00,0.5,-0.975,1014.625,100.0,0.0,0,101462.5,272.17499999999995,0.003490500564702466,0.0,289.2
2014-04-23 00:00:00,2.1,-0.925,1014.5,100.0,0.0,0,101450.0,272.22499999999997,0.003503719697355234,0.0,289.2
2014-04-23 01:00:00,2.0,-1.0,1014.65,100.0,0.0,0,101465.0,272.15,0.0034840365229349773,0.0,267.285
2014-04-23 02:00:00,1.9,-1.125,1014.35,100.0,0.0,0,101435.0,272.025,0.0034533222206063917,0.0,267.285
2014-04-23 03:00:00,2.3000000000000003,-1.15,1014.425,100.0,0.0,0,101442.5,272.0,0.00344674930498562,0.0,267.285
2014-04-23 04:00:00,2.1,-1.0750000000000002,1014.4,100.0,0.0,0,101440.0,272.075,0.0034658183496900086,0.0,294.543
2014-04-23 05:00:00,1.4,-0.8500000000000001,1014.4,100.0,0.0,0,101440.0,272.29999999999995,0.003523328526492652,0.0,294.543
2014-04-23 06:00:00,0.9,-0.6,1014.675,100.0,0.0,32,101467.5,272.54999999999995,0.003587247843278197,0.0,294.6
2014-04-23 07:00:00,0.9,-0.05,1014.75,100.0,0.0,240,101475.0,273.09999999999997,0.003733439355858955,0.0,278.885
2014-04-23 08:00:00,0.5,0.35,1014.625,100.0,0.0,431,101462.5,273.5,0.0038437331295937383,0.0,278.94
2014-04-23 09:00:00,1.0,0.6,1015.05,100.0,0.4,585,101505.0,273.75,0.003912186378073695,0.13333333333333333,279.003
2014-04-23 10:00:00,1.1,0.75,1014.825,99.9,1.0,595,101482.5,273.9,0.003951686678874574,0.3333333333333333,282.603
2014-04-23 11:00:00,0.3,1.05,1014.725,99.6,1.1,498,101472.5,274.2,0.004026282550715292,0.3666666666666667,282.603
2014-04-23 12:00:00,0.7000000000000001,1.6,1014.7,99.8,0.7,565,101470.0,274.75,0.004196937442874479,0.2333333333333333,282.623
2014-04-23 13:00:00,1.5,1.425,1014.325,98.9,0.4,378,101432.5,274.575,0.004108766631517723,0.13333333333333333,270.745
2014-04-23 14:00:00,0.2,2.375,1014.3,99.3,0.4,579,101430.0,275.525,0.004415226578666335,0.13333333333333333,270.745
2014-04-23 15:00:00,0.7000000000000001,2.525,1013.675,98.2,0.5,395,101367.5,275.67499999999995,0.00441587237388717,0.16666666666666666,270.745
2014-04-23 16:00:00,0.8999999999999999,2.375,1012.85,98.2,0.7,189,101285.0,275.525,0.004372567553268715,0.2333333333333333,296.116
2014-04-23 17:00:00,2.4,2.6,1012.6,99.2,0.7,22,101260.0,275.75,0.0044894401502949864,0.2333333333333333,296.116
2014-04-23 18:00:00,2.5,2.55,1012.2,99.9,1.1,0,101220.0,275.7,0.004506865856062307,0.3666666666666667,296.132
2014-04-23 19:00:00,3.2,2.35,1012.275,100.0,0.9,0,101227.5,275.5,0.004447324783233859,0.3,237.032
2014-04-23 20:00:00,2.3,2.4,1012.05,100.0,0.9,0,101205.0,275.54999999999995,0.004464171397238379,0.3,236.925
2014-04-23 21:00:00,1.9,3.0,1011.8,100.0,0.7,0,101180.0,276.15,0.004659560050272139,0.2333333333333333,236.951
2014-04-23 22:00:00,3.0,3.375,1011.725,100.0,1.1,0,101172.5,276.525,0.004785109979964234,0.3666666666666667,227.557
2014-04-23 23:00:00,1.3,3.05,1011.55,100.0,1.2,0,101155.0,276.2,0.004677239046192481,0.39999999999999997,227.557
2014-04-24 00:00:00,2.8000000000000003,2.875,1011.625,100.0,1.0,0,101162.5,276.025,0.004619276647049485,0.3333333333333333,227.557
2014-04-24 01:00:00,2.1,2.5,1011.025,100.0,1.3,0,101102.5,275.65,0.0045005956280737445,0.43333333333333335,216.054
2014-04-24 02:00:00,2.1,2.5,1010.75,100.0,1.0,0,101075.0,275.65,0.004501820128491969,0.3333333333333333,216.054
2014-04-24 03:00:00,2.1,2.825,1010.625,100.0,0.9,0,101062.5,275.97499999999997,0.004607485436738045,0.3,216.054
2014-04-24 04:00:00,1.6,2.475,1010.25,100.0,1.1,0,101025.0,275.625,0.004496048633090759,0.3666666666666667,208.929
2014-04-24 05:00:00,0.3999999999999999,2.75,1010.15,100.0,1.3,0,101015.0,275.9,0.0045851937462812525,0.43333333333333335,208.95
2014-04-24 06:00:00,0.0,2.925,1010.45,100.0,1.4,19,101045.0,276.075,0.00464106435923252,0.4666666666666666,208.95
2014-04-24 07:00:00,0.2,3.0,1010.525,99.9,1.5,98,101052.5,276.15,0.004660773673097137,0.5,226.061
2014-04-24 08:00:00,3.3,2.125,1011.7,100.0,1.0,105,101170.0,275.275,0.004379083218269067,0.3333333333333333,226.061
2014-04-24 09:00:00,3.6,1.425,1012.6,100.0,1.4,255,101260.0,274.575,0.004161543034523562,0.4666666666666666,226.263
2014-04-24 10:00:00,3.0,1.825,1013.425,99.9,1.0,552,101342.5,274.97499999999997,0.004274701012818341,0.3333333333333333,239.799
2014-04-24 11:00:00,0.0,2.65,1013.55,98.7,1.1,798,101355.0,275.79999999999995,0.004478501723133064,0.3666666666666667,239.862
2014-04-24 12:00:00,1.6,3.325,1013.275,98.5,1.2,824,101327.5,276.47499999999997,0.00468953758617869,0.39999999999999997,239.943
2014-04-24 13:00:00,1.9,2.45,1013.575,96.0,1.3,536,101357.5,275.59999999999997,0.004294405161865824,0.43333333333333335,248.722
2014-04-24 14:00:00,1.0,2.7,1013.35,98.5,1.2,564,101335.0,275.84999999999997,0.00448620625929478,0.39999999999999997,248.722
2014-04-24 15:00:00,2.9,2.55,1013.325,98.5,0.8,367,101332.5,275.7,0.004438773142879808,0.26666666666666666,248.722
2014-04-24 16:00:00,0.4,2.05,1013.575,98.5,1.1,413,101357.5,275.2,0.0042824435827589135,0.3666666666666667,232.065
2014-04-24 17:00:00,1.3,1.8,1013.15,98.3,1.5,162,101315.0,274.95,0.004199865233236298,0.5,232.071
2014-04-24 18:00:00,0.6000000000000001,1.1,1012.825,98.8,0.8,94,101282.5,274.25,0.004015852449885061,0.26666666666666666,231.99
2014-04-24 19:00:00,0.2,0.9,1012.375,99.0,0.8,0,101237.5,274.04999999999995,0.003968235007960422,0.26666666666666666,217.097
2014-04-24 20:00:00,0.9000000000000001,0.4,1012.725,99.0,0.8,0,101272.5,273.54999999999995,0.003826250275226777,0.26666666666666666,217.097
2014-04-24 21:00:00,0.1,0.1,1012.525,99.7,1.1,0,101252.5,273.25,0.0037712375919383917,0.3666666666666667,216.909
2014-04-24 22:00:00,0.6000000000000001,0.025,1012.325,100.0,0.6,0,101232.5,273.17499999999995,0.0037628082867187836,0.19999999999999998,214.236
2014-04-24 23:00:00,0.1,-0.25,1011.725,100.0,0.6,0,101172.5,272.9,0.0036905818299561863,0.19999999999999998,214.175
2014-04-25 00:00:00,0.0,-0.575,1011.725,100.0,0.5,0,101172.5,272.575,0.0036042720222283684,0.16666666666666666,214.155
2014-04-25 01:00:00,0.1,-0.8,1011.175,100.0,0.4,0,101117.5,272.34999999999997,0.0035475012386027467,0.13333333333333333,211.426
2014-04-25 02:00:00,0.0,-0.925,1010.95,100.0,0.2,0,101095.0,272.22499999999997,0.0035160231791551365,0.06666666666666667,211.366
2014-04-25 03:00:00,0.2,-1.175,1010.525,100.0,0.0,0,101052.5,271.97499999999997,0.003453719937065191,0.0,211.366
2014-04-25 04:00:00,0.0,-1.5750000000000002,1010.125,100.0,0.0,0,101012.5,271.575,0.0033551298607615077,0.0,210.844
2014-04-25 05:00:00,0.0,-1.5,1009.825,100.0,0.0,0,100982.5,271.65,0.0033746762874745763,0.0,211.032
2014-04-25 06:00:00,0.0,-0.7000000000000001,1009.875,100.0,0.0,168,100987.5,272.45,0.003578098531615481,0.0,211.046
2014-04-25 07:00:00,0.0,1.25,1010.025,99.4,0.1,346,101002.5,274.4,0.004095354323991188,0.03333333333333333,231.831
2014-04-25 08:00:00,0.1,0.925,1010.225,91.0,0.3,905,101022.5,274.075,0.003661920346305735,0.09999999999999999,231.973
2014-04-25 09:00:00,0.0,1.45,1009.95,91.3,0.7,1304,100995.0,274.59999999999997,0.0038162944840233206,0.2333333333333333,232.034
2014-04-25 10:00:00,0.0,1.65,1009.9,92.3,0.8,1162,100990.0,274.79999999999995,0.003913973558297921,0.26666666666666666,264.185
2014-04-25 11:00:00,0.0,2.7,1009.9,93.0,0.7,1912,100990.0,275.84999999999997,0.004250177370887522,0.2333333333333333,264.179
2014-04-25 12:00:00,0.0,2.85,1009.425,85.6,0.9,1691,100942.5,276.0,0.0039557018788162175,0.3,264.179
2014-04-25 13:00:00,0.0,1.825,1009.875,87.4,0.8,827,100987.5,274.97499999999997,0.003752975082573186,0.26666666666666666,297.004
2014-04-25 14:00:00,0.0,1.7,1009.7,90.9,0.7,816,100970.0,274.84999999999997,0.003869193013206812,0.2333333333333333,297.004
2014-04-25 15:00:00,1.0,1.525,1010.0,92.5,0.8,880,101000.0,274.67499999999995,0.003887105865107886,0.26666666666666666,297.004
2014-04-25 16:00:00,1.9,-0.075,1010.15,94.9,1.0,172,101015.0,273.075,0.0035527137560194487,0.3333333333333333,251.64
2014-04-25 17:00:00,0.1,0.05,1010.75,99.4,0.9,388,101075.0,273.2,0.003752859702937759,0.3,251.626
2014-04-25 18:00:00,0.1,-0.4,1010.625,98.9,0.8,80,101062.5,272.75,0.003614295279363638,0.26666666666666666,251.565
2014-04-25 19:00:00,0.0,-0.8,1010.9,98.4,0.6,0,101090.0,272.34999999999997,0.0034916908219458165,0.19999999999999998,242.711
2014-04-25 20:00:00,0.1,-0.975,1011.1,99.3,0.2,0,101110.0,272.17499999999995,0.003478150817439433,0.06666666666666667,242.711
2014-04-25 21:00:00,0.1,-1.0,1010.775,99.8,0.2,0,101077.5,272.15,0.0034903984592812272,0.06666666666666667,242.69
2014-04-25 22:00:00,0.0,-1.15,1010.75,100.0,0.3,0,101075.0,272.0,0.0034592813887806455,0.09999999999999999,251.34
2014-04-25 23:00:00,0.0,-1.25,1010.675,100.0,0.1,0,101067.5,271.9,0.003434276754739944,0.03333333333333333,251.34
2014-04-26 00:00:00,0.0,-1.375,1010.575,100.0,0.2,0,101057.5,271.775,0.003403267077172746,0.06666666666666667,251.34
2014-04-26 01:00:00,0.7,-1.275,1010.525,100.0,0.1,0,101052.5,271.875,0.003428495895282942,0.03333333333333333,259.833
2014-04-26 02:00:00,0.7000000000000001,-1.4,1010.55,100.0,0.3,0,101055.0,271.75,0.003397111775221442,0.09999999999999999,259.833
2014-04-26 03:00:00,0.5,-1.775,1010.275,100.0,0.5,0,101027.5,271.375,0.0033056293928280414,0.16666666666666666,259.833
2014-04-26 04:00:00,0.0,-2.1750000000000003,1010.425,100.0,0.3,0,101042.5,270.97499999999997,0.0032090503701886416,0.09999999999999999,286.528
2014-04-26 05:00:00,0.4,-2.075,1010.3,100.0,0.3,2,101030.0,271.075,0.0032332369410315673,0.09999999999999999,286.502
2014-04-26 06:00:00,0.2,-1.925,1010.65,100.0,0.4,95,101065.0,271.22499999999997,0.003268082627488456,0.13333333333333333,286.502
2014-04-26 07:00:00,0.0,-0.55,1010.775,99.5,0.7,799,101077.5,272.59999999999997,0.003596169616509194,0.2333333333333333,303.626
2014-04-26 08:00:00,0.1,0.0,1010.55,90.5,0.8,1413,101055.0,273.15,0.0034051404074843103,0.26666666666666666,303.626
2014-04-26 09:00:00,0.0,1.0,1010.625,85.5,1.0,2214,101062.5,274.15,0.0034578548942954075,0.3333333333333333,303.68
2014-04-26 10:00:00,0.0,1.4,1010.8,79.9,1.1,2191,101080.0,274.54999999999995,0.0033250259390134955,0.3666666666666667,315.398
2014-04-26 11:00:00,0.0,2.475,1010.525,80.0,1.0,2921,101052.5,275.625,0.003595860077943595,0.3333333333333333,315.479
2014-04-26 12:00:00,0.0,3.425,1010.4,75.2,1.0,2549,101040.0,276.575,0.0036158597348499907,0.3333333333333333,315.479
2014-04-26 13:00:00,0.0,3.65,1010.0,74.8,0.8,2032,101000.0,276.79999999999995,0.003655582764937599,0.26666666666666666,310.999
2014-04-26 14:00:00,0.0,3.25,1009.975,73.4,0.9,1180,100997.5,276.4,0.0034874296701370945,0.3,310.999
2014-04-26 15:00:00,0.0,3.25,1009.95,77.5,0.8,1018,100995.0,276.4,0.0036823227487992453,0.26666666666666666,310.999
2014-04-26 16:00:00,0.0,2.525,1009.6,79.6,0.7,455,100960.0,275.67499999999995,0.0035939123973657986,0.2333333333333333,304.833
2014-04-26 17:00:00,0.0,2.225,1008.85,85.3,0.6,384,100885.0,275.375,0.0037727094473860062,0.19999999999999998,304.769
2014-04-26 18:00:00,0.0,1.275,1008.575,89.3,0.6,75,100857.5,274.42499999999995,0.003691137790211267,0.19999999999999998,304.709
2014-04-26 19:00:00,0.6000000000000001,0.45,1008.575,92.4,0.7,0,100857.5,273.59999999999997,0.0035988501438627934,0.2333333333333333,275.46
2014-04-26 20:00:00,1.8,0.0249999999999999,1008.725,96.9,0.3,0,100872.5,273.17499999999995,0.0036591738749294036,0.09999999999999999,275.336
2014-04-26 21:00:00,2.7,-0.175,1008.625,99.0,0.3,0,100862.5,272.97499999999997,0.0036849412475452718,0.09999999999999999,275.336
2014-04-26 22:00:00,1.3,-0.15,1008.65,99.9,0.0,0,100865.0,273.0,0.0037251094115462366,0.0,295.127
2014-04-26 23:00:00,1.6,-0.15,1008.15,100.0,0.0,0,100815.0,273.0,0.0037306875967433105,0.0,295.066
2014-04-27 00:00:00,2.5,-0.125,1008.25,100.0,0.2,0,100825.0,273.025,0.0037370988104236938,0.06666666666666667,295.066
2014-04-27 01:00:00,3.7,-0.45,1008.825,100.0,0.8,0,100882.5,272.7,0.00364770961861685,0.26666666666666666,304.144
2014-04-27 02:00:00,2.6,-0.675,1009.6,100.0,0.6,0,100960.0,272.47499999999997,0.00358560897493784,0.19999999999999998,304.144
2014-04-27 03:00:00,1.3,-1.025,1009.975,100.0,1.3,0,100997.5,272.125,0.0034937663556659955,0.43333333333333335,304.144
2014-04-27 04:00:00,0.8,-1.2,1010.15,100.0,1.1,0,101015.0,271.95,0.0034486783219626347,0.3666666666666667,278.48
2014-04-27 05:00:00,0.4,-1.375,1010.65,100.0,1.0,0,101065.0,271.775,0.0034030145218560807,0.3333333333333333,278.48
2014-04-27 06:00:00,1.1,-1.175,1011.25,100.0,1.1,15,101125.0,271.97499999999997,0.0034512438461337972,0.3666666666666667,278.48
2014-04-27 07:00:00,3.2,-1.0,1012.25,100.0,0.6,77,101225.0,272.15,0.0034922970195070133,0.19999999999999998,244.33
2014-04-27 08:00:00,0.8,-0.975,1012.825,100.0,1.0,169,101282.5,272.17499999999995,0.0034967039078431512,0.3333333333333333,244.385
2014-04-27 09:00:00,0.1,-0.0249999999999999,1013.1,100.0,1.1,860,101310.0,273.125,0.003746312246040319,0.3666666666666667,244.385
2014-04-27 10:00:00,0.5,0.2249999999999999,1013.375,99.8,1.2,563,101337.5,273.375,0.00380617726186319,0.39999999999999997,250.822
2014-04-27 11:00:00,2.9,-0.225,1013.875,98.9,1.1,231,101387.5,272.92499999999995,0.003648871930381221,0.3666666666666667,250.837
2014-04-27 12:00:00,2.1,-0.15,1014.275,99.2,1.1,346,101427.5,273.0,0.0036784934648409102,0.3666666666666667,250.837
2014-04-27 13:00:00,1.8,-0.1,1014.725,99.3,1.0,325,101472.5,273.04999999999995,0.0036939610483713477,0.3333333333333333,265.022
2014-04-27 14:00:00,3.3,0.1,1015.15,99.4,1.0,399,101515.0,273.25,0.0037501674196808578,0.3333333333333333,265.022
2014-04-27 15:00:00,2.7,-0.175,1015.85,98.8,0.7,324,101585.0,272.97499999999997,0.0036513415688764254,0.2333333333333333,265.022
2014-04-27 16:00:00,2.0,0.075,1016.375,99.3,0.2,211,101637.5,273.22499999999997,0.003735101843820664,0.06666666666666667,257.534
2014-04-27 17:00:00,1.3,0.0999999999999999,1016.7,99.0,0.3,304,101670.0,273.25,0.0037293819289575675,0.09999999999999999,257.474
2014-04-27 18:00:00,0.1,-0.175,1017.125,98.9,0.6,51,101712.5,272.97499999999997,0.0036504555480144857,0.19999999999999998,257.41
2014-04-27 19:00:00,3.5,-0.35,1018.05,99.7,0.3,0,101805.0,272.79999999999995,0.0036301457109555917,0.09999999999999999,263.695
2014-04-27 20:00:00,3.2,-0.675,1018.7,100.0,0.4,0,101870.0,272.47499999999997,0.0035535788957467783,0.13333333333333333,263.64
2014-04-27 21:00:00,0.3,-0.875,1019.55,100.0,0.0,0,101955.0,272.275,0.003499132250212787,0.0,263.577
2014-04-27 22:00:00,0.9,-0.875,1019.775,100.0,0.0,0,101977.5,272.275,0.0034983602125022157,0.0,263.384
2014-04-27 23:00:00,0.2,-0.9,1020.075,100.0,0.0,0,102007.5,272.25,0.0034909459427377386,0.0,263.384
2014-04-28 00:00:00,0.1,-1.0,1020.7,100.0,0.0,0,102070.0,272.15,0.003463385576561159,0.0,263.384
2014-04-28 01:00:00,0.0,-1.05,1021.025,100.0,0.0,0,102102.5,272.09999999999997,0.0034496375426087216,0.0,261.59
2014-04-28 02:00:00,0.4,-1.025,1021.125,100.0,0.0,0,102112.5,272.125,0.0034556167707810153,0.0,261.59
2014-04-28 03:00:00,0.0,-1.375,1021.525,100.0,0.0,0,102152.5,271.775,0.003366786546108855,0.0,261.59
2014-04-28 04:00:00,0.1,-2.15,1021.675,100.0,0.0,0,102167.5,271.0,0.0031795811724987513,0.0,284.339
2014-04-28 05:00:00,0.0,-2.75,1022.025,100.0,0.0,3,102202.5,270.4,0.0030403641281806348,0.0,284.402
2014-04-28 06:00:00,0.0,-1.15,1022.525,100.0,0.0,106,102252.5,272.0,0.0034194456504340115,0.0,284.397
2014-04-28 07:00:00,0.0,2.95,1022.95,97.6,0.0,311,102295.0,276.09999999999997,0.004482259976533647,0.0,289.82
2014-04-28 08:00:00,0.0,4.475,1023.525,76.7,0.2,1839,102352.5,277.625,0.003919468712638354,0.06666666666666667,289.901
2014-04-28 09:00:00,0.0,5.65,1023.725,68.5,0.4,2709,102372.5,278.79999999999995,0.0037981771913712173,0.13333333333333333,289.895
2014-04-28 10:00:00,0.0,6.3500000000000005,1024.525,68.4,0.5,3121,102452.50000000001,279.5,0.003977534867474624,0.16666666666666666,296.419
2014-04-28 11:00:00,0.0,6.4,1024.275,69.7,0.3,2197,102427.50000000001,279.54999999999995,0.004068113370032659,0.09999999999999999,296.439
2014-04-28 12:00:00,0.0,7.575,1024.275,72.5,0.4,2625,102427.50000000001,280.72499999999997,0.004586610097215331,0.13333333333333333,296.433
2014-04-28 13:00:00,0.0,9.85,1024.5,65.1,0.4,3520,102450.0,283.0,0.004802531738921461,0.13333333333333333,299.677
2014-04-28 14:00:00,0.0,9.925,1024.625,58.8,0.5,3052,102462.5,283.075,0.004359095459210812,0.16666666666666666,299.735
2014-04-28 15:00:00,0.0,9.3,1024.575,62.7,0.6,2345,102457.5,282.45,0.004457366535081588,0.19999999999999998,299.708
2014-04-28 16:00:00,0.0,7.125,1025.05,67.4,0.6,1336,102505.0,280.275,0.00413163758870532,0.19999999999999998,316.427
2014-04-28 17:00:00,0.0,5.35,1025.1,83.8,0.6,578,102509.99999999999,278.5,0.004544689337344002,0.19999999999999998,316.427
2014-04-28 18:00:00,0.0,3.525,1025.325,90.0,0.6,156,102532.5,276.67499999999995,0.004294686889256293,0.19999999999999998,316.367
2014-04-28 19:00:00,0.0,2.6,1025.175,95.0,0.7,0,102517.5,275.75,0.004246626206795602,0.2333333333333333,303.574
2014-04-28 20:00:00,0.0,2.325,1025.625,97.0,0.8,0,102562.5,275.47499999999997,0.004250181945790773,0.26666666666666666,303.574
2014-04-28 21:00:00,0.0,2.35,1026.275,96.2,0.8,0,102627.50000000001,275.5,0.0042199633612238704,0.26666666666666666,303.574
2014-04-28 22:00:00,0.0,3.1500000000000004,1026.825,95.6,0.7,0,102682.5,276.29999999999995,0.004436200589599817,0.2333333333333333,296.143
2014-04-28 23:00:00,0.0,2.65,1027.1,93.5,0.8,0,102709.99999999999,275.79999999999995,0.0041865824890011775,0.26666666666666666,296.196
2014-04-29 00:00:00,0.0,2.6,1027.425,95.0,0.8,0,102742.5,275.75,0.004237326346498948,0.26666666666666666,296.196
2014-04-29 01:00:00,0.0,2.75,1027.6750000000002,93.0,0.8,0,102767.50000000001,275.9,0.004191512025114541,0.26666666666666666,298.617
2014-04-29 02:00:00,0.0,2.675,1028.425,87.7,0.9,0,102842.5,275.825,0.003928788690098161,0.3,298.557
2014-04-29 03:00:00,0.0,3.05,1028.425,82.9,0.9,0,102842.5,276.2,0.003813808006708226,0.3,298.557
2014-04-29 04:00:00,0.0,3.175,1028.675,78.1,1.1,0,102867.5,276.325,0.0036240182418729857,0.3666666666666667,304.052
2014-04-29 05:00:00,0.0,3.1,1028.975,78.7,0.9,0,102897.49999999999,276.25,0.003631479020240617,0.3,304.052
2014-04-29 06:00:00,0.0,6.225,1029.2,74.9,1.0,66,102920.0,279.375,0.0042985195132885096,0.3333333333333333,304.052
2014-04-29 07:00:00,0.0,11.1,1029.4,56.2,0.5,269,102940.00000000001,284.25,0.004485028472202464,0.16666666666666666,304.122
2014-04-29 08:00:00,0.0,12.275,1030.3,41.2,0.6,1835,103030.0,285.42499999999995,0.003550282969608992,0.19999999999999998,304.122
2014-04-29 09:00:00,0.1,13.675,1030.175,36.5,0.9,2851,103017.5,286.825,0.0034473216612756243,0.3,304.182
2014-04-29 10:00:00,0.0,15.375,1030.275,34.2,1.2,3279,103027.50000000001,288.525,0.0036048511833907055,0.39999999999999997,306.416
2014-04-29 11:00:00,0.0,16.75,1030.075,34.7,0.8,3521,103007.5,289.9,0.003994032533217504,0.26666666666666666,306.416
2014-04-29 12:00:00,0.0,17.275,1029.85,34.5,0.9,3260,102984.99999999999,290.42499999999995,0.004106305307954245,0.3,306.416
2014-04-29 13:00:00,0.0,17.725,1030.1,34.3,0.7,3355,103009.99999999999,290.875,0.004199182273037308,0.2333333333333333,294.296
2014-04-29 14:00:00,0.0,17.525,1030.0,33.6,1.1,2945,103000.0,290.67499999999995,0.00406229195090494,0.3666666666666667,294.36
2014-04-29 15:00:00,0.0,17.9,1029.325,32.2,0.9,2480,102932.5,291.04999999999995,0.003988800025600336,0.3,294.424
2014-04-29 16:00:00,0.0,16.525,1029.1,32.0,0.8,1694,102909.99999999999,289.67499999999995,0.0036343808859722417,0.26666666666666666,300.993
2014-04-29 17:00:00,0.0,14.8,1028.95,35.9,0.8,664,102895.0,287.95,0.00365128854125168,0.26666666666666666,300.87
2014-04-29 18:00:00,0.0,13.175,1028.425,40.0,0.8,195,102842.5,286.325,0.0036629700765510084,0.26666666666666666,300.87
2014-04-29 19:00:00,0.0,11.35,1028.475,44.5,0.6,7,102847.49999999999,284.5,0.0036139244066821646,0.19999999999999998,294.004
2014-04-29 20:00:00,0.0,10.525,1029.175,47.5,0.8,0,102917.5,283.67499999999995,0.00364925534433293,0.26666666666666666,293.995
2014-04-29 21:00:00,0.0,9.675,1029.375,50.3,0.7,0,102937.5,282.825,0.003650038075830128,0.2333333333333333,293.995
2014-04-29 22:00:00,0.0,8.35,1029.475,53.3,0.7,0,102947.49999999999,281.5,0.003536583655078729,0.2333333333333333,293.04
2014-04-29 23:00:00,0.0,8.175,1029.525,58.0,0.7,0,102952.50000000001,281.325,0.003802808928814933,0.2333333333333333,293.04
2014-04-30 00:00:00,0.0,8.05,1029.475,56.8,0.7,0,102947.49999999999,281.2,0.0036928056975791884,0.2333333333333333,293.04
2014-04-30 01:00:00,0.0,8.8,1029.1,57.2,0.7,0,102909.99999999999,281.95,0.003914212803615368,0.2333333333333333,292.254
2014-04-30 02:00:00,0.0,9.85,1028.9,52.1,0.7,0,102890.00000000001,283.0,0.0038270644314182555,0.2333333333333333,292.254
2014-04-30 03:00:00,0.0,9.925,1028.6,46.9,0.8,0,102859.99999999999,283.075,0.003463461181493684,0.26666666666666666,292.254
2014-04-30 04:00:00,0.0,9.875,1028.575,44.5,0.8,0,102857.5,283.025,0.0032753144608089584,0.26666666666666666,283.36
2014-04-30 05:00:00,0.0,10.15,1027.975,42.9,0.9,23,102797.49999999999,283.29999999999995,0.0032180986080921643,0.3,283.36
2014-04-30 06:00:00,0.0,11.4,1028.125,36.4,1.0,128,102812.5,284.54999999999995,0.00296692460163868,0.3333333333333333,283.36
2014-04-30 07:00:00,0.0,14.225,1027.7,30.4,0.9,283,102770.0,287.375,0.0029827241174338426,0.3,258.63
2014-04-30 08:00:00,0.0,16.275,1027.5749999999998,24.0,0.9,1901,102757.49999999999,289.42499999999995,0.002686704314793817,0.3,258.705
2014-04-30 09:00:00,0.0,18.425,1027.325,21.1,1.0,2906,102732.5,291.575,0.0027067109213104183,0.3333333333333333,258.705
2014-04-30 10:00:00,0.0,19.525,1027.125,21.5,1.0,3366,102712.5,292.67499999999995,0.0029547333536855624,0.3333333333333333,278.856
2014-04-30 11:00:00,0.0,20.5,1026.775,20.0,1.2,3561,102677.50000000001,293.65,0.002920756870346123,0.39999999999999997,278.915
2014-04-30 12:00:00,0.0,21.55,1026.05,18.1,1.2,3650,102605.0,294.7,0.0028215692089229956,0.39999999999999997,278.978
2014-04-30 13:00:00,0.0,22.25,1025.65,17.2,1.3,3527,102565.00000000001,295.4,0.0027994977863851057,0.43333333333333335,318.982
2014-04-30 14:00:00,0.0,22.825,1025.15,14.7,1.3,3188,102515.00000000001,295.97499999999997,0.002478916266903867,0.43333333333333335,318.982
2014-04-30 15:00:00,0.0,23.2,1024.7,12.1,1.3,2628,102470.0,296.34999999999997,0.002088266903843893,0.43333333333333335,318.922
2014-04-30 16:00:00,0.0,20.825,1024.4,14.6,1.0,1899,102440.00000000001,293.97499999999997,0.002180353059325902,0.3333333333333333,319.693
2014-04-30 17:00:00,0.0,17.975,1023.9,24.8,0.6,780,102390.0,291.125,0.003103012198325145,0.19999999999999998,319.613
2014-04-30 18:00:00,0.0,16.475,1023.775,28.9,0.7,61,102377.5,289.625,0.003288889259750118,0.2333333333333333,319.555
2014-04-30 19:00:00,0.0,15.5,1023.5,31.0,0.8,2,102350.0,288.65,0.0033156748635057814,0.26666666666666666,316.414
2014-04-30 20:00:00,0.0,14.85,1023.825,33.2,0.7,0,102382.5,288.0,0.0034045398663751733,0.2333333333333333,316.414
2014-04-30 21:00:00,0.0,13.35,1023.975,36.1,0.9,0,102397.5,286.5,0.003358334897078155,0.3,316.414
2014-04-30 22:00:00,0.0,12.1,1023.9,40.7,0.9,0,102390.0,285.25,0.003488706014558406,0.3,319.161
2014-04-30 23:00:00,0.0,14.75,1023.625,35.8,0.7,0,102362.5,287.9,0.003648274303555646,0.2333333333333333,319.181
2014-05-01 00:00:00,0.0,14.2,1023.25,26.3,0.7,0,102325.0,287.34999999999997,0.0025874768671623406,0.2333333333333333,319.181
2014-05-01 01:00:00,0.0,14.2,1023.075,27.1,0.8,0,102307.5,287.34999999999997,0.0026666394463784947,0.26666666666666666,321.29
2014-05-01 02:00:00,0.0,13.675,1023.025,25.4,0.7,0,102302.5,286.825,0.002415724589198827,0.2333333333333333,321.29
2014-05-01 03:00:00,0.0,12.8,1022.625,25.8,0.9,0,102262.5,285.95,0.0023184493120294797,0.3,321.29
2014-05-01 04:00:00,0.0,12.475,1022.75,27.7,1.0,0,102275.0,285.625,0.0024363959454407713,0.3333333333333333,318.335
2014-05-01 05:00:00,0.0,13.25,1022.5,26.5,0.9,31,102250.0,286.4,0.002452760639785584,0.3,318.335
2014-05-01 06:00:00,0.0,15.325,1022.475,23.7,1.1,149,102247.5,288.47499999999997,0.0025090864470407224,0.3666666666666667,318.335
2014-05-01 07:00:00,0.0,18.325,1022.375,19.2,1.2,384,102237.5,291.47499999999997,0.0024594245412447304,0.39999999999999997,313.5
2014-05-01 08:00:00,0.0,19.525,1022.5,14.8,1.2,1986,102250.0,292.67499999999995,0.002043156028402042,0.39999999999999997,313.5
2014-05-01 09:00:00,0.0,21.575,1022.4,13.5,1.3,2942,102240.0,294.72499999999997,0.0021152343740692184,0.43333333333333335,313.5
2014-05-01 10:00:00,0.0,23.525,1022.075,13.6,1.0,3322,102207.5,296.67499999999995,0.002399833670213961,0.3333333333333333,303.024
2014-05-01 11:00:00,0.0,24.075,1022.125,13.5,1.0,3425,102212.5,297.22499999999997,0.002462288493063712,0.3333333333333333,303.024
2014-05-01 12:00:00,0.0,24.200000000000003,1021.9,13.3,1.0,3147,102190.0,297.34999999999997,0.002444630962299431,0.3333333333333333,303.212
2014-05-01 13:00:00,0.0,24.325,1022.15,14.3,1.1,2921,102215.0,297.47499999999997,0.0026475813622130577,0.3666666666666667,309.732
2014-05-01 14:00:00,0.0,23.775,1021.725,14.5,0.9,2145,102172.5,296.92499999999995,0.002598391479022415,0.3,309.785
2014-05-01 15:00:00,0.0,23.7,1021.575,16.9,0.8,2632,102157.5,296.84999999999997,0.003015259226351724,0.26666666666666666,309.791
2014-05-01 16:00:00,0.0,22.0,1021.525,18.6,1.0,1649,102152.5,295.15,0.0029936004405655093,0.3333333333333333,302.378
2014-05-01 17:00:00,0.0,19.45,1021.225,24.2,0.6,629,102122.5,292.59999999999997,0.0033294364467699065,0.19999999999999998,302.383
2014-05-01 18:00:00,0.0,18.225,1021.725,31.9,0.8,97,102172.5,291.375,0.004063238301739991,0.26666666666666666,302.239
2014-05-01 19:00:00,0.0,16.625,1022.0,35.5,0.9,3,102200.0,289.775,0.004085809616745558,0.3,272.598
2014-05-01 20:00:00,0.0,13.825,1022.5,44.3,0.8,0,102250.0,286.97499999999997,0.004256727189509318,0.26666666666666666,272.543
2014-05-01 21:00:00,0.0,12.2,1022.65,55.4,0.4,0,102265.0,285.34999999999997,0.004785963063637807,0.13333333333333333,272.543
2014-05-01 22:00:00,0.0,11.275,1022.525,61.0,0.6,0,102252.5,284.42499999999995,0.004958042602838418,0.19999999999999998,227.185
2014-05-01 23:00:00,0.0,10.525,1022.55,63.2,0.6,0,102255.0,283.67499999999995,0.004886888119660454,0.19999999999999998,227.185
2014-05-02 00:00:00,0.0,10.15,1022.2,64.2,0.6,0,102220.0,283.29999999999995,0.004843103604619805,0.19999999999999998,227.122
2014-05-02 01:00:00,0.0,9.875,1021.9,62.9,0.7,0,102190.0,283.025,0.00465984211716271,0.2333333333333333,213.751
2014-05-02 02:00:00,0.0,9.15,1021.675,66.2,0.6,0,102167.5,282.29999999999995,0.004672091063990715,0.19999999999999998,213.751
2014-05-02 03:00:00,0.0,8.95,1021.15,67.9,0.6,0,102115.0,282.09999999999997,0.004730280359423137,0.19999999999999998,213.751
2014-05-02 04:00:00,0.0,8.625,1021.175,68.5,0.6,0,102117.5,281.775,0.0046682666089346535,0.19999999999999998,217.619
2014-05-02 05:00:00,0.0,8.55,1020.7,69.0,0.6,28,102070.0,281.7,0.004680700731948932,0.19999999999999998,217.827
2014-05-02 06:00:00,0.0,11.25,1020.675,65.1,0.4,185,102067.5,284.4,0.005292100747697277,0.13333333333333333,217.821
2014-05-02 07:00:00,0.0,15.0,1020.6,56.4,0.2,474,102060.0,288.15,0.005858232992307121,0.06666666666666667,239.362
2014-05-02 08:00:00,0.0,15.8,1020.475,44.2,0.5,1658,102047.5,288.95,0.004833538151956195,0.16666666666666666,239.417
2014-05-02 09:00:00,0.0,17.025,1020.25,39.7,0.6,2344,102025.0,290.17499999999995,0.004694765254482804,0.19999999999999998,239.437
2014-05-02 10:00:00,0.0,18.0,1019.8,37.0,0.6,2814,101980.0,291.15,0.004655424388079323,0.19999999999999998,263.031
2014-05-02 11:00:00,0.0,18.55,1019.2,36.4,0.6,2315,101920.0,291.7,0.004743646291557997,0.19999999999999998,263.025
2014-05-02 12:00:00,0.0,17.65,1018.775,39.1,0.6,1655,101877.5,290.79999999999995,0.004817193734707522,0.19999999999999998,263.173
2014-05-02 13:00:00,0.0,17.7,1018.3,40.4,0.7,2077,101830.0,290.84999999999997,0.004995407938015481,0.2333333333333333,279.704
2014-05-02 14:00:00,0.0,17.075,1017.625,42.4,0.8,1829,101762.5,290.22499999999997,0.005042946375275421,0.26666666666666666,279.704
2014-05-02 15:00:00,0.0,16.525,1017.45,46.2,0.9,2244,101745.0,289.67499999999995,0.005307218145935807,0.3,279.704
2014-05-02 16:00:00,0.0,15.15,1017.075,45.7,1.0,1816,101707.5,288.29999999999995,0.004809483986468459,0.3333333333333333,271.707
2014-05-02 17:00:00,0.0,12.75,1017.15,51.8,0.9,756,101715.0,285.9,0.004664622247649243,0.3,271.641
2014-05-02 18:00:00,0.0,10.825,1016.875,63.6,0.7,115,101687.5,283.97499999999997,0.005045062326201644,0.2333333333333333,271.641
2014-05-02 19:00:00,0.0,9.5,1016.975,78.9,0.6,2,101697.5,282.65,0.005727492224225052,0.19999999999999998,282.426
2014-05-02 20:00:00,0.0,8.625,1017.05,87.5,0.5,0,101705.0,281.775,0.005987299765396327,0.16666666666666666,282.426
2014-05-02 21:00:00,0.0,7.725,1017.05,90.2,0.4,0,101705.0,280.875,0.005806017261987156,0.13333333333333333,282.452
2014-05-02 22:00:00,0.0,6.625,1016.75,94.4,0.7,0,101675.0,279.775,0.005637168258890913,0.2333333333333333,305.82
2014-05-02 23:00:00,0.0,5.75,1016.425,98.2,0.8,0,101642.5,278.9,0.00552221256016158,0.26666666666666666,305.82
2014-05-03 00:00:00,0.0,4.95,1016.225,98.9,1.0,0,101622.5,278.09999999999997,0.00526191074380659,0.3333333333333333,305.82
2014-05-03 01:00:00,0.0,4.275,1015.925,99.4,1.0,0,101592.5,277.42499999999995,0.005046293397129226,0.3333333333333333,313.905
2014-05-03 02:00:00,0.0,3.85,1015.5,99.0,1.2,0,101550.0,277.0,0.00488028276805626,0.39999999999999997,313.905
2014-05-03 03:00:00,0.0,3.525,1015.725,97.5,1.4,0,101572.5,276.67499999999995,0.004696550727431738,0.4666666666666666,313.825
2014-05-03 04:00:00,0.0,3.25,1015.025,96.2,1.0,0,101502.5,276.4,0.004547977997635978,0.3333333333333333,307.934
2014-05-03 05:00:00,0.0,3.225,1014.875,97.0,0.7,2,101487.5,276.375,0.004578380243529189,0.2333333333333333,307.92
2014-05-03 06:00:00,0.0,3.15,1014.875,96.8,0.6,163,101487.5,276.29999999999995,0.004544776385329444,0.19999999999999998,307.92
2014-05-03 07:00:00,0.0,3.525,1014.575,97.6,0.8,291,101457.5,276.67499999999995,0.004706696606617732,0.26666666666666666,289.896
2014-05-03 08:00:00,0.0,4.425,1014.75,94.0,0.8,604,101475.0,277.575,0.004828134650500208,0.26666666666666666,289.896
2014-05-03 09:00:00,0.0,4.425,1014.4,90.4,0.6,736,101440.0,277.575,0.0046448294259282905,0.19999999999999998,289.896
2014-05-03 10:00:00,0.0,5.925,1014.475,89.5,0.7,1896,101447.5,279.075,0.0051040934801238605,0.2333333333333333,294.398
2014-05-03 11:00:00,0.0,6.825,1013.975,83.1,1.2,1638,101397.5,279.97499999999997,0.005044821232188614,0.39999999999999997,294.398
2014-05-03 12:00:00,0.0,8.325,1013.75,79.6,0.9,2700,101375.0,281.47499999999997,0.005354490507762431,0.3,294.462
2014-05-03 13:00:00,0.0,8.2,1013.375,69.4,1.4,1748,101337.5,281.34999999999997,0.004630630730875991,0.4666666666666666,304.998
2014-05-03 14:00:00,0.0,7.875,1013.3,73.6,0.8,1001,101330.0,281.025,0.004803881191650012,0.26666666666666666,305.018
2014-05-03 15:00:00,0.0,8.0,1012.75,74.3,0.9,860,101275.0,281.15,0.004893658600851255,0.3,305.081
2014-05-03 16:00:00,0.0,7.45,1012.575,72.1,0.7,375,101257.5,280.59999999999997,0.004574791563535232,0.2333333333333333,299.223
2014-05-03 17:00:00,0.0,6.675,1011.75,76.0,0.5,211,101175.0,279.825,0.004576533688660269,0.16666666666666666,299.148
2014-05-03 18:00:00,0.0,5.9,1011.65,81.1,0.9,32,101165.0,279.04999999999995,0.0046299524462744554,0.3,299.148
2014-05-03 19:00:00,0.0,5.225,1011.525,86.2,0.8,0,101152.5,278.375,0.00469659719533232,0.26666666666666666,289.776
2014-05-03 20:00:00,0.0,4.925,1011.8,90.9,0.9,0,101180.0,278.075,0.004848968812995778,0.3,289.776
2014-05-03 21:00:00,0.0,5.025,1011.9,89.0,0.9,0,101190.0,278.17499999999995,0.0047803444321133995,0.3,289.776
2014-05-03 22:00:00,0.0,4.725,1011.625,87.9,0.8,0,101162.5,277.875,0.0046247578342540965,0.26666666666666666,296.982
2014-05-03 23:00:00,0.0,4.525,1011.55,86.4,1.2,0,101155.0,277.67499999999995,0.004483072697623975,0.39999999999999997,296.982
2014-05-04 00:00:00,0.0,4.05,1011.825,91.2,1.2,0,101182.5,277.2,0.0045759639683920425,0.39999999999999997,296.982
2014-05-04 01:00:00,0.6000000000000001,3.75,1011.675,93.3,1.2,0,101167.5,276.9,0.004584319946726887,0.39999999999999997,276.874
2014-05-04 02:00:00,0.0,3.7,1011.775,96.9,1.2,0,101177.5,276.84999999999997,0.0047440088201827265,0.39999999999999997,276.874
2014-05-04 03:00:00,2.5,3.375,1011.875,97.5,1.1,0,101187.5,276.525,0.004664790620993039,0.3666666666666667,276.874
2014-05-04 04:00:00,2.8,3.1,1011.6,98.4,0.7,0,101160.0,276.25,0.004618488942315461,0.2333333333333333,234.387
2014-05-04 05:00:00,1.0,3.0,1011.525,99.5,0.9,4,101152.5,276.15,0.004637522695505324,0.3,234.444
2014-05-04 06:00:00,1.7,2.975,1012.175,100.0,0.9,89,101217.5,276.125,0.00464959452807815,0.3,234.444
2014-05-04 07:00:00,0.0,3.1,1012.3,99.7,1.5,413,101230.0,276.25,0.004676269711616408,0.5,250.71
2014-05-04 08:00:00,0.2,3.875,1012.75,98.9,1.5,871,101275.0,277.025,0.004897193104103029,0.5,250.712
2014-05-04 09:00:00,0.5,4.4,1012.75,96.2,1.1,939,101275.0,277.54999999999995,0.004942234108598987,0.3666666666666667,250.776
2014-05-04 10:00:00,0.2,5.275,1012.65,95.1,1.1,1448,101265.0,278.42499999999995,0.005193782672781211,0.3666666666666667,275.823
2014-05-04 11:00:00,0.0,4.55,1012.95,94.7,1.1,826,101295.0,277.7,0.00491553377092045,0.3666666666666667,275.83
2014-05-04 12:00:00,0.0,5.85,1013.025,96.4,1.2,2345,101302.5,279.0,0.005476970959357498,0.39999999999999997,275.909
2014-05-04 13:00:00,1.8,5.375,1012.8,86.2,1.1,746,101280.0,278.525,0.0047398465721090275,0.3666666666666667,271.508
2014-05-04 14:00:00,0.3,4.449999999999999,1012.875,90.7,1.2,1085,101287.5,277.59999999999997,0.004675434188250785,0.39999999999999997,271.508
2014-05-04 15:00:00,0.3,4.55,1012.8,94.4,1.7,606,101280.0,277.7,0.004900687563486896,0.5666666666666667,271.528
2014-05-04 16:00:00,0.0,4.325,1013.1,96.0,1.5,478,101310.0,277.47499999999997,0.004904426514961981,0.5,263.4
2014-05-04 17:00:00,1.5,3.4,1013.2,95.7,1.5,56,101320.0,276.54999999999995,0.004580760366534035,0.5,263.4
2014-05-04 18:00:00,0.7999999999999999,2.85,1013.45,97.8,1.9,13,101345.0,276.0,0.004501532325854559,0.6333333333333333,263.261
2014-05-04 19:00:00,3.3000000000000003,2.575,1013.775,99.1,1.3,0,101377.5,275.72499999999997,0.004471766442164415,0.43333333333333335,251.227
2014-05-04 20:00:00,1.1,1.875,1014.3,99.8,1.2,0,101430.0,275.025,0.004282013953614135,0.39999999999999997,251.233
2014-05-04 21:00:00,3.1,1.5,1014.4,100.0,1.2,0,101440.0,274.65,0.004176558639971492,0.39999999999999997,251.233
2014-05-04 22:00:00,3.8,1.175,1014.275,100.0,0.6,0,101427.5,274.325,0.004080761517589343,0.19999999999999998,256.241
2014-05-04 23:00:00,3.3,0.65,1014.825,100.0,0.4,0,101482.5,273.79999999999995,0.003927204558552689,0.13333333333333333,256.247
2014-05-05 00:00:00,1.2,0.3,1014.7,100.0,0.6,0,101470.0,273.45,0.0038295659839696376,0.19999999999999998,256.247
2014-05-05 01:00:00,1.0,0.2,1014.6,100.0,0.2,0,101460.0,273.34999999999997,0.003802307947019074,0.06666666666666667,261.279
2014-05-05 02:00:00,1.3,0.75,1014.4,100.0,0.2,0,101440.0,273.9,0.003957299604305498,0.06666666666666667,261.279
2014-05-05 03:00:00,0.0,1.2,1014.7,100.0,0.4,0,101470.0,274.34999999999997,0.004086387341127713,0.13333333333333333,261.259
2014-05-05 04:00:00,2.3000000000000003,0.95,1014.6,100.0,0.9,0,101460.0,274.09999999999997,0.004013955986897813,0.3,255.366
2014-05-05 05:00:00,1.1,0.125,1015.05,100.0,0.3,0,101505.0,273.275,0.003780020988875984,0.09999999999999999,255.441
2014-05-05 06:00:00,0.6000000000000001,0.375,1015.3,100.0,0.0,76,101530.0,273.525,0.0038481318361912324,0.0,255.568
2014-05-05 07:00:00,0.5,1.575,1015.475,100.0,0.2,630,101547.5,274.72499999999997,0.004194620445288205,0.06666666666666667,271.988
2014-05-05 08:00:00,0.0,2.6,1015.825,99.4,0.8,1261,101582.5,275.75,0.0044842098127887975,0.26666666666666666,272.106
2014-05-05 09:00:00,0.0,2.5,1016.075,94.1,0.8,645,101607.5,275.65,0.004214011788377566,0.26666666666666666,272.184
2014-05-05 10:00:00,0.0,2.425,1015.85,96.5,0.7,808,101585.0,275.575,0.004299451541110268,0.2333333333333333,292.928
2014-05-05 11:00:00,0.0,3.425,1016.025,97.6,0.6,1518,101602.5,276.575,0.0046669429884324595,0.19999999999999998,292.943
2014-05-05 12:00:00,0.1,4.325,1016.225,93.9,0.7,1538,101622.5,277.47499999999997,0.0047823904623188725,0.2333333333333333,292.943
2014-05-05 13:00:00,0.0,3.05,1016.7,91.9,0.8,998,101670.0,276.2,0.0042766096227449075,0.26666666666666666,308.09
2014-05-05 14:00:00,1.1,3.35,1016.3,96.0,0.9,641,101630.0,276.5,0.004564961793118464,0.3,308.09
2014-05-05 15:00:00,0.2,3.575,1016.25,96.5,0.5,705,101625.0,276.72499999999997,0.004662384693146164,0.16666666666666666,308.09
2014-05-05 16:00:00,0.9,2.625,1016.2,95.0,0.8,616,101620.0,275.775,0.004291746850461879,0.26666666666666666,278.163
2014-05-05 17:00:00,1.5,2.4,1016.175,98.0,0.8,235,101617.5,275.54999999999995,0.004357128810808767,0.26666666666666666,277.981
2014-05-05 18:00:00,0.0,2.575,1016.55,97.8,0.7,145,101655.0,275.72499999999997,0.004401058540049482,0.2333333333333333,277.961
2014-05-05 19:00:00,1.1,1.775,1017.05,97.8,0.2,0,101705.0,274.92499999999995,0.004155044644006198,0.06666666666666667,268.77
2014-05-05 20:00:00,0.1,1.525,1017.15,99.4,0.3,0,101715.0,274.67499999999995,0.0041477005169095,0.09999999999999999,268.776
2014-05-05 21:00:00,0.0,1.4249999999999998,1017.55,99.6,0.2,0,101755.0,274.575,0.004124733490100264,0.06666666666666667,268.695
2014-05-05 22:00:00,0.0,1.325,1017.2,99.9,0.2,0,101720.0,274.47499999999997,0.004108991183899724,0.06666666666666667,301.085
2014-05-05 23:00:00,0.0,1.45,1017.0,100.0,0.0,0,101700.0,274.59999999999997,0.004150974091204564,0.0,301.085
2014-05-06 00:00:00,0.0,1.55,1017.025,100.0,0.0,0,101702.5,274.7,0.004180732766925833,0.0,301.085
2014-05-06 01:00:00,0.0,1.5750000000000002,1016.5,100.0,0.1,0,101650.0,274.72499999999997,0.004190390749315337,0.03333333333333333,329.425
2014-05-06 02:00:00,0.0,1.675,1016.85,100.0,0.1,0,101685.0,274.825,0.004219052207801451,0.03333333333333333,329.425
2014-05-06 03:00:00,0.7,1.675,1016.6,100.0,0.2,0,101660.0,274.825,0.004220089747691231,0.06666666666666667,329.425
2014-05-06 04:00:00,0.2,1.5,1016.7,100.0,0.4,0,101670.0,274.65,0.004167110341681009,0.13333333333333333,324.029
2014-05-06 05:00:00,0.0,1.35,1016.925,100.0,0.4,8,101692.5,274.5,0.004121605751019584,0.13333333333333333,324.014
2014-05-06 06:00:00,0.0,1.75,1016.975,100.0,0.3,139,101697.5,274.9,0.004241234315629204,0.09999999999999999,323.891
2014-05-06 07:00:00,0.1,2.275,1017.2,99.9,0.4,315,101720.0,275.42499999999995,0.004397816535900661,0.13333333333333333,322.379
2014-05-06 08:00:00,0.0,2.875,1017.225,99.7,0.3,816,101722.5,276.025,0.004580065187994024,0.09999999999999999,322.373
2014-05-06 09:00:00,0.0,3.775,1016.975,97.7,0.7,1063,101697.5,276.92499999999995,0.004783906348031452,0.2333333333333333,322.373
2014-05-06 10:00:00,0.0,4.35,1017.325,94.7,0.7,1793,101732.5,277.5,0.0048263645509165985,0.2333333333333333,324.588
2014-05-06 11:00:00,0.1,5.325,1016.65,88.6,1.0,1800,101665.0,278.47499999999997,0.004836533799555899,0.3333333333333333,324.588
2014-05-06 12:00:00,0.0,5.6,1016.8,85.2,1.1,1866,101680.0,278.75,0.004739871903499567,0.3666666666666667,324.588
2014-05-06 13:00:00,0.0,6.575,1016.775,84.1,1.2,2494,101677.5,279.72499999999997,0.005004729671679744,0.39999999999999997,320.58
2014-05-06 14:00:00,0.0,5.975,1016.775,74.5,0.9,1671,101677.5,279.125,0.004253729196393108,0.3,320.58
2014-05-06 15:00:00,0.0,6.15,1016.8,80.5,1.0,1107,101680.0,279.29999999999995,0.004652102241209139,0.3333333333333333,320.58
2014-05-06 16:00:00,0.0,6.05,1016.4,75.0,0.8,807,101640.0,279.2,0.004306120122343431,0.26666666666666666,305.858
2014-05-06 17:00:00,0.0,5.225,1016.325,77.1,0.6,372,101632.5,278.375,0.004180944849741625,0.19999999999999998,305.858
2014-05-06 18:00:00,0.0,4.725,1016.125,83.6,0.4,180,101612.5,277.875,0.004379039029157254,0.13333333333333333,305.863
2014-05-06 19:00:00,0.0,3.675,1015.95,88.6,0.6,1,101595.0,276.825,0.004312235698628724,0.19999999999999998,307.404
2014-05-06 20:00:00,0.0,2.95,1016.15,90.0,0.5,0,101615.0,276.09999999999997,0.0041608908128555645,0.16666666666666666,307.344
2014-05-06 21:00:00,0.7,2.55,1016.425,92.1,0.4,0,101642.5,275.7,0.004137707325906,0.13333333333333333,307.397
2014-05-06 22:00:00,0.0,2.05,1016.425,94.6,0.4,0,101642.5,275.2,0.004101352598950605,0.13333333333333333,307.358
2014-05-06 23:00:00,0.0,0.55,1016.075,94.0,0.3,0,101607.5,273.7,0.0036605025092325658,0.09999999999999999,307.358
2014-05-07 00:00:00,0.0,-0.175,1016.05,97.8,0.3,0,101605.0,272.97499999999997,0.0036136732123733593,0.09999999999999999,307.358
2014-05-07 01:00:00,0.0,-0.5,1015.825,99.1,0.4,0,101582.5,272.65,0.0035769174686805373,0.13333333333333333,317.033
2014-05-07 02:00:00,0.0,-0.875,1016.075,99.9,0.4,0,101607.5,272.275,0.003507588264073757,0.13333333333333333,317.088
2014-05-07 03:00:00,0.0,-0.775,1015.775,100.0,0.3,0,101577.5,272.375,0.0035378903110902388,0.09999999999999999,317.172
2014-05-07 04:00:00,0.0,-0.75,1015.8,100.0,0.2,0,101580.0,272.4,0.0035442676947836623,0.06666666666666667,316.738
2014-05-07 05:00:00,0.0,-0.2,1015.225,100.0,0.1,22,101522.5,272.95,0.0036912520393746987,0.03333333333333333,316.822
2014-05-07 06:00:00,0.1,0.65,1015.375,100.0,0.2,246,101537.5,273.79999999999995,0.0039250773026056705,0.06666666666666667,316.876
2014-05-07 07:00:00,0.0,2.425,1015.55,97.4,0.3,700,101555.0,275.575,0.004340831983881632,0.09999999999999999,323.364
2014-05-07 08:00:00,0.0,4.6,1015.775,84.1,0.6,2095,101577.5,277.75,0.004368429908463068,0.19999999999999998,323.428
2014-05-07 09:00:00,0.0,5.525,1016.0,70.7,0.9,2126,101600.0,278.67499999999995,0.003915876648181292,0.3,323.428
2014-05-07 10:00:00,0.0,7.175,1015.975,69.6,0.6,2780,101597.5,280.325,0.004319373308767471,0.19999999999999998,322.056
2014-05-07 11:00:00,0.0,9.7,1015.25,58.2,0.8,3691,101525.0,282.84999999999997,0.004289253925132463,0.26666666666666666,322.056
2014-05-07 12:00:00,0.1,10.35,1014.95,51.0,0.8,3728,101495.0,283.5,0.003926940085634918,0.26666666666666666,322.056
2014-05-07 13:00:00,0.0,11.7,1014.7,50.3,1.2,3522,101470.0,284.84999999999997,0.004237396022710688,0.39999999999999997,318.767
2014-05-07 14:00:00,0.0,11.95,1014.775,44.1,0.9,3090,101477.5,285.09999999999997,0.0037766218503029374,0.3,318.773
2014-05-07 15:00:00,0.0,11.65,1014.45,45.9,1.1,2395,101445.0,284.79999999999995,0.00385492466789462,0.3666666666666667,318.773
2014-05-07 16:00:00,0.0,10.675,1014.45,46.9,0.6,1675,101445.0,283.825,0.0036921827373291157,0.19999999999999998,313.266
2014-05-07 17:00:00,0.0,8.975000000000001,1014.575,53.6,0.6,856,101457.5,282.125,0.0037646119644818296,0.19999999999999998,313.188
2014-05-07 18:00:00,0.0,6.65,1014.55,62.4,0.7,109,101455.0,279.79999999999995,0.0037407694578805543,0.2333333333333333,313.188
2014-05-07 19:00:00,0.0,5.2,1014.975,72.5,0.6,7,101497.5,278.34999999999997,0.003929887574012363,0.19999999999999998,296.614
2014-05-07 20:00:00,0.0,3.675,1014.875,75.6,0.6,0,101487.5,276.825,0.003683412388202375,0.19999999999999998,296.49
2014-05-07 21:00:00,0.0,2.925,1014.275,87.0,0.5,0,101427.5,276.075,0.0040224990551421015,0.16666666666666666,296.475
2014-05-07 22:00:00,0.0,2.725,1014.1,90.7,0.4,0,101410.0,275.875,0.004135229349277835,0.13333333333333333,299.944
2014-05-07 23:00:00,0.0,2.525,1013.825,92.2,0.5,0,101382.5,275.67499999999995,0.0041454500423390725,0.16666666666666666,299.944
2014-05-08 00:00:00,0.0,2.775,1013.975,94.0,0.4,0,101397.5,275.92499999999995,0.004301445966076625,0.13333333333333333,299.944
2014-05-08 01:00:00,0.0,2.6,1013.35,93.6,0.4,0,101335.0,275.75,0.004232868864004875,0.13333333333333333,293.029
2014-05-08 02:00:00,0.0,2.975,1013.175,94.3,0.4,0,101317.5,276.125,0.004380240087837169,0.13333333333333333,293.029
2014-05-08 03:00:00,0.0,3.4,1013.0,92.7,0.5,0,101300.0,276.54999999999995,0.004438038906881499,0.16666666666666666,293.05
2014-05-08 04:00:00,0.0,3.475,1012.775,91.4,0.3,0,101277.5,276.625,0.004399996604259279,0.09999999999999999,306.369
2014-05-08 05:00:00,0.0,3.3,1012.3,95.6,0.2,10,101230.0,276.45,0.004547816122392849,0.06666666666666667,306.363
2014-05-08 06:00:00,0.0,4.2,1012.25,98.4,0.3,178,101225.0,277.34999999999997,0.004987370033053443,0.09999999999999999,306.363
2014-05-08 07:00:00,0.0,5.425,1012.25,98.0,0.1,460,101225.0,278.575,0.00541037210612157,0.03333333333333333,302.585
2014-05-08 08:00:00,0.0,5.425,1012.075,93.3,0.2,419,101207.5,278.575,0.00515178572855758,0.06666666666666667,302.585
2014-05-08 09:00:00,1.9,5.375,1011.7,95.8,0.6,444,101170.0,278.525,0.005273445594532689,0.19999999999999998,302.585
2014-05-08 10:00:00,0.7000000000000001,6.55,1011.45,98.1,0.9,557,101145.0,279.7,0.005858507686998077,0.3,285.598
2014-05-08 11:00:00,1.0,7.025,1011.225,98.3,0.8,470,101122.5,280.17499999999995,0.006066483418148024,0.26666666666666666,285.659
2014-05-08 12:00:00,0.0,7.0,1010.9,98.1,0.8,441,101090.0,280.15,0.006045715620637248,0.26666666666666666,285.659
2014-05-08 13:00:00,1.7,6.925,1010.925,97.8,1.1,279,101092.5,280.075,0.005996153716279422,0.3666666666666667,279.712
2014-05-08 14:00:00,2.3,7.15,1010.375,98.0,1.1,376,101037.5,280.29999999999995,0.006105124232154562,0.3666666666666667,279.712
2014-05-08 15:00:00,3.0,6.4,1010.3,97.2,1.2,141,101030.0,279.54999999999995,0.005751654019654484,0.39999999999999997,279.712
2014-05-08 16:00:00,4.2,5.925,1010.025,98.1,1.4,118,101002.5,279.075,0.005619191298646631,0.4666666666666666,272.666
2014-05-08 17:00:00,4.6,5.775,1009.75,98.7,1.2,11,100975.0,278.92499999999995,0.0055967013964727105,0.39999999999999997,272.584
2014-05-08 18:00:00,7.8,5.574999999999999,1009.825,98.8,1.3,0,100982.5,278.72499999999997,0.005524849367387899,0.43333333333333335,272.736
2014-05-08 19:00:00,4.0,5.275,1010.125,99.5,1.2,0,101012.5,278.42499999999995,0.0054476673975409435,0.39999999999999997,263.782
2014-05-08 20:00:00,5.3,4.675,1010.675,99.6,1.5,0,101067.5,277.825,0.005226979985670335,0.5,263.767
2014-05-08 21:00:00,3.4000000000000004,4.675,1011.2,99.7,1.2,0,101120.0,277.825,0.005229511462609054,0.39999999999999997,263.767
2014-05-08 22:00:00,4.1,3.95,1012.375,99.8,1.6,0,101237.5,277.09999999999997,0.0049697186636044905,0.5333333333333333,281.2
2014-05-08 23:00:00,2.9000000000000004,3.075,1012.8,100.0,1.3,0,101280.0,276.22499999999997,0.004679739310306166,0.43333333333333335,281.2
2014-05-09 00:00:00,0.7000000000000001,2.975,1013.35,100.0,1.2,0,101335.0,276.125,0.004644203228358909,0.39999999999999997,281.2
2014-05-09 01:00:00,0.1,2.35,1013.85,100.0,1.2,0,101385.0,275.5,0.004440415934258573,0.39999999999999997,247.606
2014-05-09 02:00:00,2.0,1.725,1014.275,100.0,1.3,0,101427.5,274.875,0.004244925414310605,0.43333333333333335,247.606
2014-05-09 03:00:00,2.9,1.375,1014.575,100.0,1.3,0,101457.5,274.525,0.0041385704674467266,0.43333333333333335,247.606
2014-05-09 04:00:00,0.5,1.375,1014.775,100.0,1.2,0,101477.5,274.525,0.004137754804769297,0.39999999999999997,256.709
2014-05-09 05:00:00,0.3,1.3,1014.875,100.0,1.6,0,101487.5,274.45,0.004115134747011176,0.5333333333333333,256.729
2014-05-09 06:00:00,4.3,0.45,1015.475,100.0,1.0,61,101547.5,273.59999999999997,0.0038683944783974664,0.3333333333333333,256.793
2014-05-09 07:00:00,2.9,0.25,1015.475,100.0,0.6,179,101547.5,273.4,0.0038128153009664616,0.19999999999999998,272.451
2014-05-09 08:00:00,1.9,0.675,1016.075,100.0,0.4,335,101607.5,273.825,0.003929456887624135,0.13333333333333333,272.471
2014-05-09 09:00:00,2.9,1.125,1016.0,100.0,0.2,319,101600.0,274.275,0.004059216738988128,0.06666666666666667,272.59
2014-05-09 10:00:00,0.9,1.3250000000000002,1016.35,100.0,0.8,511,101635.0,274.47499999999997,0.004116544184527716,0.26666666666666666,273.306
2014-05-09 11:00:00,1.5,2.0,1015.975,100.0,1.1,740,101597.5,275.15,0.004321936753733562,0.3666666666666667,273.306
2014-05-09 12:00:00,3.6,1.425,1016.225,99.0,0.9,390,101622.5,274.575,0.004105231313922579,0.3,273.306
2014-05-09 13:00:00,2.1,1.525,1016.2,99.4,0.6,403,101620.0,274.67499999999995,0.004151578016900707,0.19999999999999998,275.749
2014-05-09 14:00:00,2.8,0.825,1016.425,99.8,0.9,202,101642.5,273.97499999999997,0.003962888109583265,0.3,275.749
2014-05-09 15:00:00,0.9,1.2,1016.45,99.9,1.2,178,101645.0,274.34999999999997,0.00407527254445103,0.39999999999999997,275.749
2014-05-09 16:00:00,3.6,1.0,1016.475,100.0,1.1,86,101647.5,274.15,0.004020999187563024,0.3666666666666667,279.681
2014-05-09 17:00:00,0.2,1.0,1016.3,100.0,1.2,56,101630.0,274.15,0.004021691576481476,0.39999999999999997,279.687
2014-05-09 18:00:00,2.5,0.75,1016.35,100.0,1.4,1,101635.0,273.9,0.003949707009010181,0.4666666666666666,279.74
2014-05-09 19:00:00,1.7,0.425,1016.5,100.0,1.3,0,101650.0,273.575,0.0038575143293031267,0.43333333333333335,284.558
2014-05-09 20:00:00,4.4,0.0,1016.85,100.0,1.0,0,101685.0,273.15,0.0037392745919469857,0.3333333333333333,284.538
2014-05-09 21:00:00,4.0,-0.5,1017.125,100.0,0.8,0,101712.5,272.65,0.003604788866168784,0.26666666666666666,284.538
2014-05-09 22:00:00,1.6,-0.35,1017.325,100.0,0.3,0,101732.5,272.79999999999995,0.0036436637374225147,0.09999999999999999,280.032
2014-05-09 23:00:00,3.1,-0.375,1017.2,100.0,0.4,0,101720.0,272.775,0.0036374867632571815,0.13333333333333333,280.032
2014-05-10 00:00:00,1.6,-0.325,1017.0,100.0,0.0,0,101700.0,272.825,0.0036514648683874124,0.0,280.032
2014-05-10 01:00:00,2.4,-0.5,1016.825,100.0,0.0,0,101682.5,272.65,0.0036058524087251246,0.0,279.071
2014-05-10 02:00:00,3.3,-0.625,1016.7,100.0,0.0,0,101670.0,272.525,0.0035735812250475988,0.0,279.071
2014-05-10 03:00:00,1.4,-0.75,1016.85,100.0,0.0,0,101685.0,272.4,0.0035406078815570083,0.0,279.071
2014-05-10 04:00:00,1.8,-0.75,1017.5,100.0,0.0,0,101750.0,272.4,0.003538346068168299,0.0,235.581
2014-05-10 05:00:00,0.4,-0.825,1017.825,100.0,0.0,3,101782.5,272.325,0.0035178927733874213,0.0,235.581
2014-05-10 06:00:00,1.1,-0.375,1018.0,100.0,0.0,41,101800.0,272.775,0.003634628227490378,0.0,235.581
2014-05-10 07:00:00,1.7,-0.125,1018.625,100.0,0.0,249,101862.5,273.025,0.0036990353423582666,0.0,263.325
2014-05-10 08:00:00,0.1,0.375,1018.8,100.0,0.0,515,101880.0,273.525,0.003834911909388455,0.0,263.319
2014-05-10 09:00:00,1.0,1.15,1019.4,100.0,0.0,735,101940.0,274.29999999999995,0.004052956037146891,0.0,263.346
2014-05-10 10:00:00,1.1,1.925,1020.1,100.0,0.0,1048,102010.0,275.075,0.004281467732562137,0.0,282.559
2014-05-10 11:00:00,0.1,2.075,1020.375,97.6,0.4,1790,102037.5,275.22499999999997,0.0042225618718779966,0.13333333333333333,282.636
2014-05-10 12:00:00,0.1,3.45,1020.6,93.6,0.9,2581,102060.0,276.59999999999997,0.004463478604306199,0.3,282.761
2014-05-10 13:00:00,0.0,3.875,1020.775,86.6,1.0,1772,102077.5,277.025,0.004254426806663039,0.3333333333333333,277.191
2014-05-10 14:00:00,0.3,3.575,1021.4,88.6,0.9,1164,102140.0,276.72499999999997,0.004259113541960667,0.3,277.191
2014-05-10 15:00:00,1.0,4.2,1021.475,91.5,0.8,1020,102147.5,277.34999999999997,0.004595763065507543,0.26666666666666666,277.191
2014-05-10 16:00:00,0.1,3.15,1021.675,90.7,0.6,637,102167.5,276.29999999999995,0.0042300376935233835,0.19999999999999998,253.445
2014-05-10 17:00:00,0.0,3.15,1022.075,95.0,0.7,466,102207.5,276.29999999999995,0.004428845768258826,0.2333333333333333,253.382
2014-05-10 18:00:00,0.1,2.75,1022.35,94.6,0.4,143,102235.0,275.9,0.004285831521313134,0.13333333333333333,253.321
2014-05-10 19:00:00,1.6,2.15,1022.675,96.2,0.3,4,102267.5,275.29999999999995,0.004174905137900996,0.09999999999999999,262.393
2014-05-10 20:00:00,0.0,1.1,1023.225,98.4,0.2,0,102322.5,274.25,0.003958942295385976,0.06666666666666667,262.332
2014-05-10 21:00:00,0.0,1.225,1023.375,99.7,0.4,0,102337.5,274.375,0.004046854970177714,0.13333333333333333,262.248
2014-05-10 22:00:00,0.0,1.0,1023.475,100.0,0.3,0,102347.5,274.15,0.003993497788590952,0.09999999999999999,270.263
2014-05-10 23:00:00,0.1,1.25,1023.8,100.0,0.3,0,102380.0,274.4,0.004064640088125155,0.09999999999999999,270.263
2014-05-11 00:00:00,0.0,1.225,1023.925,100.0,0.1,0,102392.5,274.375,0.004056851762510343,0.03333333333333333,270.263
2014-05-11 01:00:00,0.0,1.35,1024.0,100.0,0.2,0,102400.0,274.5,0.004093128836284756,0.06666666666666667,222.68
2014-05-11 02:00:00,0.0,1.15,1024.025,100.0,0.1,0,102402.50000000001,274.29999999999995,0.004034650896479618,0.03333333333333333,222.619
2014-05-11 03:00:00,0.0,1.05,1024.125,100.0,0.2,0,102412.5,274.2,0.004005348440043171,0.06666666666666667,222.536
2014-05-11 04:00:00,0.0,0.175,1023.6,100.0,0.2,0,102360.0,273.325,0.0037620554865292937,0.06666666666666667,212.322
2014-05-11 05:00:00,0.0,0.55,1023.725,100.0,0.2,20,102372.5,273.7,0.0038650517400923502,0.06666666666666667,212.406
2014-05-11 06:00:00,0.0,1.85,1023.95,100.0,0.2,238,102395.0,275.0,0.0042425722273587395,0.06666666666666667,212.461
2014-05-11 07:00:00,0.1,3.825,1024.2,100.0,0.2,833,102420.0,276.97499999999997,0.004879118018992536,0.06666666666666667,221.236
2014-05-11 08:00:00,0.0,5.225,1024.2,90.9,0.5,994,102420.0,278.375,0.004891384254531916,0.16666666666666666,221.296
2014-05-11 09:00:00,0.0,6.175,1024.175,83.7,0.4,1600,102417.5,279.325,0.00481049384880856,0.13333333333333333,221.291
2014-05-11 10:00:00,0.0,7.75,1024.45,79.2,0.5,1915,102445.0,280.9,0.005069774060189988,0.16666666666666666,248.145
2014-05-11 11:00:00,0.0,8.55,1024.05,72.7,0.6,1650,102405.0,281.7,0.004915561654346164,0.19999999999999998,248.273
2014-05-11 12:00:00,0.2,11.7,1023.875,65.2,0.5,4133,102387.5,284.84999999999997,0.005443389192856413,0.16666666666666666,248.293
2014-05-11 13:00:00,0.0,12.8,1023.75,56.1,0.9,3653,102375.0,285.95,0.005035739450635153,0.3,293.191
2014-05-11 14:00:00,0.0,11.65,1023.625,54.3,0.8,1754,102362.5,284.79999999999995,0.004519525092957131,0.26666666666666666,293.191
2014-05-11 15:00:00,0.0,12.25,1023.4,57.7,0.5,1921,102340.0,285.4,0.004997418371065382,0.16666666666666666,293.191
2014-05-11 16:00:00,0.0,11.7,1023.25,53.3,0.3,1617,102325.0,284.84999999999997,0.004452605163900229,0.09999999999999999,301.274
2014-05-11 17:00:00,0.0,9.95,1023.275,60.8,0.3,931,102327.5,283.09999999999997,0.0045208752652005,0.09999999999999999,301.274
2014-05-11 18:00:00,0.0,7.449999999999999,1023.35,73.8,0.5,94,102335.0,280.59999999999997,0.00463335328237615,0.16666666666666666,301.155
2014-05-11 19:00:00,0.0,6.25,1023.825,88.4,0.3,9,102382.5,279.4,0.005108723706254602,0.09999999999999999,257.605
2014-05-11 20:00:00,0.0,6.6,1024.1,92.2,0.5,0,102409.99999999999,279.75,0.00545688706573627,0.16666666666666666,257.523
2014-05-11 21:00:00,0.0,7.425,1024.225,71.3,0.7,0,102422.49999999999,280.575,0.004464939037888098,0.2333333333333333,257.525
2014-05-11 22:00:00,0.0,5.825,1024.5500000000002,64.2,1.0,0,102455.00000000001,278.97499999999997,0.003600261237891796,0.3333333333333333,221.637
2014-05-11 23:00:00,0.0,5.325,1025.225,68.6,0.8,0,102522.49999999999,278.47499999999997,0.003713444163196126,0.26666666666666666,221.617
2014-05-12 00:00:00,0.0,4.85,1025.35,72.2,0.5,0,102534.99999999999,278.0,0.003780712890742464,0.16666666666666666,221.562
2014-05-12 01:00:00,0.0,4.275,1025.375,71.9,0.6,0,102537.5,277.42499999999995,0.0036165454415190857,0.19999999999999998,207.839
2014-05-12 02:00:00,0.0,4.050000000000001,1024.875,77.3,0.4,0,102487.5,277.2,0.0038291445210605797,0.13333333333333333,207.86
2014-05-12 03:00:00,0.0,4.725,1024.8,73.4,0.5,0,102480.0,277.875,0.0038122082621218343,0.16666666666666666,207.86
2014-05-12 04:00:00,0.0,4.475,1024.825,68.0,0.7,0,102482.5,277.625,0.00347047958878489,0.2333333333333333,204.581
2014-05-12 05:00:00,0.0,4.725,1025.1999999999998,67.6,1.0,1,102519.99999999999,277.875,0.0035096012292240714,0.3333333333333333,204.64
2014-05-12 06:00:00,0.0,7.074999999999999,1025.525,63.2,1.0,211,102552.50000000001,280.22499999999997,0.0038591393192871043,0.3333333333333333,204.66
2014-05-12 07:00:00,0.0,9.6,1025.575,47.0,0.7,866,102557.5,282.75,0.0034060134700297767,0.2333333333333333,223.695
2014-05-12 08:00:00,0.0,10.875,1025.775,38.2,0.9,1914,102577.50000000001,284.025,0.003013924992106044,0.3,223.695
2014-05-12 09:00:00,0.2,12.65,1025.575,34.3,1.1,2644,102557.5,285.79999999999995,0.003043347797842885,0.3666666666666667,223.78
2014-05-12 10:00:00,0.2,14.2,1025.75,32.3,1.0,3395,102575.0,287.34999999999997,0.0031700307666804434,0.3333333333333333,241.254
2014-05-12 11:00:00,0.0,15.55,1025.9,29.9,0.9,3463,102590.00000000001,288.7,0.003200787074975979,0.3,241.254
2014-05-12 12:00:00,0.0,16.5,1025.975,26.7,0.8,3339,102597.49999999999,289.65,0.0030368373571954587,0.26666666666666666,241.378
2014-05-12 13:00:00,0.0,17.2,1025.9,24.0,0.9,3176,102590.00000000001,290.34999999999997,0.0028539796392041167,0.3,279.704
2014-05-12 14:00:00,0.0,17.275,1025.725,23.5,0.9,2721,102572.49999999999,290.42499999999995,0.002808297001740994,0.3,279.704
2014-05-12 15:00:00,0.0,17.25,1025.65,27.3,0.8,2371,102565.00000000001,290.4,0.003257485994251853,0.26666666666666666,279.646
2014-05-12 16:00:00,0.0,16.5,1025.5,26.9,0.9,1790,102550.0,289.65,0.003061002367824871,0.3,309.759
2014-05-12 17:00:00,0.0,15.45,1025.4499999999998,26.8,0.8,847,102544.99999999999,288.59999999999997,0.0028518410808650338,0.26666666666666666,309.745
2014-05-12 18:00:00,0.0,13.325,1025.075,29.7,0.9,96,102507.5,286.47499999999997,0.0027554896404775155,0.3,309.681
2014-05-12 19:00:00,0.0,11.375,1025.65,37.1,0.7,5,102565.00000000001,284.525,0.003026263326382268,0.2333333333333333,280.255
2014-05-12 20:00:00,0.0,10.65,1026.25,43.8,0.7,0,102625.0,283.79999999999995,0.0034028183603341724,0.2333333333333333,280.111
2014-05-12 21:00:00,0.0,10.1,1026.45,39.6,0.5,0,102645.0,283.25,0.0029650329907656833,0.16666666666666666,280.111
2014-05-12 22:00:00,0.0,8.7,1026.05,43.4,0.7,0,102605.0,281.84999999999997,0.0029586289436652046,0.2333333333333333,285.71
2014-05-12 23:00:00,0.0,8.375,1026.475,50.4,0.5,0,102647.49999999999,281.525,0.0033596274668092493,0.16666666666666666,285.71
2014-05-13 00:00:00,0.0,7.75,1026.7,50.2,0.5,0,102670.0,280.9,0.0032063752333561825,0.16666666666666666,285.71
2014-05-13 01:00:00,0.0,8.525,1026.325,52.7,0.7,0,102632.5,281.67499999999995,0.0035493611885408787,0.2333333333333333,286.132
2014-05-13 02:00:00,0.0,8.7,1026.8,48.4,0.7,0,102680.0,281.84999999999997,0.003297074787809917,0.2333333333333333,286.132
2014-05-13 03:00:00,0.0,8.875,1026.575,48.7,0.9,0,102657.5,282.025,0.003357725950856054,0.3,286.132
2014-05-13 04:00:00,0.0,9.5,1026.55,45.6,0.9,0,102655.0,282.65,0.003279310331679289,0.3,291.128
2014-05-13 05:00:00,0.0,9.6,1026.975,42.6,0.7,65,102697.49999999999,282.75,0.003082944144858373,0.2333333333333333,291.128
2014-05-13 06:00:00,0.0,12.225,1027.4,40.6,0.6,381,102740.00000000001,285.375,0.003496934490085569,0.19999999999999998,291.128
2014-05-13 07:00:00,0.5,13.65,1027.225,35.4,0.5,752,102722.49999999999,286.79999999999995,0.0033475821364844093,0.16666666666666666,307.331
2014-05-13 08:00:00,0.3,16.35,1027.25,30.5,0.7,1928,102725.0,289.5,0.003431800325890832,0.2333333333333333,307.331
2014-05-13 09:00:00,0.1,18.175,1027.5,24.0,1.0,2977,102750.0,291.325,0.0030302665242725245,0.3333333333333333,307.331
2014-05-13 10:00:00,0.0,19.625,1027.475,23.1,0.9,3433,102747.49999999999,292.775,0.0031933302260965784,0.3,314.037
2014-05-13 11:00:00,0.0,20.95,1027.75,22.3,1.3,3696,102775.0,294.09999999999997,0.003345048859312453,0.43333333333333335,314.037
2014-05-13 12:00:00,0.0,22.45,1027.65,16.1,1.0,3720,102765.00000000001,295.59999999999997,0.0026473985948261606,0.3333333333333333,314.058
2014-05-13 13:00:00,0.0,22.95,1027.6,16.8,1.1,3540,102759.99999999999,296.09999999999997,0.0028477947682939916,0.3666666666666667,312.083
2014-05-13 14:00:00,0.0,23.425,1027.4,17.3,0.9,3168,102740.00000000001,296.575,0.0030186298857266744,0.3,312.076
2014-05-13 15:00:00,0.0,23.075,1026.85,17.3,0.8,2652,102684.99999999999,296.22499999999997,0.0029569982911568193,0.26666666666666666,312.076
2014-05-13 16:00:00,0.0,22.225,1027.05,18.3,0.8,1980,102705.0,295.375,0.0029699479058753067,0.26666666666666666,304.745
2014-05-13 17:00:00,0.0,20.65,1027.0749999999998,20.6,0.9,965,102707.49999999999,293.79999999999995,0.0030354642053655677,0.3,304.745
2014-05-13 18:00:00,0.0,18.700000000000003,1026.8,26.6,0.7,129,102680.0,291.84999999999997,0.003473325519162949,0.2333333333333333,304.67
2014-05-13 19:00:00,0.0,16.925,1027.125,29.3,1.1,11,102712.5,290.075,0.003419953079956853,0.3666666666666667,297.015
2014-05-13 20:00:00,0.0,15.375,1027.425,33.8,0.8,0,102742.5,288.525,0.0035725718142034712,0.26666666666666666,296.94
2014-05-13 21:00:00,0.0,15.0,1027.45,33.9,0.8,0,102745.0,288.15,0.0034976963360550607,0.26666666666666666,296.877
2014-05-13 22:00:00,0.0,15.4,1027.525,34.9,0.9,0,102752.50000000001,288.54999999999995,0.0036944044096236433,0.3,282.16
2014-05-13 23:00:00,0.0,14.35,1027.35,34.5,0.6,0,102734.99999999999,287.5,0.003413668725508146,0.19999999999999998,282.18
2014-05-14 00:00:00,0.2,13.375,1027.325,35.1,0.4,0,102732.5,286.525,0.00325996888328173,0.13333333333333333,282.18
2014-05-14 01:00:00,0.1,13.25,1027.0500000000002,40.0,0.6,0,102705.00000000001,286.4,0.003685878502258451,0.19999999999999998,225.559
2014-05-14 02:00:00,0.0,11.875,1027.125,40.1,0.7,0,102712.5,285.025,0.0033760388432932664,0.2333333333333333,225.559
2014-05-14 03:00:00,0.0,11.925,1027.225,42.4,0.4,0,102722.49999999999,285.075,0.0035811209119122125,0.13333333333333333,225.559
2014-05-14 04:00:00,0.0,11.525,1026.65,42.1,0.6,0,102665.00000000001,284.67499999999995,0.0034650052406141546,0.19999999999999998,224.795
2014-05-14 05:00:00,0.0,12.6,1026.7,42.3,0.7,55,102670.0,285.75,0.0037367793047683607,0.2333333333333333,224.85
2014-05-14 06:00:00,0.0,15.6,1026.725,40.7,0.7,228,102672.49999999999,288.75,0.004367399269740575,0.2333333333333333,224.87
2014-05-14 07:00:00,0.6000000000000001,19.325,1026.9,32.8,0.4,870,102690.00000000001,292.47499999999997,0.004452897507503882,0.13333333333333333,250.432
2014-05-14 08:00:00,0.0,20.725,1027.025,24.5,0.6,1958,102702.50000000001,293.875,0.0036270462189332067,0.19999999999999998,250.426
2014-05-14 09:00:00,0.0,21.575000000000003,1027.0,22.5,0.9,3011,102700.0,294.72499999999997,0.003509600168854866,0.3,250.57
2014-05-14 10:00:00,0.0,22.9,1026.475,21.7,1.0,3442,102647.49999999999,296.04999999999995,0.0036712892658254622,0.3333333333333333,297.127
2014-05-14 11:00:00,0.0,24.425,1026.375,20.8,1.1,3713,102637.5,297.575,0.0038582402504642095,0.3666666666666667,297.127
2014-05-14 12:00:00,0.0,25.4,1025.9,17.1,1.0,3759,102590.00000000001,298.54999999999995,0.0033636548266610597,0.3333333333333333,297.182
2014-05-14 13:00:00,0.0,26.075,1025.65,14.4,1.1,3579,102565.00000000001,299.22499999999997,0.002949061351224109,0.3666666666666667,323.844
2014-05-14 14:00:00,0.0,26.4,1025.2,14.4,1.1,3212,102520.0,299.54999999999995,0.0030076078348830644,0.3666666666666667,323.85
2014-05-14 15:00:00,0.0,27.125,1024.625,14.3,0.8,2674,102462.5,300.275,0.00311878885045512,0.26666666666666666,323.83
2014-05-14 16:00:00,0.0,25.700000000000003,1024.075,14.4,0.5,1958,102407.5,298.84999999999997,0.002888652141985953,0.16666666666666666,322.53
2014-05-14 17:00:00,0.0,23.275,1023.35,18.9,0.5,938,102335.0,296.42499999999995,0.003280988740911091,0.16666666666666666,322.446
2014-05-14 18:00:00,0.0,21.375,1023.7,25.9,1.0,137,102370.0,294.525,0.004003592153137901,0.3333333333333333,322.385
2014-05-14 19:00:00,0.0,20.15,1023.75,29.8,0.5,11,102375.0,293.29999999999995,0.004271365757947232,0.16666666666666666,322.956
2014-05-14 20:00:00,0.0,18.325,1024.175,28.6,0.7,0,102417.5,291.47499999999997,0.0036570791291952124,0.2333333333333333,322.956
2014-05-14 21:00:00,0.0,16.075,1024.475,33.6,0.7,0,102447.49999999999,289.22499999999997,0.0037249271090601193,0.2333333333333333,323.017
2014-05-14 22:00:00,0.0,15.575,1024.425,38.7,0.6,0,102442.5,288.72499999999997,0.004155444528598361,0.19999999999999998,330.646
2014-05-14 23:00:00,0.0,15.075,1024.125,38.8,0.6,0,102412.5,288.22499999999997,0.004035696954272236,0.19999999999999998,330.774
2014-05-15 00:00:00,0.0,15.15,1023.85,43.0,0.6,0,102385.0,288.29999999999995,0.004495390084303552,0.19999999999999998,330.834
2014-05-15 01:00:00,0.0,15.525,1023.325,43.6,0.8,0,102332.5,288.67499999999995,0.004671618078380767,0.26666666666666666,329.581
2014-05-15 02:00:00,0.0,15.375,1023.125,44.0,0.9,0,102312.5,288.525,0.004670231148280397,0.3,329.581
2014-05-15 03:00:00,0.0,15.25,1022.875,45.4,0.8,0,102287.5,288.4,0.0047814610837487986,0.26666666666666666,329.581
2014-05-15 04:00:00,0.0,15.125,1022.625,43.5,0.6,0,102262.5,288.275,0.0045457940689288545,0.19999999999999998,321.75
2014-05-15 05:00:00,0.0,15.7,1022.475,42.1,0.8,63,102247.5,288.84999999999997,0.004565563723520734,0.26666666666666666,321.75
2014-05-15 06:00:00,0.0,18.7,1022.225,42.6,0.6,331,102222.5,291.84999999999997,0.00558743921587307,0.19999999999999998,321.75
2014-05-15 07:00:00,0.0,21.275,1022.05,35.3,0.3,899,102205.0,294.42499999999995,0.005432014447319444,0.09999999999999999,322.963
2014-05-15 08:00:00,0.0,22.15,1021.825,27.9,0.4,1637,102182.5,295.29999999999995,0.0045303489007327636,0.13333333333333333,323.038
2014-05-15 09:00:00,0.0,20.9,1022.125,29.1,0.6,2352,102212.5,294.04999999999995,0.00437560213166692,0.19999999999999998,323.038
2014-05-15 10:00:00,0.0,21.075,1022.3,34.4,0.7,2698,102230.0,294.22499999999997,0.005227614607637771,0.2333333333333333,315.503
2014-05-15 11:00:00,0.0,21.925,1021.975,36.2,0.6,2723,102197.5,295.075,0.005797082260103636,0.19999999999999998,315.497
2014-05-15 12:00:00,0.0,22.675,1021.65,35.3,0.8,2794,102165.0,295.825,0.005919030096081365,0.26666666666666666,315.497
2014-05-15 13:00:00,0.0,22.325,1021.725,34.9,0.8,2555,102172.5,295.47499999999997,0.005728305047747189,0.26666666666666666,333.568
2014-05-15 14:00:00,0.0,21.975,1021.825,36.0,1.1,2587,102182.5,295.125,0.0057835312012442545,0.3666666666666667,333.588
2014-05-15 15:00:00,0.0,21.425,1021.65,37.8,1.0,2070,102165.0,294.575,0.005872782031969823,0.3333333333333333,333.588
2014-05-15 16:00:00,0.0,20.25,1021.425,38.0,1.0,1347,102142.5,293.4,0.005492988923251478,0.3333333333333333,301.584
2014-05-15 17:00:00,0.0,18.6,1021.55,37.6,0.9,734,102155.0,291.75,0.004904094824784558,0.3,301.584
2014-05-15 18:00:00,0.0,16.05,1021.7,40.7,0.9,221,102170.0,289.2,0.004517077009085751,0.3,301.584
2014-05-15 19:00:00,0.0,13.925,1021.875,46.6,0.8,19,102187.5,287.075,0.004509666713581997,0.26666666666666666,277.345
2014-05-15 20:00:00,0.0,12.475,1021.925,54.3,0.4,0,102192.5,285.625,0.004779895401931267,0.13333333333333333,277.345
2014-05-15 21:00:00,0.0,11.9,1021.725,60.8,0.5,0,102172.5,285.04999999999995,0.005154329340043499,0.16666666666666666,277.267
2014-05-15 22:00:00,0.0,11.075,1021.875,62.9,0.3,0,102187.5,284.22499999999997,0.005048300195102982,0.09999999999999999,313.996
2014-05-15 23:00:00,0.0,9.75,1022.15,64.4,0.2,0,102215.0,282.9,0.004729988258995317,0.06666666666666667,313.996
2014-05-16 00:00:00,0.0,9.05,1021.625,67.6,0.5,0,102162.5,282.2,0.004739065450192003,0.16666666666666666,313.996
2014-05-16 01:00:00,0.0,8.125,1021.3,69.6,0.4,0,102130.0,281.275,0.004584520964846758,0.13333333333333333,285.49
2014-05-16 02:00:00,0.0,7.7,1020.85,71.0,0.4,0,102085.0,280.84999999999997,0.004545380628439944,0.13333333333333333,285.495
2014-05-16 03:00:00,0.0,7.325,1020.325,69.5,0.6,0,102032.5,280.47499999999997,0.004339090294751467,0.19999999999999998,285.431
2014-05-16 04:00:00,0.0,7.075,1020.85,67.1,0.5,0,102085.0,280.22499999999997,0.0041160459849269165,0.16666666666666666,272.276
2014-05-16 05:00:00,0.0,6.975,1020.875,69.3,0.3,46,102087.5,280.125,0.0042218522516662355,0.09999999999999999,272.297
2014-05-16 06:00:00,0.0,8.55,1020.55,75.1,0.4,302,102055.0,281.7,0.005095250598834965,0.13333333333333333,272.351
2014-05-16 07:00:00,0.0,11.2,1020.625,70.9,0.2,944,102062.5,284.34999999999997,0.005744796879379012,0.06666666666666667,293.405
2014-05-16 08:00:00,0.0,11.15,1020.725,57.4,0.6,1582,102072.5,284.29999999999995,0.004635080404311046,0.19999999999999998,293.543
2014-05-16 09:00:00,0.1,12.975,1020.775,58.4,0.7,2826,102077.5,286.125,0.005318042412285846,0.2333333333333333,293.548
2014-05-16 10:00:00,0.0,13.65,1020.95,47.4,0.7,2986,102095.0,286.79999999999995,0.004509905359861172,0.2333333333333333,321.299
2014-05-16 11:00:00,0.0,14.375,1020.575,44.3,1.1,3521,102057.5,287.525,0.004419590833771328,0.3666666666666667,321.299
2014-05-16 12:00:00,0.0,14.75,1020.85,45.2,1.2,3826,102085.0,287.9,0.004618722218169247,0.39999999999999997,321.299
2014-05-16 13:00:00,0.0,14.875,1020.45,37.7,1.3,3678,102045.0,288.025,0.0038850403521472087,0.43333333333333335,332.012
2014-05-16 14:00:00,0.0,14.875,1020.7,33.9,1.3,3272,102070.0,288.025,0.003492589123632016,0.43333333333333335,332.018
2014-05-16 15:00:00,0.0,14.475,1020.45,35.4,1.3,2651,102045.0,287.625,0.0035550333086760144,0.43333333333333335,332.018
2014-05-16 16:00:00,0.0,13.6,1020.225,39.6,1.0,1944,102022.5,286.75,0.0037581974403161733,0.3333333333333333,287.213
2014-05-16 17:00:00,0.0,12.375,1020.25,42.5,0.9,1034,102025.0,285.525,0.003722776485742336,0.3,287.267
2014-05-16 18:00:00,0.0,10.2,1020.35,55.8,0.7,110,102035.0,283.34999999999997,0.004231180289943517,0.2333333333333333,287.143
2014-05-16 19:00:00,0.0,8.325,1020.45,72.4,0.6,4,102045.0,281.47499999999997,0.004838188542576639,0.19999999999999998,280.59
2014-05-16 20:00:00,0.0,6.95,1020.675,81.6,0.2,0,102067.5,280.09999999999997,0.004963640938195514,0.06666666666666667,280.59
2014-05-16 21:00:00,0.0,6.275,1020.1,88.3,0.5,0,102010.0,279.42499999999995,0.005130417457445596,0.16666666666666666,280.532
2014-05-16 22:00:00,0.0,6.125,1019.9,91.2,0.4,0,101990.0,279.275,0.005245374930175035,0.13333333333333333,283.334
2014-05-16 23:00:00,0.0,5.85,1019.575,92.9,0.4,0,101957.5,279.0,0.005244210352240584,0.13333333333333333,283.334
2014-05-17 00:00:00,0.0,6.2,1019.15,94.1,0.4,0,101915.0,279.34999999999997,0.005444264405495175,0.13333333333333333,283.334
2014-05-17 01:00:00,0.0,6.675,1018.875,93.9,0.2,0,101887.5,279.825,0.0056148863542379735,0.06666666666666667,310.543
2014-05-17 02:00:00,0.0,6.300000000000001,1019.025,94.1,0.1,0,101902.5,279.45,0.005482621332967167,0.03333333333333333,310.543
2014-05-17 03:00:00,0.0,5.9,1018.925,96.4,0.4,0,101892.5,279.04999999999995,0.0054641269125471304,0.13333333333333333,310.543
2014-05-17 04:00:00,0.0,5.625,1018.525,98.2,0.2,0,101852.5,278.775,0.005463300934247824,0.06666666666666667,284.461
2014-05-17 05:00:00,0.0,5.3,1017.75,99.0,0.2,82,101775.0,278.45,0.005389040607899468,0.06666666666666667,284.519
2014-05-17 06:00:00,0.0,6.2,1017.5,99.4,0.2,270,101750.0,279.34999999999997,0.005760227826476874,0.06666666666666667,284.519
2014-05-17 07:00:00,0.0,7.0,1017.775,98.1,0.3,638,101777.5,280.15,0.006004877228171447,0.09999999999999999,297.359
2014-05-17 08:00:00,0.0,7.899999999999999,1017.7,93.8,0.6,1275,101770.0,281.04999999999995,0.006106252629575852,0.19999999999999998,297.416
2014-05-17 09:00:00,0.0,10.6,1017.375,82.0,0.8,2890,101737.5,283.75,0.006404774781478002,0.26666666666666666,297.48
2014-05-17 10:00:00,0.0,11.7,1017.2,58.2,1.2,3435,101720.0,284.84999999999997,0.004890861482990223,0.39999999999999997,313.999
2014-05-17 11:00:00,0.0,13.0,1017.05,53.0,1.6,3986,101705.0,286.15,0.004851909068432249,0.5333333333333333,314.123
2014-05-17 12:00:00,0.0,13.75,1016.575,50.7,1.4,4126,101657.5,286.9,0.004876259737989878,0.4666666666666666,314.118
2014-05-17 13:00:00,0.0,14.625,1015.85,47.6,1.3,4034,101585.0,287.775,0.004848626682378607,0.43333333333333335,309.995
2014-05-17 14:00:00,0.0,14.675,1015.425,42.6,1.5,3197,101542.5,287.825,0.004355170069941281,0.5,310.078
2014-05-17 15:00:00,0.0,13.15,1015.075,40.1,1.2,1319,101507.5,286.29999999999995,0.003714352362903796,0.39999999999999997,310.078
2014-05-17 16:00:00,0.0,11.9,1014.9,54.1,0.9,656,101490.0,285.04999999999995,0.0046171780040248425,0.3,260.564
2014-05-17 17:00:00,0.0,12.025,1014.4,58.2,0.6,1127,101440.0,285.17499999999995,0.005010666105088422,0.19999999999999998,260.564
2014-05-17 18:00:00,0.0,10.15,1013.925,61.7,0.6,176,101392.5,283.29999999999995,0.0046924963210722755,0.19999999999999998,260.489
2014-05-17 19:00:00,0.0,8.875,1013.825,73.9,0.6,3,101382.5,282.025,0.005159271846601716,0.19999999999999998,236.589
2014-05-17 20:00:00,0.0,8.025,1014.1,82.0,0.6,0,101410.0,281.17499999999995,0.0054027971140848275,0.19999999999999998,236.514
2014-05-17 21:00:00,0.0,7.525,1013.825,85.3,0.5,0,101382.5,280.67499999999995,0.005433429173822109,0.16666666666666666,236.45
2014-05-17 22:00:00,0.0,6.625,1013.775,88.0,0.6,0,101377.5,279.775,0.005270408520887545,0.19999999999999998,227.285
2014-05-17 23:00:00,0.0,5.775,1013.675,83.4,0.8,0,101367.5,278.92499999999995,0.0047108162064753946,0.26666666666666666,227.285
2014-05-18 00:00:00,0.0,4.55,1013.65,82.9,0.9,0,101365.0,277.7,0.004300066973527775,0.3,227.265
2014-05-18 01:00:00,4.4,3.25,1013.8,94.8,0.9,0,101380.0,276.4,0.004487206668518965,0.3,220.961
2014-05-18 02:00:00,2.3,2.65,1013.575,98.0,0.8,0,101357.5,275.79999999999995,0.004446629619982582,0.26666666666666666,220.961
2014-05-18 03:00:00,1.5,2.35,1013.3,99.1,0.6,0,101330.0,275.5,0.004402840672745999,0.19999999999999998,220.961
2014-05-18 04:00:00,1.4,2.525,1013.025,99.4,0.6,0,101302.5,275.67499999999995,0.00447270219045454,0.19999999999999998,217.48
2014-05-18 05:00:00,0.0,2.95,1013.0,99.9,0.6,12,101300.0,276.09999999999997,0.004632950652938136,0.19999999999999998,217.535
2014-05-18 06:00:00,2.5,3.275,1013.475,100.0,0.7,129,101347.5,276.42499999999995,0.00474322983754362,0.2333333333333333,217.598
2014-05-18 07:00:00,2.3,3.6,1013.3,99.9,0.8,345,101330.0,276.75,0.004849243202972726,0.26666666666666666,241.575
2014-05-18 08:00:00,0.2,4.2,1013.55,99.7,0.7,533,101355.0,277.34999999999997,0.005046778669365938,0.2333333333333333,241.634
2014-05-18 09:00:00,0.8999999999999999,4.675,1013.675,99.8,0.8,545,101367.5,277.825,0.005221975470405391,0.26666666666666666,241.778
2014-05-18 10:00:00,1.8,5.1,1014.1,99.3,0.9,974,101410.0,278.25,0.005349874490796476,0.3,262.711
2014-05-18 11:00:00,1.2,5.125,1014.1,97.1,0.8,963,101410.0,278.275,0.0052404597193583926,0.26666666666666666,262.732
2014-05-18 12:00:00,1.3,4.775,1014.675,97.2,0.9,582,101467.5,277.92499999999995,0.005116524076954378,0.3,262.85
2014-05-18 13:00:00,0.2,4.825,1014.425,98.0,1.0,1277,101442.5,277.97499999999997,0.005177943189847911,0.3333333333333333,266.487
2014-05-18 14:00:00,0.0,5.675,1014.375,96.3,0.9,867,101437.5,278.825,0.005398190271934365,0.3,266.487
2014-05-18 15:00:00,3.5,5.225,1014.7,96.0,0.8,591,101470.0,278.375,0.005214182673502511,0.26666666666666666,266.487
2014-05-18 16:00:00,2.3,4.25,1015.0,95.9,0.9,406,101500.0,277.4,0.0048645124402043405,0.3,257.499
2014-05-18 17:00:00,0.8,3.725,1014.675,98.4,0.8,179,101467.5,276.875,0.004812139295464987,0.26666666666666666,257.441
2014-05-18 18:00:00,0.1,3.65,1014.75,99.0,0.7,117,101475.0,276.79999999999995,0.0048156235719146664,0.2333333333333333,257.42
2014-05-18 19:00:00,1.8,3.6,1014.475,99.5,0.4,0,101447.5,276.75,0.0048242327414621325,0.13333333333333333,266.278
2014-05-18 20:00:00,2.2,3.425,1014.7,99.8,0.3,0,101470.0,276.575,0.0047783719571504275,0.09999999999999999,266.218
2014-05-18 21:00:00,1.5,3.25,1014.95,99.7,0.4,0,101495.0,276.4,0.004713793273870918,0.13333333333333333,266.203
2014-05-18 22:00:00,2.3,3.0,1015.1,99.9,0.4,0,101510.0,276.15,0.004639767821895857,0.13333333333333333,275.051
2014-05-18 23:00:00,0.7,3.275,1014.875,100.0,0.3,0,101487.5,276.42499999999995,0.004736686645749004,0.09999999999999999,275.051
2014-05-19 00:00:00,0.1,3.3,1014.825,100.0,0.8,0,101482.5,276.45,0.004745293555155985,0.26666666666666666,275.051
2014-05-19 01:00:00,0.0,3.3,1014.8,100.0,0.6,0,101480.0,276.45,0.0047454104573425035,0.19999999999999998,292.722
2014-05-19 02:00:00,0.4,3.3,1014.425,99.8,0.4,0,101442.5,276.45,0.004737670352216231,0.13333333333333333,292.722
2014-05-19 03:00:00,0.2,3.125,1014.55,99.5,0.3,0,101455.0,276.275,0.004664782261965538,0.09999999999999999,292.722
2014-05-19 04:00:00,1.0,2.75,1014.675,99.2,0.5,0,101467.5,275.9,0.004528227851384492,0.16666666666666666,313.272
2014-05-19 05:00:00,0.2,2.675,1014.875,99.2,0.1,52,101487.5,275.825,0.004503299388017478,0.03333333333333333,313.272
2014-05-19 06:00:00,0.1,3.625,1014.925,99.9,0.1,351,101492.5,276.775,0.004850014911452058,0.03333333333333333,313.272
2014-05-19 07:00:00,0.0,4.6,1015.1,98.6,0.3,732,101510.0,277.75,0.005125013138476198,0.09999999999999999,313.885
2014-05-19 08:00:00,0.1,5.125,1015.35,94.4,0.4,1033,101535.0,278.275,0.0050884693285796,0.13333333333333333,313.885
2014-05-19 09:00:00,0.1,6.15,1015.75,91.3,0.5,1494,101575.0,279.29999999999995,0.005281689356902704,0.16666666666666666,313.885
2014-05-19 10:00:00,0.1,6.8,1015.75,85.6,0.5,1551,101575.0,279.95,0.005178611812792541,0.16666666666666666,315.625
2014-05-19 11:00:00,0.2,7.875,1016.075,84.7,0.7,2001,101607.5,281.025,0.0055132810336605605,0.2333333333333333,315.743
2014-05-19 12:00:00,0.2,8.425,1015.8,81.1,0.8,1438,101580.0,281.575,0.005481432053345389,0.26666666666666666,315.763
2014-05-19 13:00:00,0.0,8.875,1016.025,80.6,0.7,1785,101602.5,282.025,0.0056148430023009455,0.2333333333333333,326.192
2014-05-19 14:00:00,0.73,8.5,1015.9,80.6,0.8,739,101590.0,281.65,0.005474859952785001,0.26666666666666666,326.187
2014-05-19 15:00:00,0.18,8.45,1015.9,87.7,0.5,2356,101590.0,281.59999999999997,0.005936985883056613,0.16666666666666666,326.207
2014-05-19 16:00:00,0.0,9.475,1015.95,79.1,0.6,1809,101595.0,282.625,0.005738151806203617,0.19999999999999998,260.523
2014-05-19 17:00:00,0.08,8.425,1015.775,77.2,1.0,655,101577.5,281.575,0.00521796509725726,0.3333333333333333,260.503
2014-05-19 18:00:00,0.03,7.425000000000001,1016.35,87.9,0.1,295,101635.0,280.575,0.005547112317487265,0.03333333333333333,260.503
2014-05-19 19:00:00,0.0,6.15,1016.7,93.3,0.1,29,101670.0,279.29999999999995,0.005392345717716292,0.03333333333333333,262.294
2014-05-19 20:00:00,0.0,5.0,1017.2,96.1,0.4,0,101720.0,278.15,0.005125867717485322,0.13333333333333333,262.28
2014-05-19 21:00:00,0.0,4.625,1017.475,98.3,0.6,0,101747.5,277.775,0.005106408192184722,0.19999999999999998,262.28
2014-05-19 22:00:00,0.1699999999999999,4.3,1017.225,99.1,0.5,0,101722.5,277.45,0.005033444025069058,0.16666666666666666,257.294
2014-05-19 23:00:00,0.16,4.075,1017.425,99.5,0.5,0,101742.5,277.22499999999997,0.004973659805429375,0.16666666666666666,257.273
2014-05-20 00:00:00,0.02,3.775,1017.775,99.6,0.5,0,101777.5,276.92499999999995,0.00487310693734743,0.16666666666666666,257.273
2014-05-20 01:00:00,0.0,3.675,1017.825,99.9,0.5,0,101782.5,276.825,0.004853259101397755,0.16666666666666666,264.401
2014-05-20 02:00:00,0.0,3.575,1017.875,100.0,0.5,0,101787.5,276.72499999999997,0.004823773437788941,0.16666666666666666,264.407
2014-05-20 03:00:00,0.0,3.475,1018.225,100.0,0.5,0,101822.5,276.625,0.004788233955717971,0.16666666666666666,264.407
2014-05-20 04:00:00,0.02,3.525,1018.325,100.0,0.5,0,101832.5,276.67499999999995,0.004804676344570969,0.16666666666666666,261.077
2014-05-20 05:00:00,0.02,3.7,1018.55,100.0,0.4,29,101855.0,276.84999999999997,0.004863213118063815,0.13333333333333333,261.077
2014-05-20 06:00:00,0.02,7.175,1018.625,99.8,0.2,321,101862.5,280.325,0.00617747124572126,0.06666666666666667,261.077
2014-05-20 07:00:00,0.0,8.4,1018.975,87.6,0.4,1137,101897.5,281.54999999999995,0.005892313244845881,0.13333333333333333,267.658
2014-05-20 08:00:00,0.07,9.65,1019.125,79.3,0.6,2232,101912.5,282.79999999999995,0.0058025630726452945,0.19999999999999998,267.718
2014-05-20 09:00:00,0.0,11.6,1019.175,75.2,0.6,3066,101917.5,284.75,0.00626566973237377,0.19999999999999998,267.718
2014-05-20 10:00:00,0.0,13.125,1019.45,71.1,0.7,3576,101945.0,286.275,0.006546832767189782,0.2333333333333333,268.459
2014-05-20 11:00:00,0.0,13.375,1019.2,65.4,0.9,2701,101920.0,286.525,0.006122552648950358,0.3,268.459
2014-05-20 12:00:00,0.0,13.725,1019.25,64.9,0.9,2655,101925.0,286.875,0.00621550320804055,0.3,268.459
2014-05-20 13:00:00,0.0,13.975,1019.225,64.0,1.1,2091,101922.5,287.125,0.006229824853356132,0.3666666666666667,293.567
2014-05-20 14:00:00,0.0,14.025,1019.375,65.1,1.1,2192,101937.5,287.17499999999995,0.0063565580865988115,0.3666666666666667,293.567
2014-05-20 15:00:00,0.0,13.6,1019.175,65.3,1.3,2253,101917.5,286.75,0.006203614282635287,0.43333333333333335,293.567
2014-05-20 16:00:00,0.0,13.525,1019.025,68.7,1.6,2166,101902.5,286.67499999999995,0.006495782083223855,0.5333333333333333,254.608
2014-05-20 17:00:00,0.0,11.85,1019.575,69.0,1.3,805,101957.5,285.0,0.005842515743610113,0.43333333333333335,254.48
2014-05-20 18:00:00,0.0,11.125,1019.675,74.3,1.5,292,101967.5,284.275,0.005995987311374505,0.5,254.506
2014-05-20 19:00:00,0.0,10.25,1019.875,76.7,0.7,32,101987.5,283.4,0.005838163307424917,0.2333333333333333,220.646
2014-05-20 20:00:00,0.0,9.625,1020.175,80.1,0.6,0,102017.5,282.775,0.00584524803816178,0.19999999999999998,220.646
2014-05-20 21:00:00,0.0,8.25,1020.6,85.0,0.2,0,102060.0,281.4,0.005650523701718264,0.06666666666666667,220.588
2014-05-20 22:00:00,0.0,7.175000000000001,1020.775,91.1,0.1,0,102077.5,280.325,0.005627077206535171,0.03333333333333333,209.84
2014-05-20 23:00:00,0.0,6.35,1020.475,95.8,0.4,0,102047.5,279.5,0.005592984212396306,0.13333333333333333,209.84
2014-05-21 00:00:00,0.0,6.05,1020.725,97.7,0.3,0,102072.5,279.2,0.005585670918253615,0.09999999999999999,209.84
2014-05-21 01:00:00,0.0,5.6,1020.4,98.2,0.3,0,102040.0,278.75,0.005443817852834741,0.09999999999999999,209.432
2014-05-21 02:00:00,0.0,5.575,1020.025,98.5,0.4,0,102002.5,278.72499999999997,0.00545299412387998,0.13333333333333333,209.432
2014-05-21 03:00:00,0.0,5.975,1020.225,98.8,0.3,0,102022.5,279.125,0.00562211089785419,0.09999999999999999,209.432
2014-05-21 04:00:00,0.0,6.05,1020.325,99.3,0.3,0,102032.5,279.2,0.0056793711923859725,0.09999999999999999,212.271
2014-05-21 05:00:00,0.0,5.825,1020.275,99.5,0.1,95,102027.5,278.97499999999997,0.005603223938426639,0.03333333333333333,212.409
2014-05-21 06:00:00,0.0,7.75,1020.65,99.6,0.1,493,102065.0,280.9,0.006399362156095054,0.03333333333333333,212.404
2014-05-21 07:00:00,0.0,9.05,1020.275,90.2,0.5,1237,102027.5,282.2,0.00633179455472002,0.16666666666666666,229.178
2014-05-21 08:00:00,0.0,10.75,1020.3,82.3,0.7,2322,102030.0,283.9,0.006474132432455564,0.2333333333333333,229.193
2014-05-21 09:00:00,0.0,12.525,1020.55,75.8,0.8,3061,102055.0,285.67499999999995,0.0067034464730242405,0.26666666666666666,229.253
2014-05-21 10:00:00,0.0,14.1,1020.5,71.6,0.8,3497,102050.0,287.25,0.0070175839386962,0.26666666666666666,248.344
2014-05-21 11:00:00,0.0,15.425,1020.275,66.1,0.9,3738,102027.5,288.575,0.0070581761330263905,0.3,248.344
2014-05-21 12:00:00,0.0,16.849999999999998,1020.175,61.0,1.1,3809,102017.5,290.0,0.007134507257071185,0.3666666666666667,248.338
2014-05-21 13:00:00,0.0,17.725,1020.05,54.7,1.0,3556,102005.0,290.875,0.006762633626466561,0.3333333333333333,256.707
2014-05-21 14:00:00,0.0,16.9,1020.325,53.3,1.5,3240,102032.5,290.04999999999995,0.006252815874949605,0.5,256.771
2014-05-21 15:00:00,0.0,16.575000000000003,1020.025,59.3,1.3,2700,102002.5,289.72499999999997,0.00681653230330906,0.43333333333333335,256.832
2014-05-21 16:00:00,0.0,16.025,1020.225,60.5,1.3,2077,102022.5,289.17499999999995,0.006713552215482042,0.43333333333333335,256.458
2014-05-21 17:00:00,0.0,14.05,1020.525,64.2,1.1,1204,102052.5,287.2,0.006271778673839402,0.3666666666666667,256.458
2014-05-21 18:00:00,0.0,12.2,1020.625,75.4,1.2,218,102062.5,285.34999999999997,0.006526671348880636,0.39999999999999997,256.374
2014-05-21 19:00:00,0.0,10.25,1020.675,82.1,0.3,10,102067.5,283.4,0.006244296274133782,0.09999999999999999,230.894
2014-05-21 20:00:00,0.0,8.875,1021.125,87.7,0.3,0,102112.5,282.025,0.006078937161470199,0.09999999999999999,230.893
2014-05-21 21:00:00,0.0,8.15,1021.35,90.4,0.4,0,102135.0,281.29999999999995,0.005964439565160268,0.13333333333333333,230.808
2014-05-21 22:00:00,0.0,7.95,1021.175,87.5,0.5,0,102117.5,281.09999999999997,0.005696099645002953,0.16666666666666666,225.731
2014-05-21 23:00:00,0.0,7.6,1020.775,84.1,0.5,0,102077.5,280.75,0.0053478269450359,0.16666666666666666,225.736
2014-05-22 00:00:00,0.0,7.25,1020.875,88.0,0.4,0,102087.5,280.4,0.00546303819338895,0.13333333333333333,225.736
2014-05-22 01:00:00,0.0,7.025,1020.375,88.8,0.4,0,102037.5,280.17499999999995,0.005431058130300977,0.13333333333333333,222.867
2014-05-22 02:00:00,0.0,7.125,1020.125,86.2,0.5,0,102012.5,280.275,0.005309593198134806,0.16666666666666666,222.867
2014-05-22 03:00:00,0.0,7.0,1019.625,86.5,0.6,0,101962.5,280.15,0.0052852135071249145,0.19999999999999998,222.803
2014-05-22 04:00:00,0.0,8.325,1019.1,83.2,0.5,0,101910.0,281.47499999999997,0.005567272474958377,0.16666666666666666,221.714
2014-05-22 05:00:00,0.0,8.875,1019.5,74.3,0.8,116,101950.0,282.025,0.005158323242709746,0.26666666666666666,221.769
2014-05-22 06:00:00,0.0,12.075,1019.95,74.8,0.3,383,101995.0,285.22499999999997,0.006425916834466416,0.09999999999999999,221.977
2014-05-22 07:00:00,0.0,15.125,1019.95,62.2,0.3,1315,101995.0,288.275,0.006517010320783735,0.09999999999999999,242.842
2014-05-22 08:00:00,0.0,17.2,1019.725,49.3,0.4,2188,101972.5,290.34999999999997,0.005898050830480174,0.13333333333333333,242.784
2014-05-22 09:00:00,0.0,16.775,1020.05,43.8,0.8,1844,102005.0,289.92499999999995,0.005099097111183573,0.26666666666666666,242.867
2014-05-22 10:00:00,0.0,18.7,1020.425,52.1,0.7,2876,102042.5,291.84999999999997,0.006845518425419693,0.2333333333333333,262.93
2014-05-22 11:00:00,0.0,20.7,1020.3,41.1,0.8,3682,102030.0,293.84999999999997,0.006115229499031459,0.26666666666666666,263.011
2014-05-22 12:00:00,0.0,21.75,1020.125,32.8,1.0,3712,102012.5,294.9,0.0052061524996493145,0.3333333333333333,263.011
2014-05-22 13:00:00,0.0,21.725,1019.875,34.9,1.0,3570,101987.5,294.875,0.005532365697401819,0.3333333333333333,276.138
2014-05-22 14:00:00,0.0,22.25,1019.65,37.1,1.3,3204,101965.0,295.4,0.00607398411680697,0.43333333333333335,276.138
2014-05-22 15:00:00,0.0,21.4,1019.6,37.2,1.1,2500,101960.0,294.54999999999995,0.0057823139923320315,0.3666666666666667,276.138
2014-05-22 16:00:00,0.0,20.65,1019.35,43.5,1.2,1837,101935.0,293.79999999999995,0.006458415525816902,0.39999999999999997,247.103
2014-05-22 17:00:00,0.0,19.4,1019.575,44.0,1.1,1032,101957.5,292.54999999999995,0.0060444775465507364,0.3666666666666667,247.088
2014-05-22 18:00:00,0.0,17.6,1019.4,48.8,0.8,241,101940.0,290.75,0.005989638325936987,0.26666666666666666,247.028
2014-05-22 19:00:00,0.0,14.85,1019.975,58.1,0.5,11,101997.5,288.0,0.00598043363828548,0.16666666666666666,228.598
2014-05-22 20:00:00,0.0,13.375,1020.125,74.3,0.4,0,102012.5,286.525,0.006949436932256656,0.13333333333333333,228.48
2014-05-22 21:00:00,0.0,13.125,1020.4,76.5,0.6,0,102040.0,286.275,0.007037502499435417,0.19999999999999998,228.46
2014-05-22 22:00:00,0.0,12.875,1020.575,80.4,0.4,0,102057.5,286.025,0.0072750881685369004,0.13333333333333333,222.979
2014-05-22 23:00:00,0.0,12.775,1020.225,80.9,0.3,0,102022.5,285.92499999999995,0.00727504432306867,0.09999999999999999,222.924
2014-05-23 00:00:00,0.0,12.35,1020.275,81.5,0.2,0,102027.5,285.5,0.00712707637292941,0.06666666666666667,222.924
2014-05-23 01:00:00,0.0,11.825,1019.975,81.8,0.3,0,101997.5,284.97499999999997,0.006912214891541944,0.09999999999999999,219.329
2014-05-23 02:00:00,0.0,11.225,1019.875,79.4,0.4,0,101987.5,284.375,0.006448938650507893,0.13333333333333333,219.329
2014-05-23 03:00:00,0.0,10.875,1019.55,81.2,0.4,0,101955.0,284.025,0.006445679206916801,0.13333333333333333,219.266
2014-05-23 04:00:00,0.0,10.45,1019.775,83.2,0.3,1,101977.5,283.59999999999997,0.006418689292034454,0.09999999999999999,225.335
2014-05-23 05:00:00,0.0,10.625,1020.075,85.7,0.5,111,102007.5,283.775,0.006687183467532648,0.16666666666666666,225.474
2014-05-23 06:00:00,0.0,12.275,1020.2,85.3,0.3,386,102020.0,285.42499999999995,0.007423234240384729,0.09999999999999999,225.531
2014-05-23 07:00:00,0.0,14.075,1020.6,78.7,0.5,1384,102060.0,287.22499999999997,0.007700212495605409,0.16666666666666666,249.169
2014-05-23 08:00:00,0.0,14.425,1020.625,74.3,0.6,1355,102062.5,287.575,0.0074361918671667585,0.19999999999999998,249.23
2014-05-23 09:00:00,0.0,13.0,1021.05,78.5,0.8,514,102105.0,286.15,0.007158165489407371,0.26666666666666666,249.287
2014-05-23 10:00:00,0.0,11.9,1021.55,87.1,0.6,187,102155.0,285.04999999999995,0.007385180806347918,0.19999999999999998,269.965
2014-05-23 11:00:00,0.62,10.625,1021.575,93.0,0.8,211,102157.5,283.775,0.007246148212694237,0.26666666666666666,270.026
2014-05-23 12:00:00,0.8200000000000001,10.725,1022.2,96.5,0.7,647,102220.0,283.875,0.0075644669465894585,0.2333333333333333,270.026
2014-05-23 13:00:00,0.05,11.2,1022.175,97.4,0.4,801,102217.5,284.34999999999997,0.007880038632500305,0.13333333333333333,288.248
2014-05-23 14:00:00,0.08,11.85,1021.675,96.2,0.4,1273,102167.5,285.0,0.008128909418354573,0.13333333333333333,288.248
2014-05-23 15:00:00,0.01,12.45,1021.225,93.4,0.5,1231,102122.5,285.59999999999997,0.008213911069851186,0.16666666666666666,288.248
2014-05-23 16:00:00,0.0,12.025,1021.25,90.3,0.4,507,102125.0,285.17499999999995,0.007722135188065516,0.13333333333333333,300.671
2014-05-23 17:00:00,0.0,11.875,1020.95,90.6,0.4,370,102095.0,285.025,0.007673793113101819,0.13333333333333333,300.671
2014-05-23 18:00:00,0.17,11.175,1021.075,92.0,0.4,108,102107.5,284.325,0.00743883015917504,0.13333333333333333,300.547
2014-05-23 19:00:00,0.02,10.7,1021.175,94.7,0.5,15,102117.5,283.84999999999997,0.007418461003434488,0.16666666666666666,300.228
2014-05-23 20:00:00,0.0,10.075,1021.35,95.4,0.6,0,102135.0,283.22499999999997,0.007166704158825532,0.19999999999999998,300.087
2014-05-23 21:00:00,0.0,9.725,1021.95,97.2,0.5,0,102195.0,282.875,0.0071284808698377986,0.16666666666666666,300.006
2014-05-23 22:00:00,0.01,9.375,1021.55,98.1,0.4,0,102155.0,282.525,0.007030014680099182,0.13333333333333333,297.605
2014-05-23 23:00:00,0.0,9.125,1021.75,98.4,0.4,0,102175.0,282.275,0.006932415859615434,0.13333333333333333,297.605
2014-05-24 00:00:00,0.07,8.825,1021.35,98.6,0.5,0,102135.0,281.97499999999997,0.006809921600169632,0.16666666666666666,297.631
2014-05-24 01:00:00,0.0,8.25,1021.125,98.6,0.3,0,102112.5,281.4,0.006551237515847175,0.09999999999999999,253.536
2014-05-24 02:00:00,0.0,8.1,1021.4,98.0,0.3,0,102140.0,281.25,0.006443626829378325,0.09999999999999999,253.536
2014-05-24 03:00:00,0.0,7.65,1021.2,96.3,0.3,0,102120.0,280.79999999999995,0.006141979798270932,0.09999999999999999,253.536
2014-05-24 04:00:00,0.0,6.8500000000000005,1021.475,96.9,0.3,1,102147.5,280.0,0.005849428972687139,0.09999999999999999,245.612
2014-05-24 05:00:00,0.07,6.65,1021.35,97.8,0.2,96,102135.0,279.79999999999995,0.005823902164926066,0.06666666666666667,245.606
2014-05-24 06:00:00,0.04,8.325,1021.625,98.4,0.1,403,102162.5,281.47499999999997,0.006568096712866004,0.03333333333333333,245.667
2014-05-24 07:00:00,0.0,8.875,1021.8,92.1,0.4,849,102180.0,282.025,0.006379706533258836,0.13333333333333333,279.78
2014-05-24 08:00:00,0.0,10.075,1021.85,84.5,0.6,1504,102185.0,283.22499999999997,0.006344760825297343,0.19999999999999998,279.859
2014-05-24 09:00:00,0.0,12.1,1021.525,76.9,0.7,2836,102152.5,285.25,0.00660700823113582,0.2333333333333333,279.88
2014-05-24 10:00:00,0.0,13.4,1021.425,62.8,0.9,2891,102142.5,286.54999999999995,0.005875911671891558,0.3,305.832
2014-05-24 11:00:00,0.0,14.125,1021.1,61.6,1.0,3033,102110.0,287.275,0.006043714814688516,0.3333333333333333,305.847
2014-05-24 12:00:00,0.0,15.325,1021.325,54.6,1.0,3246,102132.5,288.47499999999997,0.005786935697748169,0.3333333333333333,305.907
2014-05-24 13:00:00,0.0,15.825,1021.025,53.3,0.8,3178,102102.5,288.97499999999997,0.005834864958731795,0.26666666666666666,299.517
2014-05-24 14:00:00,0.0,16.4,1020.6,54.8,1.0,3165,102060.0,289.54999999999995,0.00622596618846798,0.3333333333333333,299.577
2014-05-24 15:00:00,0.0,15.875,1020.475,51.2,1.0,2682,102047.5,289.025,0.005625959685624232,0.3333333333333333,299.577
2014-05-24 16:00:00,0.0,15.2,1020.475,51.6,1.0,1874,102047.5,288.34999999999997,0.005429738339406638,0.3333333333333333,279.626
2014-05-24 17:00:00,0.0,13.7,1020.775,56.4,0.8,1111,102077.5,286.84999999999997,0.005384622749472906,0.26666666666666666,279.626
2014-05-24 18:00:00,0.0,11.85,1020.85,65.9,0.7,255,102085.0,285.0,0.005573056681158647,0.2333333333333333,279.632
2014-05-24 19:00:00,0.0,9.525,1021.075,75.9,0.3,28,102107.5,282.67499999999995,0.005496821924936502,0.09999999999999999,257.18
2014-05-24 20:00:00,0.0,8.1,1021.375,85.9,0.2,0,102137.5,281.25,0.005648174415730806,0.06666666666666667,257.185
2014-05-24 21:00:00,0.0,7.55,1021.15,89.5,0.5,0,102115.0,280.7,0.005669734856075269,0.16666666666666666,257.061
2014-05-24 22:00:00,0.0,7.125,1020.975,88.4,0.3,0,102097.5,280.275,0.005440571603360336,0.09999999999999999,242.22
2014-05-24 23:00:00,0.0,7.125,1020.875,91.0,0.4,0,102087.5,280.275,0.005601137021901012,0.13333333333333333,242.22
2014-05-25 00:00:00,0.0,6.725,1020.925,93.0,0.3,0,102092.5,279.875,0.005569008711246829,0.09999999999999999,242.163
2014-05-25 01:00:00,0.0,5.9,1020.75,95.2,0.4,0,102075.0,279.04999999999995,0.005386461026721934,0.13333333333333333,236.46
2014-05-25 02:00:00,0.0,5.775,1020.45,94.7,0.6,0,102045.0,278.92499999999995,0.005313578421213876,0.19999999999999998,236.46
2014-05-25 03:00:00,0.0,5.7,1020.25,93.9,0.4,0,102025.0,278.84999999999997,0.005242419317638082,0.13333333333333333,236.466
2014-05-25 04:00:00,0.0,5.95,1019.925,93.8,0.5,0,101992.5,279.09999999999997,0.005329940435451885,0.16666666666666666,249.888
2014-05-25 05:00:00,0.0,6.35,1019.7,96.0,0.3,128,101970.0,279.5,0.005608920284568649,0.09999999999999999,249.949
2014-05-25 06:00:00,0.0,8.275,1019.675,95.1,0.2,429,101967.5,281.42499999999995,0.006338421295269126,0.06666666666666667,249.943
2014-05-25 07:00:00,0.0,10.05,1019.825,87.5,0.2,930,101982.5,283.2,0.006572059763341929,0.06666666666666667,279.423
2014-05-25 08:00:00,0.0,11.15,1019.85,73.2,0.8,1722,101985.0,284.29999999999995,0.005916010177498207,0.26666666666666666,279.504
2014-05-25 09:00:00,0.0,12.6,1019.625,63.4,1.0,2149,101962.5,285.75,0.00563961460113221,0.3333333333333333,279.567
2014-05-25 10:00:00,0.0,13.75,1019.525,52.9,1.4,3074,101952.5,286.9,0.005073131138436805,0.4666666666666666,313.545
2014-05-25 11:00:00,0.0,15.125,1019.1,53.9,1.5,3374,101910.0,288.275,0.00565208741451829,0.5,313.545
2014-05-25 12:00:00,0.0,15.65,1019.225,45.0,1.2,2973,101922.5,288.79999999999995,0.004879963036626154,0.39999999999999997,313.566
2014-05-25 13:00:00,0.0,16.35,1019.1,45.2,1.2,3433,101910.0,289.5,0.005126488116054357,0.39999999999999997,318.679
2014-05-25 14:00:00,0.0,16.25,1018.775,47.5,1.3,2802,101877.5,289.4,0.005354823630013942,0.43333333333333335,318.679
2014-05-25 15:00:00,0.0,15.2,1018.525,51.4,1.4,1963,101852.5,288.34999999999997,0.005419047964366465,0.4666666666666666,318.763
2014-05-25 16:00:00,0.0,14.225,1018.6,54.6,1.4,974,101860.0,287.375,0.005404989188643117,0.4666666666666666,352.562
2014-05-25 17:00:00,0.0,12.575,1018.325,57.6,1.6,223,101832.5,285.72499999999997,0.005121820902967412,0.5333333333333333,352.562
2014-05-25 18:00:00,0.0,11.85,1018.55,65.3,1.2,114,101855.0,285.0,0.0055347856565168396,0.39999999999999997,352.567
2014-05-25 19:00:00,0.0,10.9,1018.875,67.5,1.2,2,101887.5,284.04999999999995,0.0053706387290959265,0.39999999999999997,345.346
2014-05-25 20:00:00,0.0,10.0,1019.2,68.9,1.3,0,101920.0,283.15,0.005160898298087755,0.43333333333333335,345.285
2014-05-25 21:00:00,0.79,8.875,1019.375,77.3,0.9,0,101937.5,282.025,0.005367258164468034,0.3,345.291
2014-05-25 22:00:00,2.82,8.174999999999999,1019.625,92.9,0.9,0,101962.5,281.325,0.006150191619138345,0.3,338.913
2014-05-25 23:00:00,0.06,7.2,1019.625,97.9,1.0,0,101962.5,280.34999999999997,0.006064291801719692,0.3333333333333333,338.919
2014-05-26 00:00:00,0.06,6.55,1019.65,98.1,1.2,0,101965.0,279.7,0.005811393713543084,0.39999999999999997,338.919
2014-05-26 01:00:00,0.02,6.2,1019.725,98.2,1.0,0,101972.5,279.34999999999997,0.005678270994767343,0.3333333333333333,335.207
2014-05-26 02:00:00,0.06,5.85,1019.725,98.5,0.8,0,101972.5,279.0,0.005559512758668849,0.26666666666666666,335.207
2014-05-26 03:00:00,0.0,5.6,1019.625,99.1,0.9,0,101962.5,278.75,0.005497885954936086,0.3,335.212
2014-05-26 04:00:00,0.91,5.574999999999999,1019.9,99.2,0.7,0,101990.0,278.72499999999997,0.0054924194405055055,0.2333333333333333,312.951
2014-05-26 05:00:00,1.44,5.55,1020.175,99.5,0.6,0,102017.5,278.7,0.005498002536084397,0.19999999999999998,313.0
2014-05-26 06:00:00,0.45,5.574999999999999,1020.425,99.9,0.4,54,102042.5,278.72499999999997,0.005528330689205432,0.13333333333333333,313.022
2014-05-26 07:00:00,0.1,5.675,1021.025,100.0,0.5,255,102102.5,278.825,0.005569087766768513,0.16666666666666666,314.019
2014-05-26 08:00:00,0.0,6.6,1021.325,100.0,0.5,912,102132.5,279.75,0.00593461360991022,0.16666666666666666,313.992
2014-05-26 09:00:00,0.07,7.75,1021.725,99.1,0.8,1565,102172.5,280.9,0.006360537605418716,0.26666666666666666,314.062
2014-05-26 10:00:00,0.0,8.8,1021.625,93.1,0.8,2044,102162.5,281.95,0.006417474500059866,0.26666666666666666,327.29
2014-05-26 11:00:00,0.0,10.7,1021.55,84.3,0.8,3657,102155.0,283.84999999999997,0.006601337842667502,0.26666666666666666,327.35
2014-05-26 12:00:00,0.0,11.675,1021.625,70.7,1.1,3477,102162.5,284.825,0.005905807205901021,0.3666666666666667,327.365
2014-05-26 13:00:00,0.0,12.1,1021.9,60.2,1.4,3203,102190.0,285.25,0.005170298293323209,0.4666666666666666,339.536
2014-05-26 14:00:00,0.0,13.55,1021.375,53.8,1.2,3432,102137.5,286.7,0.005083509952440274,0.39999999999999997,339.536
2014-05-26 15:00:00,0.0,12.675,1021.2,50.0,1.6,2015,102120.0,285.825,0.004462682674103322,0.5333333333333333,339.536
2014-05-26 16:00:00,0.0,11.2,1021.15,61.0,1.0,783,102115.0,284.34999999999997,0.004940090875113886,0.3333333333333333,302.003
2014-05-26 17:00:00,0.0,10.35,1020.85,69.0,0.5,327,102085.0,283.5,0.005282212937779571,0.16666666666666666,302.003
2014-05-26 18:00:00,0.0,9.125,1021.15,75.0,0.5,106,102115.0,282.275,0.005286958200344773,0.16666666666666666,302.003
2014-05-26 19:00:00,0.0,8.25,1020.775,79.3,0.7,12,102077.5,281.4,0.005270702474387671,0.2333333333333333,281.799
2014-05-26 20:00:00,0.0,6.775,1020.975,82.4,0.6,0,102097.5,279.92499999999995,0.004950998536228263,0.19999999999999998,281.738
2014-05-26 21:00:00,0.0,5.45,1020.95,90.4,0.4,0,102095.0,278.59999999999997,0.004956859875930301,0.13333333333333333,281.724
2014-05-26 22:00:00,0.0,4.75,1021.1,94.8,0.3,0,102110.0,277.9,0.00495014401073441,0.09999999999999999,277.528
2014-05-26 23:00:00,0.0,4.175,1020.525,96.8,0.3,0,102052.5,277.325,0.0048579665444711765,0.09999999999999999,277.464
2014-05-27 00:00:00,0.0,4.2,1020.0,98.1,0.2,0,102000.0,277.34999999999997,0.004934385934715387,0.06666666666666667,277.464
2014-05-27 01:00:00,0.0,4.8,1020.05,98.7,0.1,0,102005.0,277.95,0.005177131568948233,0.03333333333333333,296.246
2014-05-27 02:00:00,0.0,4.85,1020.275,98.6,0.1,0,102027.5,278.0,0.0051888164243474155,0.03333333333333333,296.246
2014-05-27 03:00:00,0.0,4.575,1019.65,98.7,0.1,0,101965.0,277.72499999999997,0.005098400059272674,0.03333333333333333,296.246
2014-05-27 04:00:00,0.0,4.425,1019.725,99.2,0.1,0,101972.5,277.575,0.005070364548120583,0.03333333333333333,289.189
2014-05-27 05:00:00,0.0,4.375,1019.525,99.6,0.1,13,101952.5,277.525,0.005074014598987927,0.03333333333333333,289.252
2014-05-27 06:00:00,0.0,4.45,1019.825,99.9,0.2,194,101982.5,277.59999999999997,0.005114584371473995,0.06666666666666667,289.313
2014-05-27 07:00:00,0.0,4.5,1020.15,100.0,0.2,170,102015.0,277.65,0.005136010298250622,0.06666666666666667,315.417
2014-05-27 08:00:00,0.0,5.3,1019.9,100.0,0.3,920,101990.0,278.45,0.00543200024431954,0.09999999999999999,315.437
2014-05-27 09:00:00,0.0,6.175,1019.775,98.2,0.5,837,101977.5,279.325,0.005668204402418452,0.16666666666666666,315.492
2014-05-27 10:00:00,0.02,7.525,1020.05,91.1,0.7,1732,102005.0,280.67499999999995,0.0057674639981717445,0.2333333333333333,353.675
2014-05-27 11:00:00,0.0,8.625,1020.125,81.7,1.0,2276,102012.5,281.775,0.0055735758947925065,0.3333333333333333,353.675
2014-05-27 12:00:00,0.0,9.325,1020.35,75.1,1.2,3475,102035.0,282.47499999999997,0.005370024143725872,0.39999999999999997,353.675
2014-05-27 13:00:00,0.0,10.325,1020.1,68.3,1.7,3576,102010.0,283.47499999999997,0.005223741602079114,0.5666666666666667,343.207
2014-05-27 14:00:00,0.0,10.65,1019.875,60.2,1.4,3207,101987.5,283.79999999999995,0.004706167411420288,0.4666666666666666,343.227
2014-05-27 15:00:00,0.0,10.425,1019.875,56.9,1.3,2591,101987.5,283.575,0.004381958519053127,0.43333333333333335,343.227
2014-05-27 16:00:00,0.0,8.45,1019.775,55.5,1.1,1062,101977.5,281.59999999999997,0.0037428808784300198,0.3666666666666667,339.984
2014-05-27 17:00:00,0.0,8.15,1019.65,59.3,1.0,767,101965.0,281.29999999999995,0.003919037101786974,0.3333333333333333,339.984
2014-05-27 18:00:00,0.0,7.05,1019.5,64.3,0.7,186,101950.0,280.2,0.003942750359936524,0.2333333333333333,339.99
2014-05-27 19:00:00,0.0,5.55,1019.3,73.5,0.6,0,101930.0,278.7,0.004064824940831575,0.19999999999999998,324.139
2014-05-27 20:00:00,0.0,4.375,1019.975,90.3,0.6,0,101997.5,277.525,0.004598206561712866,0.19999999999999998,324.075
2014-05-27 21:00:00,0.0,3.875,1019.8,94.6,0.5,0,101980.0,277.025,0.0046518887316339755,0.16666666666666666,324.06
2014-05-27 22:00:00,0.0,3.425,1019.85,95.9,0.4,0,101985.0,276.575,0.004568455290635983,0.13333333333333333,283.011
2014-05-27 23:00:00,0.0,3.1,1019.625,95.2,0.4,0,101962.5,276.25,0.004433126289029122,0.13333333333333333,282.953
2014-05-28 00:00:00,0.0,2.575,1019.425,95.3,0.9,0,101942.5,275.72499999999997,0.00427646238094904,0.3,282.926
2014-05-28 01:00:00,0.26,2.4,1019.45,96.4,0.4,0,101945.0,275.54999999999995,0.004272223193606747,0.13333333333333333,260.641
2014-05-28 02:00:00,0.07,2.2,1019.55,97.0,0.2,0,101955.0,275.34999999999997,0.004237604037630434,0.06666666666666667,260.694
2014-05-28 03:00:00,0.0,1.825,1019.625,96.9,0.2,0,101962.5,274.97499999999997,0.004121119151589052,0.06666666666666667,260.63
2014-05-28 04:00:00,0.0,1.15,1019.775,97.5,0.3,0,101977.5,274.29999999999995,0.003950179009743182,0.09999999999999999,319.281
2014-05-28 05:00:00,0.0,1.575,1019.8,98.8,0.1,0,101980.0,274.72499999999997,0.0041267089726602195,0.03333333333333333,319.296
2014-05-28 06:00:00,0.0,1.8,1019.975,99.1,0.3,117,101997.5,274.95,0.0042057137766739845,0.09999999999999999,319.356
2014-05-28 07:00:00,0.0,1.925,1020.35,99.5,0.4,439,102035.0,275.075,0.004259016619607687,0.13333333333333333,335.519
2014-05-28 08:00:00,0.81,2.875,1020.75,98.9,0.7,878,102075.0,276.025,0.004527624790548763,0.2333333333333333,335.519
2014-05-28 09:00:00,0.6900000000000001,2.225,1021.075,95.3,0.6,791,102107.5,275.375,0.004164531816094897,0.19999999999999998,335.519
2014-05-28 10:00:00,0.91,3.025,1021.4,97.3,0.7,1044,102140.0,276.17499999999995,0.00449909661331176,0.2333333333333333,331.316
2014-05-28 11:00:00,0.45,3.7,1021.4,96.7,0.7,1172,102140.0,276.84999999999997,0.004689605122966096,0.2333333333333333,331.252
2014-05-28 12:00:00,5.25,3.15,1021.9,96.3,0.7,354,102190.0,276.29999999999995,0.0044902198429810245,0.2333333333333333,331.252
2014-05-28 13:00:00,0.2,2.875,1022.025,96.6,0.6,1219,102202.5,276.025,0.004416814229570712,0.19999999999999998,335.782
2014-05-28 14:00:00,0.76,4.075,1022.225,96.7,0.5,949,102222.5,277.22499999999997,0.004811000218859658,0.16666666666666666,335.76
2014-05-28 15:00:00,3.0700000000000003,3.65,1022.4,96.3,0.7,295,102240.0,276.79999999999995,0.004649238690578707,0.2333333333333333,335.685
2014-05-28 16:00:00,0.8200000000000001,3.775,1022.475,98.4,0.6,468,102247.5,276.92499999999995,0.004792264527974967,0.19999999999999998,320.938
2014-05-28 17:00:00,1.26,3.925,1022.525,98.7,0.6,342,102252.5,277.075,0.0048576126945902515,0.19999999999999998,320.877
2014-05-28 18:00:00,0.8,3.3,1022.9,98.4,0.5,112,102290.0,276.45,0.004632507822462992,0.16666666666666666,320.883
2014-05-28 19:00:00,0.22,3.075,1023.05,98.9,0.4,15,102305.0,276.22499999999997,0.0045818913384192625,0.13333333333333333,294.342
2014-05-28 20:00:00,0.3799999999999999,2.975,1022.95,99.4,0.2,0,102295.0,276.125,0.0045730154175754,0.06666666666666667,294.328
2014-05-28 21:00:00,0.06,2.65,1023.175,99.7,0.1,0,102317.5,275.79999999999995,0.004481320538582259,0.03333333333333333,294.267
2014-05-28 22:00:00,0.16,2.825,1023.35,100.0,0.2,0,102335.0,275.97499999999997,0.004550192963798687,0.06666666666666667,315.768
2014-05-28 23:00:00,0.07,2.225,1023.25,100.0,0.2,0,102325.0,275.375,0.0043606293488758835,0.06666666666666667,315.788
2014-05-29 00:00:00,0.02,1.225,1023.175,99.9,0.4,0,102317.5,274.375,0.004055765659821121,0.13333333333333333,315.788
2014-05-29 01:00:00,0.05,0.95,1022.925,100.0,0.3,0,102292.5,274.09999999999997,0.003981288700839769,0.09999999999999999,318.581
2014-05-29 02:00:00,0.0,0.775,1022.925,100.0,0.4,0,102292.5,273.92499999999995,0.003931401068963154,0.13333333333333333,318.581
2014-05-29 03:00:00,0.0,0.025,1022.675,100.0,0.4,0,102267.5,273.17499999999995,0.003724726720466026,0.13333333333333333,318.581
2014-05-29 04:00:00,0.01,-0.225,1022.375,100.0,0.5,0,102237.5,272.92499999999995,0.0036587819019759087,0.16666666666666666,316.718
2014-05-29 05:00:00,0.0,0.55,1022.275,100.0,0.4,0,102227.5,273.7,0.0038705339489139828,0.13333333333333333,316.321
2014-05-29 06:00:00,0.05,4.05,1021.95,100.0,0.3,180,102195.0,277.2,0.00496779327781327,0.09999999999999999,316.341
2014-05-29 07:00:00,0.0,5.1,1022.25,88.0,0.4,1483,102225.0,278.25,0.004703278335566083,0.13333333333333333,321.682
2014-05-29 08:00:00,0.01,6.55,1022.425,79.4,0.9,2508,102242.5,279.7,0.004690849049924236,0.3,321.649
2014-05-29 09:00:00,0.0,7.975,1022.3,76.5,0.7,2911,102230.0,281.125,0.00498300761023388,0.2333333333333333,321.709
2014-05-29 10:00:00,0.0,10.075,1021.9,73.4,0.8,3536,102190.0,283.22499999999997,0.0055110373766099775,0.26666666666666666,326.46
2014-05-29 11:00:00,0.0,11.325,1021.75,61.8,0.8,3434,102175.0,284.47499999999997,0.005043561059344801,0.26666666666666666,326.46
2014-05-29 12:00:00,0.0,12.1,1021.5,61.1,1.0,2902,102150.0,285.25,0.005249649970247012,0.3333333333333333,326.46
2014-05-29 13:00:00,0.0,13.65,1021.375,58.7,0.8,3473,102137.5,286.79999999999995,0.0055827276023256165,0.26666666666666666,327.406
2014-05-29 14:00:00,0.0,14.725,1020.775,51.8,1.0,3056,102077.5,287.875,0.005284994689866432,0.3333333333333333,327.47
2014-05-29 15:00:00,0.0,15.375,1020.3,49.7,0.9,2755,102030.0,288.525,0.005289844410871663,0.3,327.437
2014-05-29 16:00:00,0.0,14.9,1019.925,48.3,0.8,2160,101992.5,288.04999999999995,0.004987977839859385,0.26666666666666666,302.841
2014-05-29 17:00:00,0.0,13.6,1019.55,56.1,1.2,1351,101955.0,286.75,0.005327637905635791,0.39999999999999997,302.703
2014-05-29 18:00:00,0.0,11.275,1019.45,67.5,0.6,288,101945.0,284.42499999999995,0.0055029072988013695,0.19999999999999998,302.643
2014-05-29 19:00:00,0.0,9.25,1019.325,80.5,0.3,0,101932.5,282.4,0.005732915184622694,0.09999999999999999,311.765
2014-05-29 20:00:00,0.0,7.65,1019.4,90.4,0.1,0,101940.0,280.79999999999995,0.00577586061158573,0.03333333333333333,311.765
2014-05-29 21:00:00,0.0,6.95,1019.625,95.6,0.3,0,101962.5,280.09999999999997,0.005821234485418068,0.09999999999999999,311.765
2014-05-29 22:00:00,0.0,6.925,1019.525,96.8,0.4,0,101952.5,280.075,0.005884781162495147,0.13333333333333333,314.273
2014-05-29 23:00:00,0.0,6.7,1019.2,91.4,0.6,0,101920.0,279.84999999999997,0.005473049691302427,0.19999999999999998,314.273
2014-05-30 00:00:00,0.0,6.475,1018.75,83.4,0.5,0,101875.0,279.625,0.0049194746900313845,0.16666666666666666,314.273
2014-05-30 01:00:00,0.0,5.65,1018.425,76.5,0.3,0,101842.5,278.79999999999995,0.004263834532112144,0.09999999999999999,311.818
2014-05-30 02:00:00,0.0,6.8,1018.025,78.4,0.5,0,101802.5,279.95,0.0047324283067494794,0.16666666666666666,311.818
2014-05-30 03:00:00,0.0,6.6,1017.325,69.2,0.6,0,101732.5,279.75,0.00412289987726435,0.19999999999999998,311.818
2014-05-30 04:00:00,0.0,6.125,1016.925,70.7,0.6,0,101692.5,279.275,0.004078211823159324,0.19999999999999998,309.986
2014-05-30 05:00:00,0.0,6.875,1017.1,71.1,0.7,55,101710.0,280.025,0.004317861088189635,0.2333333333333333,309.474
2014-05-30 06:00:00,0.0,12.275,1016.95,68.2,0.4,260,101695.0,285.42499999999995,0.00595407398652814,0.13333333333333333,309.474
2014-05-30 07:00:00,0.0,14.725,1016.875,45.2,0.2,1539,101687.5,287.875,0.004629303828883499,0.06666666666666667,305.198
2014-05-30 08:00:00,0.0,16.05,1016.875,41.4,0.5,2495,101687.5,289.2,0.004616568135552177,0.16666666666666666,305.198
2014-05-30 09:00:00,0.0,17.425,1016.75,29.5,1.0,3104,101675.0,290.575,0.0035903212265251732,0.3333333333333333,305.208
2014-05-30 10:00:00,0.0,18.55,1016.525,29.7,0.8,3503,101652.5,291.7,0.0038806878886988817,0.26666666666666666,305.645
2014-05-30 11:00:00,0.0,19.8,1016.3,26.4,1.2,3807,101630.0,292.95,0.0037299683644730947,0.39999999999999997,305.709
2014-05-30 12:00:00,0.0,20.525,1016.125,27.8,0.9,3816,101612.5,293.67499999999995,0.0041087391140811275,0.3,305.709
2014-05-30 13:00:00,0.0,19.575,1015.875,35.7,1.1,3652,101587.5,292.72499999999997,0.004976010923146846,0.3666666666666667,305.27
2014-05-30 14:00:00,0.0,19.175,1016.25,45.6,1.4,3313,101625.0,292.325,0.00619728254242545,0.4666666666666666,305.331
2014-05-30 15:00:00,0.0,18.275,1015.925,47.1,1.2,2809,101592.5,291.42499999999995,0.006052552742917267,0.39999999999999997,305.331
2014-05-30 16:00:00,0.0,17.075,1015.9,47.8,1.4,2139,101590.0,290.22499999999997,0.005694861907595535,0.4666666666666666,262.262
2014-05-30 17:00:00,0.0,15.325,1016.45,52.6,1.6,1352,101645.0,288.47499999999997,0.005601698119758531,0.5333333333333333,262.144
2014-05-30 18:00:00,0.0,13.225,1016.8,56.2,1.1,300,101680.0,286.375,0.0052223341715619985,0.3666666666666667,262.144
2014-05-30 19:00:00,0.0,11.5,1017.525,75.0,0.6,14,101752.5,284.65,0.006217875688498584,0.19999999999999998,277.863
2014-05-30 20:00:00,0.0,9.6,1017.9,83.4,0.3,0,101790.0,282.75,0.006089433122876067,0.09999999999999999,277.739
2014-05-30 21:00:00,0.0,8.6,1018.05,89.4,0.3,0,101805.0,281.75,0.006100967221076522,0.09999999999999999,277.66
2014-05-30 22:00:00,0.0,7.95,1018.15,91.4,0.4,0,101815.0,281.09999999999997,0.005967660788973956,0.13333333333333333,277.881
2014-05-30 23:00:00,0.0,8.175,1017.95,91.3,0.4,0,101795.0,281.325,0.006054213599350403,0.13333333333333333,277.875
2014-05-31 00:00:00,0.0,7.825,1017.975,89.9,0.2,0,101797.5,280.97499999999997,0.005820981091636785,0.06666666666666667,277.875
2014-05-31 01:00:00,0.0,7.35,1017.875,93.4,0.2,0,101787.5,280.5,0.005855275074618835,0.06666666666666667,270.827
2014-05-31 02:00:00,0.0,6.675,1018.025,94.4,0.3,0,101802.5,279.825,0.005649497690665121,0.09999999999999999,270.827
2014-05-31 03:00:00,0.0,6.325,1017.9,96.7,0.2,0,101790.0,279.47499999999997,0.005650064362621034,0.06666666666666667,270.853
2014-05-31 04:00:00,0.0,6.15,1018.15,97.7,0.2,0,101815.0,279.29999999999995,0.005638605441677821,0.06666666666666667,299.28
2014-05-31 05:00:00,0.0,6.6,1018.3,98.4,0.3,118,101830.0,279.75,0.005857007303564068,0.09999999999999999,299.28
2014-05-31 06:00:00,0.0,8.9,1018.575,98.6,0.1,279,101857.5,282.04999999999995,0.006863161898718397,0.03333333333333333,299.274
2014-05-31 07:00:00,0.0,9.05,1018.925,93.1,0.4,998,101892.5,282.2,0.0065440255392354854,0.13333333333333333,305.28
2014-05-31 08:00:00,0.0,11.7,1018.85,89.8,0.5,2620,101885.0,284.84999999999997,0.007534159616734677,0.16666666666666666,305.28
2014-05-31 09:00:00,0.0,12.675,1019.15,77.6,1.0,3408,101915.0,285.825,0.006940015189741228,0.3333333333333333,305.301
2014-05-31 10:00:00,0.0,13.025,1019.3,73.5,1.2,2357,101930.0,286.17499999999995,0.0067247226444007895,0.39999999999999997,296.975
2014-05-31 11:00:00,0.0,13.25,1019.175,73.3,0.9,2259,101917.5,286.4,0.006806562295584049,0.3,296.97
2014-05-31 12:00:00,0.0,15.125,1019.1,69.0,1.1,3472,101910.0,288.275,0.007235510790385195,0.3666666666666667,297.03
2014-05-31 13:00:00,0.0,15.625,1018.775,59.4,1.1,2534,101877.5,288.775,0.006434081955848078,0.3666666666666667,290.199
2014-05-31 14:00:00,0.0,15.8,1019.3,56.5,1.2,2872,101930.0,288.95,0.006185740186735121,0.39999999999999997,290.199
2014-05-31 15:00:00,0.0,16.05,1018.925,51.9,1.3,2795,101892.5,289.2,0.005775792980533648,0.43333333333333335,290.22
2014-05-31 16:00:00,0.0,15.5,1018.975,52.4,1.3,2144,101897.5,288.65,0.005629448469314878,0.43333333333333335,295.489
2014-05-31 17:00:00,0.0,14.1,1019.275,53.8,0.9,1348,101927.5,287.25,0.005279326309790021,0.3,295.489
2014-05-31 18:00:00,0.0,12.05,1019.525,61.3,1.2,294,101952.5,285.2,0.005259684780144043,0.39999999999999997,295.489
2014-05-31 19:00:00,0.0,10.5,1019.925,69.9,0.6,13,101992.5,283.65,0.005409844615790442,0.19999999999999998,257.636
2014-05-31 20:00:00,0.0,8.924999999999999,1020.0,73.8,0.4,0,102000.0,282.075,0.005138421876395434,0.13333333333333333,257.642
2014-05-31 21:00:00,0.0,7.6,1020.125,81.3,0.2,0,102012.5,280.75,0.005173072072580767,0.06666666666666667,257.498
2014-05-31 22:00:00,0.0,7.025,1020.025,87.9,0.4,0,102002.5,280.17499999999995,0.005377858287567863,0.13333333333333333,276.1
2014-05-31 23:00:00,0.0,6.6,1019.9,91.7,0.4,0,101990.0,279.75,0.0054496442766887,0.13333333333333333,276.1
2014-06-01 00:00:00,0.0,6.5,1019.5,92.9,0.5,0,101950.0,279.65,0.005485248486421053,0.16666666666666666,276.1
